city,area,crime_type,crime_count,population,weather,past_crime_count,unemployment_rate,police_stations,latitude,longitude,crime_level,date
Nagpur,Shankar Nagar,Burglary,180,129410,Sunny,96,7.42,2,21.127,79.06,High,03-10-2024
Mumbai,Colaba,Fraud,239,106571,Foggy,51,11.6,2,18.9067,72.8147,High,24-05-2025
Pune,Kothrud,Burglary,68,137651,Rainy,219,2.55,1,18.5074,73.8077,Low,09-06-2026
Nashik,CIDCO,Cyber Crime,205,153536,Sunny,193,9.56,9,19.9667,73.7667,High,25-11-2025
Nashik,Gangapur Road,Fraud,31,70161,Foggy,142,7.47,11,20.011,73.75,Low,22-04-2026
Nashik,Nashik Road,Assault,107,28919,Foggy,167,7.05,8,19.9975,73.7898,Medium,07-04-2025
Nagpur,Lakadganj,Fraud,207,33475,Rainy,83,7.39,8,21.1505,79.1155,High,28-01-2025
Mumbai,Borivali,Cyber Crime,152,102416,Sunny,175,6.95,2,19.2307,72.8567,High,12-01-2026
Nashik,Gangapur Road,Fraud,119,56361,Foggy,19,6.39,8,20.011,73.75,Medium,22-03-2026
Pune,Baner,Fraud,125,81471,Sunny,47,3.07,4,18.559,73.7868,Medium,27-08-2025
Nagpur,Sitabuldi,Cyber Crime,183,171102,Foggy,86,13.33,7,21.1458,79.0882,High,01-12-2025
Chhatrapati Sambhajinagar,CIDCO,Burglary,80,31054,Sunny,43,14.29,7,19.889,75.32,Medium,13-04-2026
Mumbai,Bandra,Theft,250,105637,Cloudy,116,12.24,7,19.0596,72.8295,High,12-10-2025
Mumbai,Dadar,Assault,26,25343,Cloudy,106,7.53,10,19.0178,72.8478,Low,12-11-2024
Mumbai,Borivali,Assault,161,141730,Foggy,105,6.99,12,19.2307,72.8567,High,20-08-2024
Pune,Hadapsar,Robbery,110,83695,Cloudy,137,8.18,1,18.5089,73.9259,Medium,07-06-2024
Mumbai,Borivali,Robbery,75,101068,Sunny,27,7.57,11,19.2307,72.8567,Low,08-04-2025
Pune,Shivaji Nagar,Cyber Crime,112,194820,Rainy,207,12.77,4,18.5308,73.8475,Medium,24-12-2025
Mumbai,Bandra,Cyber Crime,237,118808,Foggy,106,9.64,6,19.0596,72.8295,High,08-08-2025
Nashik,Nashik Road,Assault,42,179827,Sunny,92,3.59,5,19.9975,73.7898,Low,27-03-2026
Chhatrapati Sambhajinagar,Aurangpura,Burglary,141,104291,Foggy,7,9.54,7,19.8762,75.3433,Medium,28-12-2024
Nagpur,Jaripatka,Cyber Crime,205,123843,Rainy,174,2.49,12,21.1801,79.0955,High,28-05-2024
Mumbai,Bandra,Cyber Crime,188,183219,Sunny,158,5.88,3,19.0596,72.8295,High,18-01-2026
Nashik,Nashik Road,Assault,89,191270,Rainy,16,11.54,5,19.9975,73.7898,Medium,12-08-2024
Nagpur,Shankar Nagar,Fraud,23,142056,Sunny,206,4.14,1,21.127,79.06,Low,16-01-2025
Nagpur,Sadar,Assault,69,136655,Foggy,192,9.71,8,21.1642,79.0821,Low,22-08-2025
Mumbai,Borivali,Fraud,187,130423,Sunny,190,5,9,19.2307,72.8567,High,09-08-2024
Pune,Hinjewadi,Burglary,169,130361,Cloudy,67,3.49,5,18.5912,73.7389,High,16-05-2026
Chhatrapati Sambhajinagar,CIDCO,Robbery,232,86477,Cloudy,97,6.3,10,19.889,75.32,High,24-08-2024
Mumbai,Dadar,Cyber Crime,247,86117,Rainy,33,12.76,11,19.0178,72.8478,High,19-10-2024
Nagpur,Sitabuldi,Robbery,192,129872,Cloudy,164,13.71,5,21.1458,79.0882,High,17-03-2026
Nagpur,Dharampeth,Fraud,172,56963,Rainy,115,8.53,10,21.129,79.0588,High,13-02-2025
Pune,Baner,Robbery,68,198493,Cloudy,123,10.19,12,18.559,73.7868,Low,11-12-2024
Mumbai,Borivali,Fraud,105,162915,Cloudy,73,2.19,9,19.2307,72.8567,Medium,08-03-2024
Mumbai,Andheri,Burglary,190,166659,Cloudy,79,14.3,11,19.1136,72.8697,High,20-12-2025
Pune,Shivaji Nagar,Theft,138,176078,Sunny,102,10,11,18.5308,73.8475,Medium,11-12-2024
Chhatrapati Sambhajinagar,Aurangpura,Assault,149,72155,Rainy,43,4.6,5,19.8762,75.3433,Medium,25-12-2025
Nashik,Nashik Road,Burglary,209,190590,Foggy,171,6.14,1,19.9975,73.7898,High,24-05-2024
Mumbai,Andheri,Assault,85,65440,Foggy,47,7,7,19.1136,72.8697,Medium,22-08-2025
Nagpur,Lakadganj,Assault,191,180167,Sunny,99,7.48,5,21.1505,79.1155,High,22-01-2024
Pune,Shivaji Nagar,Assault,110,111970,Foggy,169,7.34,11,18.5308,73.8475,Medium,14-06-2024
Nashik,Nashik Road,Theft,11,90354,Cloudy,175,14.75,2,19.9975,73.7898,Low,21-04-2025
Pune,Wakad,Cyber Crime,145,151366,Rainy,178,10.84,1,18.5975,73.7637,Medium,23-11-2024
Chhatrapati Sambhajinagar,Aurangpura,Assault,230,51910,Rainy,39,12.5,7,19.8762,75.3433,High,22-05-2024
Mumbai,Dadar,Fraud,192,136211,Sunny,7,3.49,4,19.0178,72.8478,High,19-10-2025
Nashik,CIDCO,Theft,223,194873,Cloudy,206,12.69,6,19.9667,73.7667,High,29-07-2025
Pune,Kothrud,Fraud,92,199050,Cloudy,211,4.22,7,18.5074,73.8077,Medium,17-09-2025
Pune,Shivaji Nagar,Burglary,45,93565,Cloudy,25,8.56,9,18.5308,73.8475,Low,25-03-2024
Chhatrapati Sambhajinagar,Aurangpura,Cyber Crime,58,155206,Rainy,14,8.92,4,19.8762,75.3433,Low,21-03-2026
Nagpur,Shankar Nagar,Burglary,231,133795,Sunny,139,12.04,7,21.127,79.06,High,05-08-2025
Chhatrapati Sambhajinagar,CIDCO,Cyber Crime,250,168141,Foggy,175,6.73,9,19.889,75.32,High,17-01-2025
Nashik,CIDCO,Robbery,197,96474,Sunny,168,11.91,9,19.9667,73.7667,High,09-01-2024
Pune,Hadapsar,Burglary,28,180385,Sunny,187,13.75,12,18.5089,73.9259,Low,18-04-2025
Mumbai,Borivali,Burglary,201,44192,Rainy,103,10.07,8,19.2307,72.8567,High,10-05-2026
Nagpur,Sadar,Burglary,186,189089,Cloudy,103,2.18,5,21.1642,79.0821,High,14-10-2025
Pune,Shivaji Nagar,Robbery,157,105715,Cloudy,45,13.72,3,18.5308,73.8475,High,28-01-2026
Mumbai,Powai,Cyber Crime,91,195061,Rainy,187,8.57,9,19.1176,72.906,Medium,02-01-2024
Chhatrapati Sambhajinagar,Aurangpura,Fraud,126,156049,Sunny,160,11.88,5,19.8762,75.3433,Medium,27-04-2024
Pune,Shivaji Nagar,Assault,134,77424,Sunny,174,3.66,11,18.5308,73.8475,Medium,18-05-2024
Nashik,Nashik Road,Robbery,112,77385,Cloudy,99,11.48,8,19.9975,73.7898,Medium,15-10-2024
Nagpur,Sitabuldi,Fraud,78,183683,Cloudy,97,7.23,1,21.1458,79.0882,Medium,06-03-2026
Nagpur,Dharampeth,Assault,90,100718,Sunny,21,6.54,5,21.129,79.0588,Medium,09-01-2025
Nashik,Gangapur Road,Fraud,160,178450,Cloudy,110,11.7,5,20.011,73.75,High,16-08-2024
Chhatrapati Sambhajinagar,Osmanpura,Cyber Crime,126,103743,Foggy,54,7.47,4,19.87,75.33,Medium,14-03-2025
Nagpur,Lakadganj,Theft,148,139392,Cloudy,57,14.82,2,21.1505,79.1155,Medium,22-02-2026
Pune,Hadapsar,Theft,105,152900,Rainy,208,13.3,11,18.5089,73.9259,Medium,31-08-2025
Mumbai,Bandra,Burglary,166,144495,Foggy,28,2.33,8,19.0596,72.8295,High,21-06-2025
Nashik,Gangapur Road,Robbery,16,147558,Cloudy,206,9.64,1,20.011,73.75,Low,24-08-2024
Nashik,Gangapur Road,Theft,218,120693,Foggy,175,13.65,5,20.011,73.75,High,29-12-2024
Chhatrapati Sambhajinagar,Aurangpura,Theft,193,143605,Cloudy,132,10.9,12,19.8762,75.3433,High,16-08-2024
Nashik,CIDCO,Burglary,218,83403,Sunny,68,7.58,1,19.9667,73.7667,High,04-09-2024
Mumbai,Bandra,Robbery,23,193140,Sunny,198,11.15,10,19.0596,72.8295,Low,20-01-2024
Nagpur,Civil Lines,Assault,97,137061,Sunny,217,12.76,1,21.153,79.072,Medium,13-01-2026
Nashik,Nashik Road,Burglary,161,53169,Rainy,48,11.33,5,19.9975,73.7898,High,17-08-2025
Chhatrapati Sambhajinagar,CIDCO,Fraud,248,75459,Rainy,112,13.4,11,19.889,75.32,High,25-04-2026
Nagpur,Civil Lines,Theft,57,40183,Cloudy,75,13.9,6,21.153,79.072,Low,18-12-2025
Nashik,Nashik Road,Fraud,136,81200,Rainy,87,8.83,3,19.9975,73.7898,Medium,07-04-2024
Nagpur,Dharampeth,Theft,184,164944,Rainy,216,9.5,2,21.129,79.0588,High,13-01-2025
Chhatrapati Sambhajinagar,CIDCO,Cyber Crime,53,37103,Foggy,63,3.25,2,19.889,75.32,Low,06-05-2024
Nashik,Nashik Road,Fraud,131,105734,Foggy,199,7.6,4,19.9975,73.7898,Medium,26-01-2026
Mumbai,Colaba,Assault,130,61683,Sunny,108,4.29,9,18.9067,72.8147,Medium,04-05-2024
Pune,Shivaji Nagar,Robbery,236,189982,Sunny,217,8.38,9,18.5308,73.8475,High,10-07-2024
Nagpur,Sitabuldi,Fraud,69,117045,Sunny,167,5.47,3,21.1458,79.0882,Low,01-09-2024
Chhatrapati Sambhajinagar,Osmanpura,Theft,197,185446,Foggy,61,13.7,1,19.87,75.33,High,11-05-2025
Chhatrapati Sambhajinagar,CIDCO,Fraud,99,138622,Sunny,197,8.3,2,19.889,75.32,Medium,28-05-2025
Nagpur,Civil Lines,Assault,220,67296,Foggy,142,8.91,5,21.153,79.072,High,05-10-2024
Mumbai,Powai,Theft,219,77141,Cloudy,129,4.64,3,19.1176,72.906,High,31-07-2025
Mumbai,Colaba,Burglary,96,70313,Foggy,58,13.62,2,18.9067,72.8147,Medium,16-06-2024
Pune,Shivaji Nagar,Cyber Crime,18,139355,Foggy,147,11.46,11,18.5308,73.8475,Low,16-04-2025
Nashik,Gangapur Road,Robbery,36,37168,Foggy,11,10.57,6,20.011,73.75,Low,18-04-2026
Nashik,CIDCO,Fraud,160,164409,Foggy,10,11.72,4,19.9667,73.7667,High,09-04-2024
Chhatrapati Sambhajinagar,CIDCO,Assault,136,79202,Cloudy,193,2.68,10,19.889,75.32,Medium,08-02-2025
Nashik,Gangapur Road,Theft,95,55830,Cloudy,154,7.46,6,20.011,73.75,Medium,16-07-2025
Nashik,Gangapur Road,Fraud,151,88914,Sunny,10,3.68,9,20.011,73.75,High,24-01-2024
Nagpur,Civil Lines,Theft,40,72193,Foggy,182,9.02,9,21.153,79.072,Low,12-06-2025
Nashik,Gangapur Road,Cyber Crime,123,57577,Rainy,74,11.54,10,20.011,73.75,Medium,24-06-2024
Pune,Hadapsar,Fraud,15,130363,Foggy,136,2.62,4,18.5089,73.9259,Low,30-04-2026
Pune,Hadapsar,Assault,211,131622,Foggy,200,14.8,11,18.5089,73.9259,High,16-07-2025
Nashik,Nashik Road,Cyber Crime,12,132691,Cloudy,204,8.14,11,19.9975,73.7898,Low,30-08-2025
Pune,Hadapsar,Cyber Crime,212,52240,Rainy,214,10.56,11,18.5089,73.9259,High,05-05-2026
Mumbai,Andheri,Fraud,200,184571,Rainy,178,12.63,9,19.1136,72.8697,High,22-10-2025
Mumbai,Dadar,Cyber Crime,129,96679,Sunny,50,5.85,12,19.0178,72.8478,Medium,06-01-2024
Chhatrapati Sambhajinagar,CIDCO,Cyber Crime,50,101016,Rainy,58,2.12,11,19.889,75.32,Low,20-01-2025
Pune,Kothrud,Cyber Crime,40,194109,Rainy,162,11.47,11,18.5074,73.8077,Low,10-06-2024
Mumbai,Colaba,Burglary,30,154170,Cloudy,99,12.75,7,18.9067,72.8147,Low,28-10-2025
Mumbai,Andheri,Theft,217,188845,Cloudy,62,8.9,6,19.1136,72.8697,High,25-10-2024
Pune,Hinjewadi,Robbery,10,50732,Rainy,78,8.68,1,18.5912,73.7389,Low,07-02-2024
Pune,Hadapsar,Assault,226,149603,Sunny,81,10.63,3,18.5089,73.9259,High,05-07-2024
Mumbai,Bandra,Theft,60,198035,Foggy,119,14.52,11,19.0596,72.8295,Low,02-07-2025
Mumbai,Powai,Assault,100,162012,Foggy,120,5.8,12,19.1176,72.906,Medium,23-03-2024
Nagpur,Sitabuldi,Robbery,122,170606,Cloudy,71,8.62,7,21.1458,79.0882,Medium,17-04-2026
Chhatrapati Sambhajinagar,CIDCO,Fraud,70,45620,Cloudy,217,6.02,10,19.889,75.32,Low,21-11-2024
Pune,Kothrud,Burglary,70,127953,Sunny,45,2.52,3,18.5074,73.8077,Low,15-03-2024
Mumbai,Borivali,Fraud,75,48604,Foggy,98,13.5,10,19.2307,72.8567,Low,14-02-2026
Chhatrapati Sambhajinagar,Aurangpura,Cyber Crime,62,63989,Cloudy,213,11.08,9,19.8762,75.3433,Low,05-02-2026
Nagpur,Sitabuldi,Burglary,134,52775,Sunny,174,2.52,6,21.1458,79.0882,Medium,06-02-2026
Pune,Hinjewadi,Fraud,243,174476,Cloudy,79,9.28,10,18.5912,73.7389,High,31-05-2026
Mumbai,Borivali,Assault,28,35339,Foggy,218,14.16,1,19.2307,72.8567,Low,17-11-2024
Chhatrapati Sambhajinagar,Osmanpura,Burglary,84,150004,Sunny,77,5.61,11,19.87,75.33,Medium,04-06-2024
Pune,Wakad,Cyber Crime,217,121837,Cloudy,121,14.73,6,18.5975,73.7637,High,21-08-2024
Chhatrapati Sambhajinagar,Osmanpura,Fraud,205,118700,Sunny,7,14.12,5,19.87,75.33,High,04-12-2024
Chhatrapati Sambhajinagar,CIDCO,Robbery,187,137321,Sunny,36,8.02,8,19.889,75.32,High,11-05-2025
Nagpur,Lakadganj,Fraud,47,134784,Rainy,76,12.25,9,21.1505,79.1155,Low,29-03-2026
Nashik,Nashik Road,Assault,223,107364,Cloudy,126,5.23,4,19.9975,73.7898,High,16-06-2026
Mumbai,Colaba,Theft,15,92925,Rainy,28,11.71,10,18.9067,72.8147,Low,09-06-2026
Nashik,Nashik Road,Burglary,213,178052,Rainy,183,7.9,2,19.9975,73.7898,High,01-08-2024
Chhatrapati Sambhajinagar,Aurangpura,Fraud,152,33873,Foggy,114,8,12,19.8762,75.3433,High,29-12-2025
Chhatrapati Sambhajinagar,Osmanpura,Burglary,201,104142,Foggy,127,7.82,10,19.87,75.33,High,18-04-2025
Nagpur,Sadar,Fraud,148,158342,Sunny,181,14.73,9,21.1642,79.0821,Medium,10-02-2025
Chhatrapati Sambhajinagar,Osmanpura,Cyber Crime,44,110130,Rainy,130,2.47,8,19.87,75.33,Low,15-11-2025
Mumbai,Borivali,Theft,233,109069,Sunny,100,5.92,7,19.2307,72.8567,High,07-05-2025
Pune,Kothrud,Cyber Crime,79,86780,Cloudy,163,13.84,11,18.5074,73.8077,Medium,30-07-2024
Mumbai,Powai,Assault,182,41739,Foggy,126,14.11,1,19.1176,72.906,High,18-07-2024
Chhatrapati Sambhajinagar,Osmanpura,Burglary,61,105058,Cloudy,131,10.44,7,19.87,75.33,Low,09-12-2024
Mumbai,Colaba,Fraud,223,144430,Cloudy,101,8,1,18.9067,72.8147,High,03-06-2026
Nashik,Nashik Road,Theft,124,102398,Sunny,75,6.03,4,19.9975,73.7898,Medium,30-09-2025
Chhatrapati Sambhajinagar,CIDCO,Robbery,52,161180,Sunny,58,11.44,10,19.889,75.32,Low,07-03-2024
Nagpur,Sadar,Assault,95,126370,Cloudy,119,2.05,9,21.1642,79.0821,Medium,15-05-2026
Mumbai,Colaba,Robbery,182,64132,Sunny,186,6.24,1,18.9067,72.8147,High,04-09-2025
Nagpur,Lakadganj,Theft,16,170995,Foggy,59,13.05,8,21.1505,79.1155,Low,06-05-2024
Pune,Shivaji Nagar,Burglary,114,156071,Sunny,121,10.09,12,18.5308,73.8475,Medium,21-06-2024
Nashik,CIDCO,Cyber Crime,194,75843,Cloudy,103,6.66,7,19.9667,73.7667,High,10-07-2024
Chhatrapati Sambhajinagar,CIDCO,Fraud,74,161225,Foggy,153,4.36,11,19.889,75.32,Low,12-07-2025
Nagpur,Dharampeth,Theft,72,64714,Sunny,165,10.06,7,21.129,79.0588,Low,17-11-2024
Chhatrapati Sambhajinagar,Osmanpura,Cyber Crime,162,148016,Sunny,41,8.5,4,19.87,75.33,High,13-12-2025
Chhatrapati Sambhajinagar,Osmanpura,Assault,237,138113,Rainy,70,12.97,6,19.87,75.33,High,10-06-2025
Nagpur,Shankar Nagar,Burglary,193,68716,Cloudy,186,2.08,1,21.127,79.06,High,22-02-2024
Nagpur,Sitabuldi,Robbery,87,70675,Rainy,46,6.52,12,21.1458,79.0882,Medium,06-10-2025
Chhatrapati Sambhajinagar,Osmanpura,Cyber Crime,26,45158,Foggy,218,4.56,3,19.87,75.33,Low,02-06-2024
Nagpur,Shankar Nagar,Assault,240,138631,Foggy,8,11.84,12,21.127,79.06,High,23-08-2025
Chhatrapati Sambhajinagar,CIDCO,Theft,140,33305,Rainy,79,4.58,7,19.889,75.32,Medium,15-06-2026
Nagpur,Jaripatka,Assault,180,160030,Cloudy,106,3.27,9,21.1801,79.0955,High,17-02-2026
Chhatrapati Sambhajinagar,Osmanpura,Robbery,204,74807,Foggy,141,4.46,7,19.87,75.33,High,13-06-2025
Pune,Kothrud,Burglary,156,148956,Sunny,89,4.92,2,18.5074,73.8077,High,09-02-2024
Nagpur,Sadar,Cyber Crime,52,174258,Foggy,191,6.62,3,21.1642,79.0821,Low,17-04-2024
Pune,Baner,Assault,206,108285,Sunny,158,9.99,12,18.559,73.7868,High,22-03-2025
Nashik,Gangapur Road,Cyber Crime,51,51820,Cloudy,187,10.98,7,20.011,73.75,Low,15-01-2026
Nagpur,Jaripatka,Theft,119,77133,Foggy,162,7.17,12,21.1801,79.0955,Medium,27-08-2025
Pune,Hadapsar,Cyber Crime,141,71483,Rainy,132,7.41,3,18.5089,73.9259,Medium,28-04-2025
Mumbai,Borivali,Burglary,21,63494,Foggy,41,2.63,11,19.2307,72.8567,Low,06-04-2025
Mumbai,Powai,Robbery,171,42337,Sunny,95,6.64,7,19.1176,72.906,High,12-08-2025
Chhatrapati Sambhajinagar,Osmanpura,Theft,233,69562,Rainy,179,7.2,9,19.87,75.33,High,18-08-2024
Pune,Wakad,Fraud,72,162866,Rainy,18,2.35,2,18.5975,73.7637,Low,17-03-2024
Nagpur,Dharampeth,Assault,81,30261,Foggy,217,3.85,6,21.129,79.0588,Medium,18-09-2024
Nashik,CIDCO,Theft,205,121869,Cloudy,194,14.42,3,19.9667,73.7667,High,20-07-2024
Nashik,Nashik Road,Assault,188,179000,Rainy,180,8.55,11,19.9975,73.7898,High,16-09-2024
Chhatrapati Sambhajinagar,Osmanpura,Assault,72,125845,Foggy,25,13.59,2,19.87,75.33,Low,18-01-2026
Pune,Hadapsar,Theft,96,73107,Foggy,116,2.58,10,18.5089,73.9259,Medium,15-04-2026
Nashik,Gangapur Road,Cyber Crime,239,174302,Rainy,204,5.55,7,20.011,73.75,High,13-05-2024
Mumbai,Bandra,Robbery,208,118459,Rainy,164,7.16,2,19.0596,72.8295,High,11-04-2024
Nashik,CIDCO,Robbery,24,95127,Rainy,104,6.5,12,19.9667,73.7667,Low,06-04-2024
Chhatrapati Sambhajinagar,CIDCO,Robbery,203,82635,Rainy,144,8.71,9,19.889,75.32,High,31-07-2024
Nashik,Nashik Road,Assault,109,38127,Sunny,71,12.52,5,19.9975,73.7898,Medium,14-08-2024
Mumbai,Colaba,Assault,82,49575,Sunny,159,13.5,1,18.9067,72.8147,Medium,20-02-2026
Chhatrapati Sambhajinagar,CIDCO,Fraud,196,149802,Sunny,104,3.78,9,19.889,75.32,High,14-11-2024
Pune,Hadapsar,Fraud,133,112542,Sunny,138,13.1,9,18.5089,73.9259,Medium,20-07-2024
Pune,Wakad,Assault,27,110367,Sunny,5,11.79,9,18.5975,73.7637,Low,24-09-2025
Pune,Kothrud,Cyber Crime,117,112945,Foggy,35,14.88,8,18.5074,73.8077,Medium,03-03-2024
Chhatrapati Sambhajinagar,Osmanpura,Theft,153,126413,Foggy,75,11.6,11,19.87,75.33,High,31-03-2024
Nagpur,Sadar,Robbery,102,169299,Cloudy,218,10.56,7,21.1642,79.0821,Medium,25-10-2025
Nashik,Nashik Road,Cyber Crime,203,148397,Sunny,30,4.37,9,19.9975,73.7898,High,07-11-2024
Nagpur,Lakadganj,Assault,103,152767,Rainy,109,2.11,1,21.1505,79.1155,Medium,23-11-2024
Nashik,Gangapur Road,Robbery,221,57082,Foggy,120,4.38,5,20.011,73.75,High,17-10-2024
Mumbai,Colaba,Assault,232,108171,Sunny,16,13.92,1,18.9067,72.8147,High,11-06-2026
Nashik,CIDCO,Assault,143,102212,Cloudy,14,8.13,7,19.9667,73.7667,Medium,04-10-2025
Pune,Shivaji Nagar,Assault,227,144529,Rainy,174,4.38,1,18.5308,73.8475,High,03-10-2024
Chhatrapati Sambhajinagar,CIDCO,Theft,85,61560,Rainy,138,7.3,10,19.889,75.32,Medium,06-10-2024
Chhatrapati Sambhajinagar,Aurangpura,Fraud,73,66597,Cloudy,178,10.07,11,19.8762,75.3433,Low,19-03-2025
Nashik,Nashik Road,Theft,213,124120,Cloudy,190,3.69,12,19.9975,73.7898,High,19-04-2024
Pune,Wakad,Fraud,81,82042,Rainy,142,8.74,8,18.5975,73.7637,Medium,08-11-2024
Nagpur,Lakadganj,Theft,44,35218,Rainy,29,5.78,1,21.1505,79.1155,Low,22-01-2026
Chhatrapati Sambhajinagar,Osmanpura,Assault,46,111321,Sunny,80,2.06,1,19.87,75.33,Low,17-02-2026
Chhatrapati Sambhajinagar,CIDCO,Theft,147,80983,Cloudy,124,7.76,12,19.889,75.32,Medium,04-02-2024
Nagpur,Dharampeth,Theft,96,135438,Foggy,127,3.82,8,21.129,79.0588,Medium,16-07-2025
Nagpur,Dharampeth,Robbery,24,86416,Sunny,67,14.9,9,21.129,79.0588,Low,01-02-2025
Nashik,Nashik Road,Burglary,82,178410,Cloudy,84,12.86,12,19.9975,73.7898,Medium,04-05-2025
Chhatrapati Sambhajinagar,Aurangpura,Robbery,219,97276,Foggy,5,5.24,5,19.8762,75.3433,High,23-12-2024
Nagpur,Shankar Nagar,Burglary,12,85998,Cloudy,109,13.33,5,21.127,79.06,Low,05-11-2024
Mumbai,Dadar,Cyber Crime,154,87296,Rainy,191,12.61,9,19.0178,72.8478,High,27-05-2024
Chhatrapati Sambhajinagar,Aurangpura,Assault,142,59167,Sunny,142,11.6,11,19.8762,75.3433,Medium,28-01-2026
Nashik,CIDCO,Robbery,47,50872,Rainy,61,4.94,4,19.9667,73.7667,Low,15-07-2024
Pune,Shivaji Nagar,Assault,247,186136,Rainy,15,8.45,3,18.5308,73.8475,High,22-06-2024
Chhatrapati Sambhajinagar,Osmanpura,Theft,73,64537,Cloudy,111,6.37,12,19.87,75.33,Low,11-04-2026
Pune,Shivaji Nagar,Fraud,117,132142,Rainy,84,8.41,9,18.5308,73.8475,Medium,27-01-2025
Mumbai,Andheri,Robbery,144,172523,Cloudy,200,12.67,4,19.1136,72.8697,Medium,02-01-2026
Nagpur,Jaripatka,Assault,150,190014,Sunny,93,14.16,1,21.1801,79.0955,Medium,07-12-2024
Chhatrapati Sambhajinagar,CIDCO,Fraud,131,67122,Foggy,177,4.61,8,19.889,75.32,Medium,18-06-2026
Mumbai,Borivali,Burglary,116,25191,Sunny,184,13.34,8,19.2307,72.8567,Medium,06-08-2024
Nagpur,Shankar Nagar,Theft,20,79786,Rainy,113,7.35,4,21.127,79.06,Low,15-10-2024
Nashik,Gangapur Road,Fraud,90,83588,Foggy,73,10.82,12,20.011,73.75,Medium,01-12-2025
Nashik,CIDCO,Burglary,143,183532,Rainy,154,9.94,12,19.9667,73.7667,Medium,02-05-2024
Mumbai,Andheri,Burglary,139,94883,Foggy,197,11.31,11,19.1136,72.8697,Medium,14-02-2024
Chhatrapati Sambhajinagar,Osmanpura,Theft,40,163072,Cloudy,8,3.69,5,19.87,75.33,Low,16-08-2024
Pune,Shivaji Nagar,Fraud,64,188351,Sunny,86,6.65,2,18.5308,73.8475,Low,16-05-2024
Nagpur,Sadar,Robbery,28,111955,Foggy,180,11.02,3,21.1642,79.0821,Low,08-09-2024
Nagpur,Shankar Nagar,Robbery,109,88713,Sunny,133,6.4,10,21.127,79.06,Medium,29-08-2024
Chhatrapati Sambhajinagar,CIDCO,Cyber Crime,126,30731,Rainy,12,4.11,8,19.889,75.32,Medium,05-11-2025
Pune,Wakad,Fraud,166,107383,Cloudy,119,3.91,6,18.5975,73.7637,High,17-02-2025
Nagpur,Dharampeth,Assault,60,53578,Foggy,138,12.78,1,21.129,79.0588,Low,13-04-2026
Nagpur,Shankar Nagar,Cyber Crime,162,65814,Cloudy,174,14.44,6,21.127,79.06,High,11-03-2024
Nashik,CIDCO,Burglary,14,100304,Rainy,25,6.5,12,19.9667,73.7667,Low,22-11-2025
Chhatrapati Sambhajinagar,CIDCO,Burglary,11,65041,Sunny,163,9.48,5,19.889,75.32,Low,19-11-2025
Nagpur,Shankar Nagar,Robbery,95,100080,Sunny,184,7.6,12,21.127,79.06,Medium,16-09-2025
Chhatrapati Sambhajinagar,Aurangpura,Fraud,46,50723,Foggy,86,13.82,11,19.8762,75.3433,Low,19-02-2025
Chhatrapati Sambhajinagar,Osmanpura,Burglary,118,58788,Cloudy,105,12.66,6,19.87,75.33,Medium,04-03-2026
Nagpur,Lakadganj,Theft,51,196966,Sunny,49,7.66,6,21.1505,79.1155,Low,12-03-2025
Pune,Hinjewadi,Cyber Crime,144,54714,Rainy,183,13.32,11,18.5912,73.7389,Medium,11-02-2025
Mumbai,Powai,Fraud,92,80867,Rainy,43,5.99,2,19.1176,72.906,Medium,06-12-2025
Chhatrapati Sambhajinagar,CIDCO,Burglary,23,108625,Cloudy,70,2.69,12,19.889,75.32,Low,16-02-2025
Nagpur,Shankar Nagar,Robbery,45,40716,Cloudy,12,2.15,10,21.127,79.06,Low,08-06-2026
Mumbai,Dadar,Assault,164,136803,Rainy,92,5.59,1,19.0178,72.8478,High,09-09-2024
Pune,Hinjewadi,Robbery,171,193044,Sunny,123,4.38,1,18.5912,73.7389,High,09-02-2025
Nashik,Nashik Road,Theft,63,132142,Foggy,133,5.26,11,19.9975,73.7898,Low,05-08-2024
Pune,Kothrud,Fraud,249,193534,Sunny,179,10.31,8,18.5074,73.8077,High,12-06-2026
Chhatrapati Sambhajinagar,Osmanpura,Assault,75,106359,Rainy,72,12.43,2,19.87,75.33,Low,08-01-2024
Chhatrapati Sambhajinagar,Osmanpura,Assault,231,46668,Sunny,53,4.45,7,19.87,75.33,High,14-01-2025
Nashik,CIDCO,Cyber Crime,180,53717,Sunny,8,11.71,7,19.9667,73.7667,High,11-05-2024
Pune,Hadapsar,Assault,202,88019,Sunny,156,11.6,7,18.5089,73.9259,High,04-05-2026
Nagpur,Jaripatka,Fraud,93,199895,Sunny,73,5,7,21.1801,79.0955,Medium,05-04-2025
Nashik,Nashik Road,Fraud,180,147623,Cloudy,133,3.66,12,19.9975,73.7898,High,21-07-2024
Nagpur,Shankar Nagar,Theft,238,40789,Cloudy,200,2.22,12,21.127,79.06,High,02-02-2025
Nagpur,Lakadganj,Cyber Crime,104,35664,Sunny,82,9.87,7,21.1505,79.1155,Medium,01-01-2025
Chhatrapati Sambhajinagar,CIDCO,Cyber Crime,147,122037,Sunny,30,11.95,9,19.889,75.32,Medium,16-12-2025
Nagpur,Sadar,Fraud,143,180077,Cloudy,94,7.83,1,21.1642,79.0821,Medium,01-08-2024
Mumbai,Colaba,Fraud,94,179227,Foggy,182,11.05,11,18.9067,72.8147,Medium,08-01-2025
Nagpur,Civil Lines,Theft,222,33458,Cloudy,5,11.28,10,21.153,79.072,High,23-04-2025
Mumbai,Bandra,Robbery,53,153177,Cloudy,72,12.31,5,19.0596,72.8295,Low,27-12-2024
Pune,Baner,Assault,230,66987,Cloudy,77,11.15,2,18.559,73.7868,High,30-07-2025
Nagpur,Sitabuldi,Robbery,88,36481,Rainy,65,14.49,4,21.1458,79.0882,Medium,01-07-2024
Chhatrapati Sambhajinagar,CIDCO,Theft,246,113238,Sunny,214,11.46,8,19.889,75.32,High,04-07-2025
Mumbai,Colaba,Cyber Crime,246,106870,Foggy,77,7.69,11,18.9067,72.8147,High,09-12-2024
Nashik,CIDCO,Burglary,123,138998,Foggy,124,9.07,10,19.9667,73.7667,Medium,25-02-2026
Mumbai,Bandra,Assault,249,94073,Rainy,200,2.65,8,19.0596,72.8295,High,05-10-2025
Mumbai,Andheri,Robbery,15,157624,Cloudy,141,14.84,9,19.1136,72.8697,Low,27-01-2025
Mumbai,Dadar,Cyber Crime,29,25739,Rainy,78,7.76,10,19.0178,72.8478,Low,02-09-2025
Pune,Hadapsar,Burglary,70,152374,Rainy,211,8.59,12,18.5089,73.9259,Low,28-08-2024
Pune,Shivaji Nagar,Burglary,176,46468,Rainy,216,2.64,9,18.5308,73.8475,High,12-02-2025
Nashik,CIDCO,Cyber Crime,218,59248,Rainy,138,4.54,12,19.9667,73.7667,High,04-11-2025
Nashik,Gangapur Road,Burglary,183,175065,Sunny,220,14.33,3,20.011,73.75,High,29-05-2025
Pune,Baner,Fraud,157,40068,Sunny,42,8.99,11,18.559,73.7868,High,05-11-2024
Pune,Hadapsar,Burglary,133,25960,Foggy,198,2.18,12,18.5089,73.9259,Medium,02-06-2025
Chhatrapati Sambhajinagar,Osmanpura,Assault,131,93927,Sunny,219,12.63,9,19.87,75.33,Medium,21-07-2025
Nagpur,Shankar Nagar,Burglary,197,117188,Foggy,121,12.87,4,21.127,79.06,High,12-10-2024
Mumbai,Colaba,Burglary,198,40118,Sunny,26,6.75,7,18.9067,72.8147,High,05-07-2024
Mumbai,Andheri,Theft,173,49842,Rainy,114,4.25,6,19.1136,72.8697,High,18-02-2024
Pune,Hadapsar,Burglary,209,183391,Rainy,52,12.24,11,18.5089,73.9259,High,14-03-2025
Pune,Baner,Fraud,202,25595,Sunny,72,10.26,2,18.559,73.7868,High,15-02-2026
Pune,Hinjewadi,Burglary,106,70473,Cloudy,180,14.54,5,18.5912,73.7389,Medium,21-01-2026
Chhatrapati Sambhajinagar,Osmanpura,Assault,144,103947,Sunny,177,7.65,6,19.87,75.33,Medium,06-10-2025
Mumbai,Andheri,Assault,188,119382,Foggy,46,5.6,3,19.1136,72.8697,High,03-03-2026
Pune,Wakad,Fraud,120,154355,Foggy,41,10.53,10,18.5975,73.7637,Medium,20-05-2026
Nashik,CIDCO,Theft,114,124245,Cloudy,57,3.93,3,19.9667,73.7667,Medium,02-06-2025
Chhatrapati Sambhajinagar,Osmanpura,Assault,87,191292,Sunny,98,13.91,4,19.87,75.33,Medium,22-07-2025
Nagpur,Jaripatka,Burglary,87,60068,Foggy,76,4.64,2,21.1801,79.0955,Medium,09-01-2026
Pune,Hadapsar,Burglary,211,130024,Sunny,190,8.75,12,18.5089,73.9259,High,23-10-2025
Pune,Kothrud,Cyber Crime,12,86118,Cloudy,164,12.28,6,18.5074,73.8077,Low,06-04-2024
Mumbai,Colaba,Fraud,164,53183,Foggy,138,9.93,9,18.9067,72.8147,High,25-02-2026
Pune,Kothrud,Fraud,120,78720,Foggy,135,3.98,2,18.5074,73.8077,Medium,19-05-2025
Chhatrapati Sambhajinagar,Osmanpura,Fraud,37,171846,Cloudy,215,9.39,11,19.87,75.33,Low,02-11-2025
Pune,Baner,Theft,179,179687,Cloudy,167,6.16,10,18.559,73.7868,High,03-11-2025
Mumbai,Borivali,Robbery,130,199424,Sunny,55,5,10,19.2307,72.8567,Medium,20-09-2024
Pune,Hadapsar,Theft,199,139720,Cloudy,28,2.37,2,18.5089,73.9259,High,16-12-2025
Pune,Baner,Fraud,212,99121,Cloudy,7,9.42,8,18.559,73.7868,High,19-02-2025
Pune,Wakad,Cyber Crime,86,185093,Cloudy,121,14.73,11,18.5975,73.7637,Medium,23-12-2025
Mumbai,Powai,Cyber Crime,163,123796,Cloudy,220,3.95,3,19.1176,72.906,High,29-05-2025
Mumbai,Borivali,Cyber Crime,182,105198,Cloudy,209,13.65,8,19.2307,72.8567,High,27-05-2024
Nashik,CIDCO,Fraud,232,155362,Foggy,30,9.51,1,19.9667,73.7667,High,14-11-2025
Nagpur,Dharampeth,Burglary,29,58896,Cloudy,13,10.59,12,21.129,79.0588,Low,25-02-2026
Nagpur,Sadar,Fraud,31,191174,Rainy,10,13.76,3,21.1642,79.0821,Low,13-09-2025
Nashik,Gangapur Road,Assault,71,150825,Cloudy,150,3.97,8,20.011,73.75,Low,30-08-2024
Chhatrapati Sambhajinagar,Aurangpura,Assault,159,117433,Cloudy,39,4.96,5,19.8762,75.3433,High,10-04-2026
Nagpur,Shankar Nagar,Burglary,73,119953,Cloudy,26,5.49,6,21.127,79.06,Low,02-09-2025
Nashik,Nashik Road,Assault,234,181597,Sunny,44,12.2,12,19.9975,73.7898,High,13-08-2024
Mumbai,Bandra,Fraud,143,39627,Foggy,56,9.02,5,19.0596,72.8295,Medium,07-08-2025
Pune,Hinjewadi,Fraud,126,126342,Foggy,65,12.19,5,18.5912,73.7389,Medium,11-06-2026
Nashik,CIDCO,Robbery,224,96461,Foggy,35,5.34,6,19.9667,73.7667,High,04-02-2025
Mumbai,Andheri,Burglary,108,161295,Rainy,30,10.61,2,19.1136,72.8697,Medium,21-03-2026
Mumbai,Powai,Robbery,135,42489,Sunny,189,9,9,19.1176,72.906,Medium,17-01-2024
Pune,Wakad,Burglary,174,50045,Cloudy,60,6.31,3,18.5975,73.7637,High,29-11-2025
Chhatrapati Sambhajinagar,Aurangpura,Burglary,243,193918,Rainy,131,8.16,2,19.8762,75.3433,High,09-04-2024
Nagpur,Lakadganj,Burglary,230,173364,Rainy,58,12.61,2,21.1505,79.1155,High,17-02-2025
Pune,Shivaji Nagar,Robbery,88,185656,Foggy,172,9.88,9,18.5308,73.8475,Medium,03-09-2025
Mumbai,Dadar,Burglary,83,195364,Rainy,96,4.55,9,19.0178,72.8478,Medium,18-05-2024
Mumbai,Powai,Cyber Crime,143,195866,Sunny,186,3.61,1,19.1176,72.906,Medium,24-05-2024
Nashik,Nashik Road,Theft,231,192110,Foggy,151,11.83,12,19.9975,73.7898,High,21-01-2025
Mumbai,Andheri,Assault,132,149424,Sunny,214,7.03,8,19.1136,72.8697,Medium,09-08-2024
Pune,Shivaji Nagar,Theft,183,100420,Sunny,39,8.63,3,18.5308,73.8475,High,18-11-2024
Pune,Hadapsar,Theft,17,106265,Cloudy,127,3.8,7,18.5089,73.9259,Low,14-01-2024
Nashik,Gangapur Road,Cyber Crime,179,154298,Rainy,9,11.87,2,20.011,73.75,High,15-04-2026
Chhatrapati Sambhajinagar,Osmanpura,Cyber Crime,163,81481,Cloudy,80,8.27,4,19.87,75.33,High,02-02-2024
Nashik,Gangapur Road,Robbery,37,72509,Foggy,209,11.3,1,20.011,73.75,Low,02-06-2024
Chhatrapati Sambhajinagar,CIDCO,Burglary,115,95792,Sunny,40,9.92,8,19.889,75.32,Medium,10-03-2025
Nagpur,Civil Lines,Cyber Crime,164,32966,Sunny,87,9.25,2,21.153,79.072,High,23-09-2024
Mumbai,Borivali,Assault,219,40055,Foggy,199,5.89,7,19.2307,72.8567,High,29-05-2025
Chhatrapati Sambhajinagar,CIDCO,Theft,244,90005,Foggy,172,9.17,1,19.889,75.32,High,16-08-2024
Nashik,Gangapur Road,Robbery,107,43229,Rainy,209,2.95,6,20.011,73.75,Medium,12-06-2026
Pune,Shivaji Nagar,Assault,11,145367,Foggy,86,13.82,3,18.5308,73.8475,Low,27-02-2025
Mumbai,Colaba,Burglary,28,120014,Foggy,120,13.03,12,18.9067,72.8147,Low,08-07-2025
Mumbai,Borivali,Robbery,91,199158,Foggy,47,9.32,5,19.2307,72.8567,Medium,12-07-2025
Pune,Wakad,Theft,246,95865,Cloudy,195,7.13,10,18.5975,73.7637,High,10-04-2026
Chhatrapati Sambhajinagar,CIDCO,Cyber Crime,92,110153,Rainy,44,10.5,3,19.889,75.32,Medium,01-12-2024
Chhatrapati Sambhajinagar,Osmanpura,Robbery,121,132262,Cloudy,140,11.58,7,19.87,75.33,Medium,23-03-2026
Pune,Wakad,Assault,206,139630,Cloudy,210,10.98,5,18.5975,73.7637,High,27-02-2026
Nashik,Gangapur Road,Assault,24,167691,Sunny,47,11.23,4,20.011,73.75,Low,24-02-2026
Chhatrapati Sambhajinagar,Osmanpura,Burglary,199,130954,Rainy,123,14.51,7,19.87,75.33,High,31-01-2024
Chhatrapati Sambhajinagar,CIDCO,Assault,132,165884,Cloudy,46,7.84,9,19.889,75.32,Medium,10-11-2024
Pune,Kothrud,Theft,26,39257,Cloudy,81,3.99,3,18.5074,73.8077,Low,06-08-2024
Nashik,Gangapur Road,Theft,134,169614,Rainy,27,11.37,2,20.011,73.75,Medium,01-04-2026
Pune,Wakad,Assault,80,116918,Foggy,95,12.82,3,18.5975,73.7637,Medium,23-10-2024
Mumbai,Powai,Theft,82,55580,Cloudy,205,2.85,11,19.1176,72.906,Medium,13-12-2025
Chhatrapati Sambhajinagar,Osmanpura,Cyber Crime,28,133134,Cloudy,139,7.88,12,19.87,75.33,Low,02-03-2024
Mumbai,Bandra,Robbery,160,156513,Foggy,143,6.68,1,19.0596,72.8295,High,12-11-2025
Chhatrapati Sambhajinagar,Osmanpura,Fraud,133,82713,Cloudy,133,9.45,9,19.87,75.33,Medium,15-05-2025
Mumbai,Bandra,Fraud,194,125047,Rainy,76,7.22,3,19.0596,72.8295,High,26-08-2024
Chhatrapati Sambhajinagar,Aurangpura,Fraud,69,150508,Foggy,199,14.08,9,19.8762,75.3433,Low,07-01-2024
Chhatrapati Sambhajinagar,Aurangpura,Robbery,105,130007,Foggy,185,13.19,1,19.8762,75.3433,Medium,01-06-2026
Chhatrapati Sambhajinagar,CIDCO,Theft,207,191082,Rainy,65,6.94,10,19.889,75.32,High,20-07-2024
Chhatrapati Sambhajinagar,CIDCO,Burglary,110,193855,Sunny,110,6.33,9,19.889,75.32,Medium,11-07-2024
Chhatrapati Sambhajinagar,CIDCO,Burglary,81,141567,Foggy,99,5.26,3,19.889,75.32,Medium,04-12-2025
Nagpur,Sadar,Assault,184,38224,Rainy,81,4.16,6,21.1642,79.0821,High,25-08-2025
Chhatrapati Sambhajinagar,CIDCO,Fraud,118,115836,Rainy,102,9.51,7,19.889,75.32,Medium,07-06-2024
Nagpur,Sitabuldi,Burglary,81,126938,Foggy,87,10.37,3,21.1458,79.0882,Medium,29-05-2026
Pune,Hadapsar,Theft,90,68956,Foggy,208,4.98,4,18.5089,73.9259,Medium,21-02-2024
Chhatrapati Sambhajinagar,Osmanpura,Cyber Crime,189,131194,Cloudy,50,14.87,1,19.87,75.33,High,20-03-2024
Chhatrapati Sambhajinagar,Osmanpura,Assault,149,138882,Sunny,93,13.34,5,19.87,75.33,Medium,15-02-2024
Chhatrapati Sambhajinagar,CIDCO,Cyber Crime,34,53414,Foggy,80,6.72,5,19.889,75.32,Low,27-03-2024
Mumbai,Powai,Assault,249,39593,Cloudy,137,8.99,1,19.1176,72.906,High,27-10-2024
Chhatrapati Sambhajinagar,Osmanpura,Fraud,34,93294,Foggy,158,6.39,7,19.87,75.33,Low,08-06-2025
Pune,Wakad,Burglary,160,125252,Foggy,72,12.52,3,18.5975,73.7637,High,06-01-2026
Nashik,Gangapur Road,Burglary,166,91070,Cloudy,13,9.85,9,20.011,73.75,High,10-07-2025
Pune,Baner,Assault,25,60186,Sunny,33,12.68,9,18.559,73.7868,Low,06-08-2025
Mumbai,Bandra,Theft,197,169509,Foggy,141,10.64,1,19.0596,72.8295,High,24-11-2025
Nashik,Gangapur Road,Burglary,15,87484,Foggy,59,7.42,1,20.011,73.75,Low,09-09-2024
Mumbai,Powai,Burglary,183,162548,Rainy,192,10.01,11,19.1176,72.906,High,30-05-2025
Pune,Wakad,Fraud,246,189564,Foggy,13,9.75,12,18.5975,73.7637,High,26-04-2025
Pune,Shivaji Nagar,Robbery,220,149099,Rainy,66,7.52,11,18.5308,73.8475,High,27-01-2024
Nagpur,Lakadganj,Theft,84,35077,Sunny,48,4.53,4,21.1505,79.1155,Medium,28-03-2024
Nashik,Gangapur Road,Fraud,22,159941,Sunny,49,6.79,11,20.011,73.75,Low,07-01-2024
Nagpur,Lakadganj,Fraud,246,69370,Foggy,147,10.54,2,21.1505,79.1155,High,15-03-2025
Chhatrapati Sambhajinagar,CIDCO,Cyber Crime,204,25038,Cloudy,169,12.24,4,19.889,75.32,High,28-01-2025
Nagpur,Sadar,Cyber Crime,39,104052,Sunny,27,14.63,2,21.1642,79.0821,Low,07-01-2024
Pune,Kothrud,Cyber Crime,11,165469,Rainy,114,3.74,4,18.5074,73.8077,Low,07-07-2025
Nagpur,Shankar Nagar,Assault,224,187060,Cloudy,207,13.72,8,21.127,79.06,High,01-05-2026
Pune,Shivaji Nagar,Assault,197,197272,Rainy,144,10.76,3,18.5308,73.8475,High,26-11-2024
Nashik,Gangapur Road,Assault,13,166099,Cloudy,188,11.56,11,20.011,73.75,Low,06-06-2025
Nashik,Gangapur Road,Cyber Crime,50,137500,Sunny,7,8.98,10,20.011,73.75,Low,14-06-2026
Nashik,CIDCO,Cyber Crime,182,132363,Rainy,67,9.27,4,19.9667,73.7667,High,23-09-2024
Mumbai,Andheri,Fraud,198,186549,Foggy,52,8.61,12,19.1136,72.8697,High,13-10-2024
Mumbai,Powai,Theft,28,150674,Cloudy,119,5.39,7,19.1176,72.906,Low,22-06-2024
Nagpur,Shankar Nagar,Cyber Crime,193,93101,Rainy,32,2.1,9,21.127,79.06,High,01-12-2025
Pune,Wakad,Cyber Crime,149,181682,Rainy,191,10.79,5,18.5975,73.7637,Medium,18-10-2025
Pune,Shivaji Nagar,Cyber Crime,102,105858,Foggy,168,8.79,11,18.5308,73.8475,Medium,19-03-2025
Nagpur,Shankar Nagar,Cyber Crime,24,149499,Rainy,72,5.81,6,21.127,79.06,Low,10-07-2025
Mumbai,Powai,Theft,110,74526,Rainy,199,6.19,1,19.1176,72.906,Medium,04-04-2024
Mumbai,Powai,Robbery,19,163750,Cloudy,15,8.63,5,19.1176,72.906,Low,11-09-2024
Chhatrapati Sambhajinagar,Osmanpura,Theft,30,97664,Foggy,70,12.95,1,19.87,75.33,Low,23-02-2025
Chhatrapati Sambhajinagar,Aurangpura,Fraud,201,59952,Sunny,208,11.43,8,19.8762,75.3433,High,13-01-2026
Pune,Shivaji Nagar,Cyber Crime,122,66549,Foggy,171,4.34,11,18.5308,73.8475,Medium,16-05-2024
Nagpur,Sitabuldi,Assault,180,69765,Rainy,68,14.37,2,21.1458,79.0882,High,06-01-2026
Mumbai,Powai,Burglary,162,191761,Cloudy,208,2.38,10,19.1176,72.906,High,30-07-2025
Pune,Wakad,Robbery,62,59925,Foggy,75,13.56,8,18.5975,73.7637,Low,22-06-2025
Chhatrapati Sambhajinagar,Aurangpura,Assault,152,51840,Cloudy,128,13.38,10,19.8762,75.3433,High,19-05-2026
Mumbai,Powai,Theft,224,136524,Sunny,69,6.21,5,19.1176,72.906,High,04-12-2025
Chhatrapati Sambhajinagar,Aurangpura,Assault,60,119300,Cloudy,90,4.83,3,19.8762,75.3433,Low,14-05-2025
Pune,Hinjewadi,Cyber Crime,173,173730,Foggy,23,5.74,6,18.5912,73.7389,High,17-02-2024
Nagpur,Sitabuldi,Theft,236,94759,Foggy,183,8.95,12,21.1458,79.0882,High,27-08-2025
Pune,Baner,Burglary,236,68774,Sunny,13,6.64,2,18.559,73.7868,High,07-02-2025
Pune,Hadapsar,Cyber Crime,50,191036,Cloudy,33,13.99,12,18.5089,73.9259,Low,14-12-2025
Mumbai,Bandra,Assault,100,122066,Cloudy,99,14.64,10,19.0596,72.8295,Medium,25-12-2024
Nashik,Nashik Road,Burglary,200,68235,Rainy,200,4.22,4,19.9975,73.7898,High,05-05-2026
Pune,Baner,Fraud,244,187849,Rainy,103,9.93,1,18.559,73.7868,High,19-04-2024
Pune,Shivaji Nagar,Cyber Crime,53,165638,Cloudy,148,7.38,12,18.5308,73.8475,Low,05-08-2024
Mumbai,Powai,Cyber Crime,127,36877,Sunny,80,11.29,11,19.1176,72.906,Medium,26-04-2026
Mumbai,Colaba,Assault,70,84911,Foggy,59,9.43,10,18.9067,72.8147,Low,14-06-2024
Pune,Hadapsar,Fraud,223,143685,Sunny,123,9.71,10,18.5089,73.9259,High,26-05-2026
Chhatrapati Sambhajinagar,CIDCO,Theft,231,99841,Sunny,127,9.13,6,19.889,75.32,High,18-05-2025
Nashik,CIDCO,Robbery,192,120980,Rainy,143,9.89,10,19.9667,73.7667,High,08-02-2026
Nagpur,Civil Lines,Burglary,119,120679,Cloudy,144,11.74,1,21.153,79.072,Medium,26-08-2024
Mumbai,Borivali,Fraud,240,90331,Cloudy,75,7.6,5,19.2307,72.8567,High,04-10-2025
Chhatrapati Sambhajinagar,Osmanpura,Theft,16,107810,Foggy,148,3.94,4,19.87,75.33,Low,30-05-2024
Nashik,CIDCO,Robbery,223,83734,Sunny,49,2.53,7,19.9667,73.7667,High,07-04-2026
Nagpur,Civil Lines,Assault,238,42410,Sunny,36,2.04,8,21.153,79.072,High,21-08-2025
Pune,Wakad,Fraud,55,64421,Cloudy,172,3.43,6,18.5975,73.7637,Low,28-03-2025
Nashik,Nashik Road,Burglary,121,175622,Sunny,20,5.58,3,19.9975,73.7898,Medium,03-02-2026
Nagpur,Lakadganj,Fraud,218,35452,Foggy,206,14.9,1,21.1505,79.1155,High,20-02-2025
Nagpur,Sadar,Theft,222,194078,Sunny,129,12.16,7,21.1642,79.0821,High,04-04-2024
Chhatrapati Sambhajinagar,Osmanpura,Assault,65,128206,Foggy,110,5.22,1,19.87,75.33,Low,30-05-2026
Pune,Hadapsar,Robbery,31,173276,Cloudy,89,13.04,5,18.5089,73.9259,Low,09-07-2025
Mumbai,Dadar,Assault,116,139705,Sunny,39,10.61,9,19.0178,72.8478,Medium,25-01-2026
Pune,Hinjewadi,Robbery,215,53167,Sunny,173,6.21,2,18.5912,73.7389,High,14-07-2024
Nagpur,Sadar,Assault,11,106237,Foggy,109,11.57,6,21.1642,79.0821,Low,25-01-2024
Mumbai,Bandra,Theft,151,29786,Rainy,119,3.02,9,19.0596,72.8295,High,16-10-2025
Nagpur,Lakadganj,Cyber Crime,113,152298,Foggy,109,8.03,9,21.1505,79.1155,Medium,08-02-2025
Nashik,CIDCO,Assault,174,151906,Rainy,193,11.81,6,19.9667,73.7667,High,03-02-2024
Chhatrapati Sambhajinagar,Osmanpura,Fraud,27,102097,Foggy,164,6.38,5,19.87,75.33,Low,24-06-2025
Mumbai,Borivali,Burglary,219,191486,Sunny,168,8.76,11,19.2307,72.8567,High,23-03-2025
Pune,Shivaji Nagar,Cyber Crime,35,113926,Sunny,91,6.44,8,18.5308,73.8475,Low,10-12-2025
Mumbai,Dadar,Fraud,212,128790,Sunny,48,13.71,7,19.0178,72.8478,High,27-02-2025
Nashik,CIDCO,Assault,119,38126,Sunny,22,14.7,1,19.9667,73.7667,Medium,26-12-2024
Nagpur,Shankar Nagar,Assault,33,175547,Rainy,70,10.73,9,21.127,79.06,Low,24-06-2025
Nagpur,Shankar Nagar,Assault,120,100528,Foggy,36,14.52,12,21.127,79.06,Medium,02-12-2025
Pune,Shivaji Nagar,Fraud,132,73920,Cloudy,150,8.01,10,18.5308,73.8475,Medium,25-12-2025
Mumbai,Powai,Robbery,133,89908,Foggy,143,3.33,12,19.1176,72.906,Medium,23-12-2025
Nashik,CIDCO,Robbery,207,182326,Cloudy,161,4.6,5,19.9667,73.7667,High,01-02-2024
Pune,Shivaji Nagar,Cyber Crime,228,145395,Sunny,10,3.12,11,18.5308,73.8475,High,01-04-2025
Chhatrapati Sambhajinagar,Osmanpura,Fraud,50,44928,Cloudy,197,8.14,6,19.87,75.33,Low,20-04-2026
Mumbai,Andheri,Assault,194,133527,Sunny,188,5.69,7,19.1136,72.8697,High,02-10-2025
Chhatrapati Sambhajinagar,CIDCO,Robbery,36,159848,Rainy,178,8.69,4,19.889,75.32,Low,16-03-2024
Nashik,Nashik Road,Robbery,163,178683,Cloudy,139,10.5,1,19.9975,73.7898,High,27-12-2025
Chhatrapati Sambhajinagar,Osmanpura,Burglary,100,176565,Rainy,63,9.03,11,19.87,75.33,Medium,31-01-2025
Chhatrapati Sambhajinagar,Osmanpura,Burglary,199,158647,Rainy,10,11.5,5,19.87,75.33,High,17-11-2024
Nashik,Nashik Road,Theft,185,113440,Cloudy,8,13.08,12,19.9975,73.7898,High,16-05-2026
Pune,Baner,Assault,243,101006,Cloudy,186,3.89,8,18.559,73.7868,High,15-03-2024
Nagpur,Civil Lines,Robbery,160,66218,Sunny,31,11.97,6,21.153,79.072,High,04-01-2024
Nagpur,Jaripatka,Robbery,37,88490,Sunny,90,13.45,6,21.1801,79.0955,Low,04-12-2024
Pune,Baner,Robbery,24,195120,Sunny,134,8.97,5,18.559,73.7868,Low,01-05-2024
Mumbai,Colaba,Assault,92,115009,Sunny,109,11.85,8,18.9067,72.8147,Medium,19-12-2024
Nashik,Gangapur Road,Assault,235,93253,Rainy,139,11.65,8,20.011,73.75,High,31-01-2026
Chhatrapati Sambhajinagar,Aurangpura,Assault,195,135517,Cloudy,107,7.52,2,19.8762,75.3433,High,10-12-2024
Nashik,Gangapur Road,Assault,16,190981,Cloudy,152,9.31,8,20.011,73.75,Low,20-12-2025
Nagpur,Jaripatka,Cyber Crime,232,170169,Rainy,217,4.33,2,21.1801,79.0955,High,25-01-2026
Chhatrapati Sambhajinagar,CIDCO,Burglary,128,71435,Foggy,37,4.45,5,19.889,75.32,Medium,12-03-2024
Nashik,Nashik Road,Robbery,202,90832,Sunny,13,3.15,12,19.9975,73.7898,High,15-08-2025
Pune,Kothrud,Assault,143,32855,Foggy,28,3.19,3,18.5074,73.8077,Medium,06-04-2024
Mumbai,Powai,Assault,231,48989,Rainy,173,5.07,12,19.1176,72.906,High,09-10-2025
Pune,Wakad,Assault,135,76179,Rainy,87,2.86,9,18.5975,73.7637,Medium,06-06-2025
Chhatrapati Sambhajinagar,Aurangpura,Cyber Crime,154,167313,Sunny,104,14.03,10,19.8762,75.3433,High,17-06-2026
Chhatrapati Sambhajinagar,Aurangpura,Fraud,122,54478,Cloudy,33,2.01,7,19.8762,75.3433,Medium,05-02-2024
Nashik,Gangapur Road,Fraud,42,172999,Sunny,190,3.41,4,20.011,73.75,Low,02-09-2024
Chhatrapati Sambhajinagar,CIDCO,Cyber Crime,204,94373,Rainy,163,3.73,11,19.889,75.32,High,05-06-2024
Chhatrapati Sambhajinagar,CIDCO,Burglary,163,58557,Cloudy,211,8.43,6,19.889,75.32,High,15-06-2026
Nagpur,Civil Lines,Robbery,102,99626,Foggy,141,13.99,3,21.153,79.072,Medium,29-10-2024
Pune,Baner,Fraud,54,34899,Cloudy,152,3.65,12,18.559,73.7868,Low,16-04-2024
Mumbai,Colaba,Cyber Crime,164,122604,Rainy,85,5.95,3,18.9067,72.8147,High,01-06-2025
Mumbai,Dadar,Fraud,116,195393,Sunny,208,4.88,3,19.0178,72.8478,Medium,18-11-2025
Nashik,CIDCO,Assault,93,25970,Rainy,178,11.57,10,19.9667,73.7667,Medium,03-11-2025
Chhatrapati Sambhajinagar,Aurangpura,Burglary,170,54342,Cloudy,90,8.5,2,19.8762,75.3433,High,28-08-2024
Nashik,Gangapur Road,Fraud,64,46046,Foggy,213,10.28,11,20.011,73.75,Low,11-06-2025
Nashik,Gangapur Road,Robbery,232,100040,Cloudy,19,11.77,10,20.011,73.75,High,03-10-2024
Nagpur,Shankar Nagar,Burglary,206,158860,Foggy,13,11.98,8,21.127,79.06,High,16-03-2025
Nagpur,Jaripatka,Assault,33,152739,Rainy,105,2.4,9,21.1801,79.0955,Low,04-11-2025
Nagpur,Sitabuldi,Cyber Crime,64,170448,Cloudy,131,8.33,9,21.1458,79.0882,Low,01-01-2025
Nashik,Nashik Road,Robbery,102,122107,Cloudy,70,5.35,8,19.9975,73.7898,Medium,19-01-2025
Pune,Wakad,Fraud,182,168969,Cloudy,100,7.12,8,18.5975,73.7637,High,16-04-2026
Nashik,CIDCO,Robbery,83,102150,Cloudy,63,7.45,9,19.9667,73.7667,Medium,16-08-2024
Nashik,CIDCO,Robbery,240,144984,Sunny,197,12.42,6,19.9667,73.7667,High,01-11-2024
Pune,Kothrud,Theft,246,49237,Foggy,49,8.93,6,18.5074,73.8077,High,03-05-2025
Chhatrapati Sambhajinagar,Osmanpura,Robbery,95,156288,Sunny,214,10.28,10,19.87,75.33,Medium,17-05-2025
Pune,Shivaji Nagar,Burglary,116,43072,Foggy,137,5.3,7,18.5308,73.8475,Medium,28-11-2025
Mumbai,Bandra,Fraud,69,50954,Rainy,144,4.89,12,19.0596,72.8295,Low,06-01-2025
Nagpur,Sitabuldi,Theft,220,89919,Rainy,14,7.58,9,21.1458,79.0882,High,14-01-2024
Mumbai,Dadar,Cyber Crime,199,34476,Rainy,13,4.42,2,19.0178,72.8478,High,12-06-2026
Chhatrapati Sambhajinagar,Osmanpura,Burglary,136,149964,Rainy,163,8.54,1,19.87,75.33,Medium,12-09-2025
Nashik,CIDCO,Fraud,171,108128,Sunny,165,11.31,10,19.9667,73.7667,High,21-11-2024
Nashik,Nashik Road,Burglary,15,134972,Cloudy,97,11.64,1,19.9975,73.7898,Low,30-07-2025
Nashik,CIDCO,Fraud,130,136172,Sunny,38,9.65,10,19.9667,73.7667,Medium,16-11-2025
Mumbai,Borivali,Theft,41,118106,Cloudy,11,6.59,2,19.2307,72.8567,Low,11-06-2026
Mumbai,Colaba,Burglary,88,189851,Foggy,58,8.59,7,18.9067,72.8147,Medium,06-02-2024
Mumbai,Andheri,Theft,27,75848,Sunny,112,10.1,3,19.1136,72.8697,Low,21-02-2024
Mumbai,Colaba,Theft,80,49963,Foggy,83,9.49,3,18.9067,72.8147,Medium,30-10-2025
Nagpur,Lakadganj,Theft,132,135739,Cloudy,141,13.55,4,21.1505,79.1155,Medium,06-12-2025
Chhatrapati Sambhajinagar,CIDCO,Cyber Crime,128,34735,Sunny,42,9.89,1,19.889,75.32,Medium,30-01-2024
Pune,Kothrud,Assault,80,38944,Cloudy,139,8.27,2,18.5074,73.8077,Medium,04-05-2026
Nagpur,Dharampeth,Burglary,225,184797,Sunny,30,5.43,11,21.129,79.0588,High,23-10-2024
Nagpur,Sadar,Fraud,80,119771,Cloudy,198,4.2,4,21.1642,79.0821,Medium,08-11-2025
Nagpur,Civil Lines,Robbery,111,186895,Cloudy,147,10.83,5,21.153,79.072,Medium,13-10-2025
Nagpur,Dharampeth,Robbery,60,190424,Sunny,147,8.96,8,21.129,79.0588,Low,25-12-2024
Chhatrapati Sambhajinagar,Aurangpura,Theft,173,158961,Cloudy,122,14.58,11,19.8762,75.3433,High,21-01-2026
Nashik,CIDCO,Cyber Crime,209,124126,Foggy,19,6.56,6,19.9667,73.7667,High,08-11-2024
Nagpur,Jaripatka,Theft,173,188411,Foggy,205,4.84,11,21.1801,79.0955,High,11-08-2024
Chhatrapati Sambhajinagar,Osmanpura,Theft,86,126462,Rainy,97,12.88,4,19.87,75.33,Medium,23-04-2026
Chhatrapati Sambhajinagar,CIDCO,Burglary,102,129148,Cloudy,90,13.15,2,19.889,75.32,Medium,08-03-2026
Mumbai,Powai,Burglary,249,186344,Rainy,83,6.46,10,19.1176,72.906,High,18-08-2025
Nagpur,Jaripatka,Fraud,220,174398,Rainy,40,6.28,10,21.1801,79.0955,High,20-02-2024
Mumbai,Andheri,Cyber Crime,88,181545,Cloudy,19,7.72,7,19.1136,72.8697,Medium,17-02-2026
Nagpur,Jaripatka,Burglary,145,90661,Cloudy,140,6.48,7,21.1801,79.0955,Medium,02-04-2026
Mumbai,Borivali,Theft,12,168905,Rainy,191,7.22,8,19.2307,72.8567,Low,17-03-2025
Nashik,Nashik Road,Assault,74,140933,Sunny,175,8.24,11,19.9975,73.7898,Low,19-11-2025
Mumbai,Bandra,Robbery,33,182052,Foggy,84,8.09,3,19.0596,72.8295,Low,18-03-2024
Chhatrapati Sambhajinagar,Osmanpura,Fraud,134,174161,Foggy,198,6.54,10,19.87,75.33,Medium,14-11-2025
Pune,Hinjewadi,Robbery,58,64867,Sunny,55,7.38,5,18.5912,73.7389,Low,20-04-2026
Nashik,Nashik Road,Assault,195,95215,Rainy,95,3.28,6,19.9975,73.7898,High,22-02-2026
Mumbai,Powai,Robbery,103,156993,Sunny,108,8.01,7,19.1176,72.906,Medium,26-05-2025
Mumbai,Bandra,Cyber Crime,152,159722,Sunny,5,10.5,11,19.0596,72.8295,High,23-12-2024
Pune,Hinjewadi,Robbery,213,37470,Foggy,184,14.78,2,18.5912,73.7389,High,12-01-2025
Chhatrapati Sambhajinagar,Osmanpura,Robbery,248,87362,Sunny,164,6.95,12,19.87,75.33,High,27-05-2025
Nagpur,Jaripatka,Burglary,246,114048,Sunny,128,3.78,7,21.1801,79.0955,High,27-11-2025
Nashik,Gangapur Road,Assault,60,120319,Foggy,176,11.8,1,20.011,73.75,Low,03-04-2024
Chhatrapati Sambhajinagar,Osmanpura,Cyber Crime,216,75938,Foggy,170,4.18,2,19.87,75.33,High,13-10-2024
Nagpur,Shankar Nagar,Assault,185,150061,Cloudy,123,14.12,5,21.127,79.06,High,22-02-2024
Chhatrapati Sambhajinagar,Osmanpura,Theft,51,33300,Sunny,143,9.49,4,19.87,75.33,Low,12-01-2025
Mumbai,Powai,Robbery,207,107330,Foggy,86,11.99,3,19.1176,72.906,High,02-01-2026
Chhatrapati Sambhajinagar,Aurangpura,Burglary,128,55827,Rainy,78,7.36,9,19.8762,75.3433,Medium,02-06-2026
Nagpur,Civil Lines,Robbery,104,88406,Sunny,87,3.33,6,21.153,79.072,Medium,28-12-2025
Nashik,Nashik Road,Burglary,153,97568,Cloudy,166,7.17,12,19.9975,73.7898,High,19-08-2024
Nagpur,Sitabuldi,Robbery,194,143547,Rainy,96,2.07,1,21.1458,79.0882,High,18-03-2026
Pune,Hinjewadi,Fraud,129,142578,Foggy,114,6.94,8,18.5912,73.7389,Medium,29-05-2024
Nashik,CIDCO,Burglary,52,75299,Sunny,86,14.96,10,19.9667,73.7667,Low,07-08-2024
Chhatrapati Sambhajinagar,Aurangpura,Theft,227,198630,Rainy,188,2.34,10,19.8762,75.3433,High,05-01-2025
Nagpur,Lakadganj,Cyber Crime,116,187598,Sunny,87,10.54,8,21.1505,79.1155,Medium,10-05-2024
Nashik,Gangapur Road,Assault,199,96029,Cloudy,182,6.5,3,20.011,73.75,High,22-01-2024
Pune,Wakad,Robbery,68,76308,Rainy,92,3.42,7,18.5975,73.7637,Low,29-06-2024
Mumbai,Colaba,Cyber Crime,220,124681,Rainy,13,4.13,9,18.9067,72.8147,High,01-10-2025
Chhatrapati Sambhajinagar,Osmanpura,Assault,153,73658,Sunny,82,8.35,5,19.87,75.33,High,05-01-2025
Chhatrapati Sambhajinagar,CIDCO,Cyber Crime,48,25988,Sunny,115,7.23,2,19.889,75.32,Low,05-03-2026
Pune,Hadapsar,Burglary,128,110615,Sunny,158,13.75,4,18.5089,73.9259,Medium,14-03-2025
Nagpur,Jaripatka,Robbery,86,85845,Cloudy,188,7.13,3,21.1801,79.0955,Medium,07-10-2024
Chhatrapati Sambhajinagar,Aurangpura,Theft,175,180448,Sunny,17,4.65,9,19.8762,75.3433,High,30-01-2024
Pune,Baner,Theft,162,90235,Foggy,176,9.44,10,18.559,73.7868,High,26-10-2025
Chhatrapati Sambhajinagar,Aurangpura,Burglary,108,56704,Sunny,20,13.53,3,19.8762,75.3433,Medium,06-03-2026
Chhatrapati Sambhajinagar,Aurangpura,Burglary,202,71164,Cloudy,208,11.83,11,19.8762,75.3433,High,11-02-2026
Nagpur,Civil Lines,Fraud,39,103555,Cloudy,67,12.41,8,21.153,79.072,Low,02-01-2025
Chhatrapati Sambhajinagar,Osmanpura,Assault,137,44140,Rainy,193,5.5,8,19.87,75.33,Medium,02-03-2024
Chhatrapati Sambhajinagar,CIDCO,Fraud,97,147822,Sunny,193,8.86,2,19.889,75.32,Medium,13-03-2025
Nagpur,Sitabuldi,Burglary,210,167628,Rainy,60,13.65,5,21.1458,79.0882,High,13-11-2025
Chhatrapati Sambhajinagar,CIDCO,Robbery,177,139731,Rainy,88,5.86,5,19.889,75.32,High,28-11-2024
Pune,Baner,Burglary,79,150969,Sunny,110,8.21,8,18.559,73.7868,Medium,30-03-2024
Nashik,CIDCO,Robbery,232,40260,Foggy,42,8.46,11,19.9667,73.7667,High,17-01-2026
Chhatrapati Sambhajinagar,Aurangpura,Cyber Crime,48,69334,Foggy,199,6.6,4,19.8762,75.3433,Low,05-06-2024
Nashik,Gangapur Road,Theft,155,27338,Rainy,216,6.42,1,20.011,73.75,High,17-04-2024
Nagpur,Shankar Nagar,Cyber Crime,49,151323,Cloudy,70,13.4,8,21.127,79.06,Low,18-05-2026
Nashik,CIDCO,Burglary,230,50667,Sunny,97,7.94,10,19.9667,73.7667,High,02-11-2025
Chhatrapati Sambhajinagar,CIDCO,Fraud,29,25448,Sunny,91,2.72,10,19.889,75.32,Low,14-11-2024
Pune,Baner,Cyber Crime,129,48830,Rainy,26,2.66,10,18.559,73.7868,Medium,22-07-2024
Mumbai,Colaba,Fraud,181,90485,Foggy,188,13.29,4,18.9067,72.8147,High,13-01-2024
Chhatrapati Sambhajinagar,Osmanpura,Theft,196,172915,Foggy,203,9.93,12,19.87,75.33,High,10-01-2024
Nagpur,Dharampeth,Robbery,15,138930,Sunny,206,2.8,6,21.129,79.0588,Low,03-03-2026
Nashik,Nashik Road,Theft,174,113257,Cloudy,207,13.31,12,19.9975,73.7898,High,03-08-2024
Pune,Hinjewadi,Assault,153,151025,Rainy,14,11.1,4,18.5912,73.7389,High,09-11-2024
Nashik,Gangapur Road,Fraud,90,27579,Rainy,52,9.58,8,20.011,73.75,Medium,21-01-2025
Nashik,Nashik Road,Burglary,40,98554,Sunny,76,7.34,5,19.9975,73.7898,Low,10-02-2024
Mumbai,Borivali,Burglary,222,137073,Foggy,102,7.12,6,19.2307,72.8567,High,14-07-2025
Chhatrapati Sambhajinagar,Aurangpura,Robbery,149,86305,Sunny,59,6.06,3,19.8762,75.3433,Medium,25-02-2024
Pune,Baner,Fraud,189,98240,Rainy,27,6.15,10,18.559,73.7868,High,23-07-2024
Pune,Hinjewadi,Assault,222,114635,Sunny,38,13.72,5,18.5912,73.7389,High,17-01-2024
Chhatrapati Sambhajinagar,Osmanpura,Fraud,185,53692,Sunny,179,12.28,6,19.87,75.33,High,10-04-2025
Nagpur,Jaripatka,Burglary,205,28767,Rainy,198,14.31,7,21.1801,79.0955,High,17-09-2025
Nashik,Nashik Road,Cyber Crime,168,100158,Cloudy,86,3.61,4,19.9975,73.7898,High,06-03-2024
Nagpur,Sadar,Assault,126,46925,Cloudy,55,14.29,3,21.1642,79.0821,Medium,27-02-2025
Mumbai,Bandra,Cyber Crime,130,71078,Foggy,105,10.58,5,19.0596,72.8295,Medium,10-09-2024
Nashik,Gangapur Road,Burglary,155,199217,Foggy,74,6.98,6,20.011,73.75,High,20-12-2024
Chhatrapati Sambhajinagar,Aurangpura,Theft,105,155908,Foggy,160,3.09,4,19.8762,75.3433,Medium,14-01-2026
Chhatrapati Sambhajinagar,CIDCO,Fraud,236,122708,Rainy,139,10.94,12,19.889,75.32,High,22-02-2026
Nagpur,Civil Lines,Fraud,14,124481,Sunny,193,7.12,3,21.153,79.072,Low,15-02-2024
Nagpur,Sitabuldi,Theft,147,135677,Rainy,56,13.29,12,21.1458,79.0882,Medium,20-12-2025
Mumbai,Andheri,Burglary,119,149427,Rainy,153,13.34,5,19.1136,72.8697,Medium,11-01-2026
Nagpur,Sadar,Robbery,181,139492,Sunny,97,6.71,3,21.1642,79.0821,High,29-04-2025
Chhatrapati Sambhajinagar,CIDCO,Robbery,134,159456,Rainy,211,10.77,10,19.889,75.32,Medium,16-07-2024
Chhatrapati Sambhajinagar,Osmanpura,Fraud,157,158777,Foggy,203,7.74,4,19.87,75.33,High,09-05-2026
Chhatrapati Sambhajinagar,Osmanpura,Cyber Crime,86,145349,Rainy,194,10.24,5,19.87,75.33,Medium,07-03-2026
Nagpur,Jaripatka,Robbery,209,75424,Cloudy,143,4.47,1,21.1801,79.0955,High,21-12-2024
Mumbai,Colaba,Burglary,53,32139,Cloudy,162,11.39,9,18.9067,72.8147,Low,04-06-2026
Nashik,Gangapur Road,Cyber Crime,66,179357,Rainy,124,12.34,12,20.011,73.75,Low,14-08-2025
Chhatrapati Sambhajinagar,Osmanpura,Theft,72,141788,Rainy,162,8.24,4,19.87,75.33,Low,05-11-2025
Pune,Wakad,Cyber Crime,128,43815,Foggy,112,14.37,8,18.5975,73.7637,Medium,17-12-2025
Nashik,Nashik Road,Cyber Crime,245,47305,Cloudy,61,2.12,4,19.9975,73.7898,High,10-03-2024
Pune,Hadapsar,Cyber Crime,216,91297,Rainy,212,10.73,9,18.5089,73.9259,High,07-06-2024
Nashik,Nashik Road,Burglary,24,194834,Sunny,119,3.36,9,19.9975,73.7898,Low,09-10-2024
Pune,Baner,Robbery,165,116364,Sunny,93,9.69,2,18.559,73.7868,High,25-03-2026
Pune,Hinjewadi,Burglary,109,87509,Rainy,71,12.31,11,18.5912,73.7389,Medium,24-01-2025
Nagpur,Jaripatka,Theft,48,126837,Cloudy,169,9.93,5,21.1801,79.0955,Low,28-06-2025
Mumbai,Andheri,Fraud,88,95287,Sunny,53,9.34,10,19.1136,72.8697,Medium,26-06-2025
Chhatrapati Sambhajinagar,Aurangpura,Robbery,101,77123,Foggy,130,3.23,2,19.8762,75.3433,Medium,06-05-2025
Nagpur,Lakadganj,Cyber Crime,18,35668,Rainy,178,10.78,1,21.1505,79.1155,Low,02-08-2025
Mumbai,Dadar,Theft,102,168649,Rainy,35,7.45,2,19.0178,72.8478,Medium,28-02-2025
Nashik,CIDCO,Cyber Crime,120,141729,Cloudy,54,14.06,4,19.9667,73.7667,Medium,12-04-2026
Pune,Shivaji Nagar,Robbery,154,77174,Rainy,144,6.88,1,18.5308,73.8475,High,23-08-2024
Mumbai,Bandra,Burglary,99,140654,Rainy,157,13.62,2,19.0596,72.8295,Medium,25-12-2025
Chhatrapati Sambhajinagar,Aurangpura,Assault,189,74190,Rainy,77,10.72,7,19.8762,75.3433,High,08-04-2024
Mumbai,Borivali,Fraud,54,183508,Cloudy,94,3.39,6,19.2307,72.8567,Low,29-01-2026
Mumbai,Andheri,Theft,238,57336,Sunny,182,6.44,4,19.1136,72.8697,High,02-12-2024
Mumbai,Bandra,Burglary,34,90928,Rainy,57,2.12,10,19.0596,72.8295,Low,10-06-2024
Nagpur,Sitabuldi,Robbery,208,37383,Rainy,58,11.94,11,21.1458,79.0882,High,20-02-2025
Chhatrapati Sambhajinagar,Aurangpura,Theft,125,33493,Foggy,64,13.85,5,19.8762,75.3433,Medium,29-12-2025
Pune,Wakad,Fraud,139,37759,Sunny,195,4.82,2,18.5975,73.7637,Medium,13-09-2024
Mumbai,Borivali,Robbery,43,58050,Rainy,108,5.96,6,19.2307,72.8567,Low,04-03-2024
Nashik,Gangapur Road,Robbery,171,96156,Sunny,81,9.84,11,20.011,73.75,High,23-05-2026
Pune,Hinjewadi,Theft,121,108535,Foggy,45,13.69,10,18.5912,73.7389,Medium,30-09-2025
Nagpur,Dharampeth,Burglary,94,113616,Foggy,81,5.38,1,21.129,79.0588,Medium,14-01-2026
Pune,Kothrud,Assault,124,91733,Foggy,104,3,12,18.5074,73.8077,Medium,22-12-2024
Nashik,Nashik Road,Fraud,163,62183,Foggy,138,3.74,2,19.9975,73.7898,High,12-03-2025
Nashik,Nashik Road,Robbery,25,50781,Rainy,211,10.85,11,19.9975,73.7898,Low,24-08-2025
Chhatrapati Sambhajinagar,CIDCO,Cyber Crime,155,182147,Foggy,165,6.03,6,19.889,75.32,High,22-02-2024
Mumbai,Colaba,Fraud,197,103420,Foggy,84,5.38,4,18.9067,72.8147,High,01-04-2026
Mumbai,Borivali,Burglary,190,43633,Sunny,45,3.88,9,19.2307,72.8567,High,01-11-2025
Nashik,Gangapur Road,Burglary,231,146373,Cloudy,192,14.84,4,20.011,73.75,High,24-08-2024
Pune,Hadapsar,Theft,12,29528,Cloudy,105,2.3,5,18.5089,73.9259,Low,20-04-2025
Pune,Hinjewadi,Robbery,215,98755,Cloudy,145,2.13,11,18.5912,73.7389,High,08-04-2024
Pune,Kothrud,Assault,63,39349,Cloudy,116,10.08,5,18.5074,73.8077,Low,28-01-2025
Nagpur,Lakadganj,Theft,108,48725,Sunny,135,2.5,2,21.1505,79.1155,Medium,29-04-2024
Chhatrapati Sambhajinagar,CIDCO,Cyber Crime,124,144452,Cloudy,26,14.31,4,19.889,75.32,Medium,12-01-2026
Chhatrapati Sambhajinagar,Aurangpura,Assault,198,93262,Sunny,164,8.88,2,19.8762,75.3433,High,10-10-2025
Mumbai,Colaba,Burglary,85,148284,Rainy,72,2.95,12,18.9067,72.8147,Medium,27-09-2025
Mumbai,Borivali,Theft,52,85787,Sunny,174,14.48,7,19.2307,72.8567,Low,24-11-2024
Nagpur,Jaripatka,Robbery,141,124607,Cloudy,160,13.25,5,21.1801,79.0955,Medium,06-07-2024
Pune,Hinjewadi,Burglary,174,149302,Sunny,114,4.66,9,18.5912,73.7389,High,10-08-2024
Mumbai,Powai,Assault,76,48657,Rainy,157,3.32,6,19.1176,72.906,Medium,09-12-2025
Nagpur,Sitabuldi,Fraud,222,81997,Rainy,158,9.25,12,21.1458,79.0882,High,15-02-2025
Pune,Baner,Assault,82,191127,Sunny,38,10.33,9,18.559,73.7868,Medium,23-01-2026
Nashik,Gangapur Road,Robbery,65,64706,Rainy,172,11.36,1,20.011,73.75,Low,08-01-2025
Chhatrapati Sambhajinagar,Osmanpura,Robbery,231,84748,Sunny,39,13.76,11,19.87,75.33,High,16-11-2024
Nagpur,Shankar Nagar,Burglary,122,180747,Cloudy,79,4.19,11,21.127,79.06,Medium,02-06-2024
Chhatrapati Sambhajinagar,Aurangpura,Cyber Crime,56,109956,Sunny,31,14.63,4,19.8762,75.3433,Low,16-07-2025
Chhatrapati Sambhajinagar,Aurangpura,Burglary,118,195475,Cloudy,209,2.28,9,19.8762,75.3433,Medium,25-07-2025
Nagpur,Civil Lines,Fraud,120,126237,Cloudy,116,8.5,2,21.153,79.072,Medium,07-05-2026
Nashik,Gangapur Road,Fraud,76,125675,Sunny,132,11.95,2,20.011,73.75,Medium,15-04-2024
Pune,Wakad,Fraud,101,169409,Cloudy,129,3.65,12,18.5975,73.7637,Medium,23-12-2025
Nagpur,Civil Lines,Cyber Crime,160,183254,Cloudy,63,4.16,9,21.153,79.072,High,15-05-2024
Nagpur,Jaripatka,Theft,189,123676,Cloudy,97,5.82,2,21.1801,79.0955,High,27-08-2025
Nashik,CIDCO,Assault,183,41779,Foggy,154,8.31,9,19.9667,73.7667,High,09-10-2025
Pune,Wakad,Robbery,95,33601,Foggy,12,2.12,6,18.5975,73.7637,Medium,21-05-2025
Chhatrapati Sambhajinagar,Aurangpura,Robbery,169,93512,Foggy,68,12.37,1,19.8762,75.3433,High,29-05-2026
Chhatrapati Sambhajinagar,Osmanpura,Robbery,161,161590,Sunny,93,14.26,12,19.87,75.33,High,24-03-2026
Nashik,Nashik Road,Cyber Crime,227,130244,Foggy,208,2.06,12,19.9975,73.7898,High,14-01-2026
Chhatrapati Sambhajinagar,Aurangpura,Theft,62,183598,Sunny,176,14.98,4,19.8762,75.3433,Low,18-05-2026
Nashik,Nashik Road,Theft,215,147140,Sunny,77,12.28,12,19.9975,73.7898,High,31-01-2024
Chhatrapati Sambhajinagar,CIDCO,Fraud,143,45372,Rainy,153,11.37,9,19.889,75.32,Medium,14-03-2025
Nashik,Gangapur Road,Burglary,136,173249,Cloudy,82,2.03,7,20.011,73.75,Medium,06-12-2024
Mumbai,Dadar,Theft,199,156480,Rainy,36,8.98,1,19.0178,72.8478,High,15-04-2024
Nashik,CIDCO,Assault,185,63725,Rainy,141,3.42,3,19.9667,73.7667,High,27-05-2026
Chhatrapati Sambhajinagar,Aurangpura,Robbery,248,62104,Sunny,31,4.69,1,19.8762,75.3433,High,01-04-2024
Mumbai,Dadar,Theft,10,77021,Cloudy,194,6.35,5,19.0178,72.8478,Low,24-09-2025
Chhatrapati Sambhajinagar,Aurangpura,Burglary,199,99384,Rainy,106,6.3,3,19.8762,75.3433,High,10-03-2026
Mumbai,Powai,Assault,121,113531,Sunny,54,12.31,7,19.1176,72.906,Medium,15-12-2025
Mumbai,Andheri,Assault,214,148972,Rainy,80,10.27,4,19.1136,72.8697,High,09-06-2025
Nashik,CIDCO,Fraud,94,177485,Sunny,57,5.53,9,19.9667,73.7667,Medium,14-10-2025
Mumbai,Andheri,Assault,234,100034,Cloudy,111,11.14,9,19.1136,72.8697,High,09-05-2026
Pune,Hinjewadi,Burglary,15,139874,Rainy,118,10.29,2,18.5912,73.7389,Low,15-06-2024
Chhatrapati Sambhajinagar,Aurangpura,Cyber Crime,249,99860,Rainy,124,3.42,12,19.8762,75.3433,High,13-09-2025
Chhatrapati Sambhajinagar,CIDCO,Burglary,249,150903,Sunny,12,13.46,5,19.889,75.32,High,23-10-2024
Chhatrapati Sambhajinagar,Osmanpura,Burglary,54,26411,Rainy,188,14.21,7,19.87,75.33,Low,04-03-2026
Pune,Shivaji Nagar,Cyber Crime,206,127494,Rainy,62,9.59,3,18.5308,73.8475,High,19-12-2025
Nagpur,Lakadganj,Theft,121,86704,Sunny,182,11.86,5,21.1505,79.1155,Medium,17-01-2024
Pune,Hinjewadi,Assault,73,63630,Cloudy,202,9.41,10,18.5912,73.7389,Low,29-06-2024
Chhatrapati Sambhajinagar,Aurangpura,Assault,109,193400,Sunny,109,5.93,3,19.8762,75.3433,Medium,03-12-2025
Nagpur,Sitabuldi,Theft,176,90340,Rainy,162,11.47,12,21.1458,79.0882,High,21-11-2024
Chhatrapati Sambhajinagar,Osmanpura,Fraud,188,128299,Rainy,109,14.76,8,19.87,75.33,High,14-10-2025
Nagpur,Sitabuldi,Assault,110,90046,Sunny,120,6.37,5,21.1458,79.0882,Medium,03-08-2025
Mumbai,Borivali,Cyber Crime,107,68765,Sunny,148,9.72,10,19.2307,72.8567,Medium,15-03-2025
Mumbai,Dadar,Burglary,81,117277,Foggy,177,5.18,8,19.0178,72.8478,Medium,15-01-2025
Mumbai,Dadar,Cyber Crime,173,78165,Cloudy,76,13.98,9,19.0178,72.8478,High,12-01-2025
Nagpur,Dharampeth,Cyber Crime,240,100965,Foggy,54,6.36,3,21.129,79.0588,High,07-01-2024
Pune,Hinjewadi,Theft,146,147638,Rainy,5,7.45,10,18.5912,73.7389,Medium,06-02-2025
Pune,Baner,Assault,215,52279,Cloudy,99,8.78,2,18.559,73.7868,High,06-03-2025
Chhatrapati Sambhajinagar,CIDCO,Fraud,38,159060,Rainy,160,2.93,9,19.889,75.32,Low,13-03-2025
Pune,Baner,Theft,102,126552,Rainy,183,3.9,12,18.559,73.7868,Medium,18-07-2024
Mumbai,Borivali,Theft,164,103956,Cloudy,200,11.17,2,19.2307,72.8567,High,13-02-2025
Chhatrapati Sambhajinagar,Aurangpura,Fraud,86,196028,Cloudy,220,11.1,12,19.8762,75.3433,Medium,11-01-2025
Chhatrapati Sambhajinagar,Aurangpura,Assault,170,60959,Rainy,127,7.09,6,19.8762,75.3433,High,25-03-2026
Chhatrapati Sambhajinagar,Aurangpura,Burglary,210,133715,Foggy,33,6.83,10,19.8762,75.3433,High,05-03-2024
Chhatrapati Sambhajinagar,CIDCO,Theft,112,116747,Rainy,45,8.88,6,19.889,75.32,Medium,22-04-2026
Pune,Wakad,Cyber Crime,130,93683,Sunny,49,3.12,2,18.5975,73.7637,Medium,21-08-2024
Pune,Kothrud,Theft,69,29718,Rainy,152,10.97,10,18.5074,73.8077,Low,27-09-2024
Mumbai,Andheri,Cyber Crime,109,75356,Rainy,88,11.93,1,19.1136,72.8697,Medium,24-11-2024
Pune,Kothrud,Fraud,55,168798,Sunny,148,11.43,12,18.5074,73.8077,Low,28-05-2026
Nashik,CIDCO,Assault,23,151024,Rainy,151,10.71,9,19.9667,73.7667,Low,26-03-2026
Chhatrapati Sambhajinagar,Osmanpura,Robbery,210,70754,Foggy,32,12.71,6,19.87,75.33,High,01-05-2024
Nagpur,Shankar Nagar,Theft,11,104864,Cloudy,61,2.08,6,21.127,79.06,Low,27-01-2024
Pune,Baner,Robbery,59,106158,Rainy,18,8.16,5,18.559,73.7868,Low,23-05-2025
Nashik,Gangapur Road,Burglary,224,48189,Foggy,74,12.69,5,20.011,73.75,High,18-03-2024
Pune,Hinjewadi,Cyber Crime,209,163850,Foggy,175,4.87,4,18.5912,73.7389,High,19-01-2026
Nashik,CIDCO,Robbery,74,150084,Sunny,68,13.65,7,19.9667,73.7667,Low,30-08-2024
Nashik,CIDCO,Burglary,145,107622,Rainy,167,8.37,11,19.9667,73.7667,Medium,31-08-2025
Mumbai,Andheri,Burglary,161,143491,Sunny,126,9.86,10,19.1136,72.8697,High,20-05-2026
Mumbai,Bandra,Burglary,40,161430,Cloudy,77,7.94,4,19.0596,72.8295,Low,01-10-2024
Chhatrapati Sambhajinagar,Osmanpura,Cyber Crime,120,96130,Cloudy,70,4.2,6,19.87,75.33,Medium,27-07-2025
Pune,Wakad,Burglary,216,136343,Foggy,44,2.24,5,18.5975,73.7637,High,27-02-2026
Nashik,Nashik Road,Fraud,248,39841,Cloudy,12,10.6,10,19.9975,73.7898,High,27-11-2024
Nashik,Nashik Road,Theft,179,176277,Cloudy,92,8.71,10,19.9975,73.7898,High,11-06-2024
Nagpur,Sadar,Burglary,16,86949,Foggy,131,14.21,10,21.1642,79.0821,Low,21-06-2025
Nashik,Gangapur Road,Theft,38,170244,Foggy,159,7.01,5,20.011,73.75,Low,20-09-2024
Mumbai,Andheri,Fraud,69,96047,Rainy,97,11.82,2,19.1136,72.8697,Low,30-08-2024
Mumbai,Colaba,Robbery,59,172058,Rainy,49,14.23,4,18.9067,72.8147,Low,18-08-2024
Nashik,Nashik Road,Robbery,137,64844,Foggy,197,9.28,5,19.9975,73.7898,Medium,30-04-2024
Pune,Hadapsar,Fraud,103,150629,Cloudy,175,5.33,10,18.5089,73.9259,Medium,09-09-2025
Pune,Hinjewadi,Fraud,125,140026,Sunny,186,3.8,9,18.5912,73.7389,Medium,10-03-2025
Pune,Hadapsar,Robbery,200,186904,Cloudy,11,2.4,12,18.5089,73.9259,High,07-01-2025
Pune,Hadapsar,Burglary,24,148375,Foggy,187,8.8,9,18.5089,73.9259,Low,13-04-2025
Mumbai,Andheri,Burglary,13,178529,Cloudy,92,3.88,12,19.1136,72.8697,Low,26-05-2025
Chhatrapati Sambhajinagar,Aurangpura,Theft,189,47906,Rainy,183,5.05,3,19.8762,75.3433,High,01-03-2025
Nagpur,Sadar,Assault,103,69813,Foggy,82,5.54,2,21.1642,79.0821,Medium,24-03-2025
Nashik,CIDCO,Burglary,19,97880,Sunny,102,11.34,2,19.9667,73.7667,Low,22-03-2026
Chhatrapati Sambhajinagar,Aurangpura,Assault,22,69376,Foggy,183,5.75,12,19.8762,75.3433,Low,27-09-2025
Pune,Wakad,Burglary,220,115461,Foggy,64,14.56,8,18.5975,73.7637,High,05-05-2026
Chhatrapati Sambhajinagar,CIDCO,Theft,69,76531,Cloudy,92,3.29,8,19.889,75.32,Low,22-07-2025
Nashik,Gangapur Road,Theft,82,134114,Rainy,24,9.68,3,20.011,73.75,Medium,26-02-2026
Mumbai,Powai,Assault,212,129924,Sunny,82,11.3,11,19.1176,72.906,High,16-09-2025
Mumbai,Andheri,Burglary,130,169865,Cloudy,138,2.21,9,19.1136,72.8697,Medium,10-04-2025
Nagpur,Sadar,Burglary,34,152677,Foggy,36,3.74,11,21.1642,79.0821,Low,12-06-2024
Chhatrapati Sambhajinagar,Aurangpura,Theft,231,160573,Rainy,154,9.39,4,19.8762,75.3433,High,25-04-2025
Nagpur,Lakadganj,Robbery,141,179150,Rainy,203,12.03,12,21.1505,79.1155,Medium,23-11-2024
Pune,Kothrud,Robbery,238,101374,Rainy,51,14.91,7,18.5074,73.8077,High,05-09-2024
Chhatrapati Sambhajinagar,Aurangpura,Robbery,190,49065,Cloudy,137,8.64,10,19.8762,75.3433,High,12-10-2024
Chhatrapati Sambhajinagar,CIDCO,Fraud,155,43827,Sunny,171,7.06,5,19.889,75.32,High,17-01-2025
Mumbai,Andheri,Cyber Crime,47,122266,Cloudy,134,9.13,12,19.1136,72.8697,Low,27-04-2025
Nagpur,Jaripatka,Assault,25,117695,Cloudy,201,10.21,10,21.1801,79.0955,Low,29-05-2026
Nagpur,Shankar Nagar,Theft,107,69798,Rainy,112,10.78,8,21.127,79.06,Medium,28-03-2026
Nashik,Nashik Road,Cyber Crime,195,77146,Rainy,202,14.13,4,19.9975,73.7898,High,24-07-2024
Nagpur,Sitabuldi,Fraud,218,169142,Sunny,181,8.22,4,21.1458,79.0882,High,28-07-2024
Nagpur,Civil Lines,Robbery,132,37649,Sunny,173,14.11,11,21.153,79.072,Medium,11-04-2024
Nashik,CIDCO,Fraud,144,104589,Cloudy,6,9.12,1,19.9667,73.7667,Medium,10-04-2025
Chhatrapati Sambhajinagar,CIDCO,Fraud,249,84217,Foggy,175,6.79,6,19.889,75.32,High,26-07-2024
Nagpur,Shankar Nagar,Robbery,29,105472,Foggy,31,6.64,10,21.127,79.06,Low,26-01-2026
Chhatrapati Sambhajinagar,Aurangpura,Robbery,37,107932,Cloudy,209,11.19,7,19.8762,75.3433,Low,06-04-2024
Nagpur,Dharampeth,Robbery,29,77671,Cloudy,210,2.4,9,21.129,79.0588,Low,13-10-2025
Mumbai,Andheri,Robbery,104,95846,Rainy,101,5.46,12,19.1136,72.8697,Medium,10-01-2025
Nagpur,Jaripatka,Fraud,166,37513,Cloudy,57,4.48,2,21.1801,79.0955,High,10-05-2024
Chhatrapati Sambhajinagar,Osmanpura,Robbery,82,134049,Sunny,110,6.27,12,19.87,75.33,Medium,09-06-2026
Mumbai,Andheri,Theft,57,66574,Foggy,84,8.88,7,19.1136,72.8697,Low,06-03-2026
Mumbai,Dadar,Theft,188,95325,Sunny,53,5.74,9,19.0178,72.8478,High,01-04-2026
Chhatrapati Sambhajinagar,CIDCO,Burglary,225,92337,Rainy,201,4.23,11,19.889,75.32,High,21-08-2024
Nashik,Gangapur Road,Assault,105,191714,Cloudy,133,11.19,5,20.011,73.75,Medium,23-10-2025
Pune,Hadapsar,Theft,100,82496,Rainy,92,10.39,8,18.5089,73.9259,Medium,11-11-2024
Chhatrapati Sambhajinagar,Osmanpura,Assault,243,98891,Sunny,137,5.27,12,19.87,75.33,High,30-12-2025
Mumbai,Borivali,Burglary,144,150349,Cloudy,53,10.39,9,19.2307,72.8567,Medium,15-09-2024
Chhatrapati Sambhajinagar,Aurangpura,Theft,149,103615,Sunny,189,13.06,1,19.8762,75.3433,Medium,06-06-2025
Nashik,Gangapur Road,Assault,23,103415,Sunny,90,4.59,9,20.011,73.75,Low,21-02-2024
Nashik,Gangapur Road,Fraud,84,84225,Cloudy,108,4.42,5,20.011,73.75,Medium,13-03-2026
Nashik,CIDCO,Assault,51,51567,Foggy,27,12.56,7,19.9667,73.7667,Low,25-07-2025
Mumbai,Colaba,Fraud,173,151601,Rainy,119,2.32,3,18.9067,72.8147,High,31-05-2024
Chhatrapati Sambhajinagar,CIDCO,Burglary,227,36056,Sunny,210,12.06,11,19.889,75.32,High,02-01-2025
Mumbai,Borivali,Fraud,175,191620,Foggy,47,10.7,9,19.2307,72.8567,High,09-11-2024
Chhatrapati Sambhajinagar,Osmanpura,Assault,244,195825,Foggy,219,7.94,9,19.87,75.33,High,08-12-2025
Nashik,CIDCO,Cyber Crime,188,196462,Rainy,12,9.05,10,19.9667,73.7667,High,05-06-2026
Pune,Baner,Fraud,16,125629,Foggy,113,5.43,12,18.559,73.7868,Low,23-05-2026
Nashik,CIDCO,Assault,32,83904,Rainy,84,9.8,11,19.9667,73.7667,Low,19-06-2025
Chhatrapati Sambhajinagar,Osmanpura,Cyber Crime,158,164116,Rainy,53,7.53,1,19.87,75.33,High,14-12-2024
Chhatrapati Sambhajinagar,Osmanpura,Burglary,248,25032,Sunny,41,14.74,4,19.87,75.33,High,13-06-2025
Chhatrapati Sambhajinagar,Osmanpura,Robbery,21,192945,Foggy,41,7.79,2,19.87,75.33,Low,24-05-2024
Mumbai,Bandra,Burglary,242,135394,Rainy,64,4.28,7,19.0596,72.8295,High,18-09-2025
Chhatrapati Sambhajinagar,CIDCO,Assault,214,56341,Rainy,176,12.39,6,19.889,75.32,High,28-01-2025
Chhatrapati Sambhajinagar,Aurangpura,Theft,174,66911,Rainy,39,3.91,11,19.8762,75.3433,High,28-08-2025
Mumbai,Colaba,Burglary,153,109946,Foggy,84,2.29,3,18.9067,72.8147,High,28-11-2025
Pune,Wakad,Fraud,179,71752,Rainy,44,10.05,3,18.5975,73.7637,High,01-01-2025
Chhatrapati Sambhajinagar,Osmanpura,Robbery,47,60151,Rainy,178,8.48,1,19.87,75.33,Low,01-12-2025
Nagpur,Sadar,Fraud,171,52433,Foggy,9,6.21,7,21.1642,79.0821,High,19-09-2025
Chhatrapati Sambhajinagar,Aurangpura,Fraud,235,67674,Foggy,123,12.86,2,19.8762,75.3433,High,13-08-2025
Nashik,Nashik Road,Theft,199,185580,Sunny,165,9.33,3,19.9975,73.7898,High,22-01-2024
Pune,Hinjewadi,Cyber Crime,227,99016,Rainy,219,11.22,4,18.5912,73.7389,High,08-04-2026
Pune,Hadapsar,Robbery,63,105849,Sunny,85,2.53,4,18.5089,73.9259,Low,02-10-2025
Nagpur,Sadar,Burglary,30,144773,Rainy,80,11.77,9,21.1642,79.0821,Low,17-09-2024
Nagpur,Sitabuldi,Theft,219,90961,Rainy,169,9.47,5,21.1458,79.0882,High,11-01-2026
Nashik,Gangapur Road,Fraud,180,199061,Cloudy,128,10.69,8,20.011,73.75,High,12-02-2025
Chhatrapati Sambhajinagar,CIDCO,Cyber Crime,227,58710,Sunny,179,9.45,7,19.889,75.32,High,03-08-2025
Nagpur,Shankar Nagar,Robbery,18,197288,Rainy,96,12.9,6,21.127,79.06,Low,23-06-2025
Nagpur,Sadar,Robbery,164,109797,Rainy,82,9.07,9,21.1642,79.0821,High,03-06-2024
Chhatrapati Sambhajinagar,Aurangpura,Burglary,176,88496,Cloudy,181,12.38,5,19.8762,75.3433,High,23-02-2024
Nashik,Nashik Road,Robbery,241,178876,Sunny,86,12,3,19.9975,73.7898,High,29-11-2025
Nashik,CIDCO,Theft,204,99252,Foggy,18,9.78,12,19.9667,73.7667,High,14-06-2025
Mumbai,Dadar,Fraud,18,113970,Rainy,77,14.12,7,19.0178,72.8478,Low,30-08-2024
Mumbai,Bandra,Robbery,67,193667,Cloudy,188,10.29,6,19.0596,72.8295,Low,24-09-2024
Chhatrapati Sambhajinagar,CIDCO,Theft,90,180372,Rainy,119,14.96,7,19.889,75.32,Medium,13-03-2025
Nagpur,Shankar Nagar,Assault,120,160551,Cloudy,136,7.91,9,21.127,79.06,Medium,04-11-2024
Nagpur,Sitabuldi,Robbery,48,95811,Cloudy,73,7.89,8,21.1458,79.0882,Low,04-12-2025
Pune,Kothrud,Robbery,192,116588,Sunny,145,4.32,2,18.5074,73.8077,High,09-10-2025
Chhatrapati Sambhajinagar,CIDCO,Theft,98,198783,Cloudy,180,12.46,4,19.889,75.32,Medium,16-09-2025
Mumbai,Borivali,Theft,28,190045,Sunny,30,12.13,11,19.2307,72.8567,Low,10-12-2024
Pune,Hinjewadi,Robbery,49,125360,Foggy,16,14.33,4,18.5912,73.7389,Low,14-06-2025
Nashik,CIDCO,Cyber Crime,70,38142,Rainy,111,9.55,7,19.9667,73.7667,Low,20-05-2024
Chhatrapati Sambhajinagar,Osmanpura,Assault,238,93236,Foggy,146,11.43,7,19.87,75.33,High,09-08-2024
Chhatrapati Sambhajinagar,CIDCO,Theft,163,47563,Foggy,188,9.66,8,19.889,75.32,High,15-10-2024
Nagpur,Shankar Nagar,Robbery,176,119881,Cloudy,219,12.13,4,21.127,79.06,High,15-09-2024
Nagpur,Lakadganj,Theft,32,199456,Rainy,89,8.08,1,21.1505,79.1155,Low,19-05-2024
Pune,Kothrud,Theft,129,30192,Foggy,206,12.8,9,18.5074,73.8077,Medium,02-01-2024
Chhatrapati Sambhajinagar,Osmanpura,Theft,189,119963,Rainy,147,11.88,12,19.87,75.33,High,26-05-2026
Pune,Hinjewadi,Burglary,131,89964,Cloudy,117,9.29,4,18.5912,73.7389,Medium,24-07-2024
Pune,Shivaji Nagar,Robbery,183,90336,Cloudy,69,14.07,10,18.5308,73.8475,High,24-03-2024
Pune,Shivaji Nagar,Theft,196,48988,Sunny,93,14.36,10,18.5308,73.8475,High,23-05-2026
Mumbai,Andheri,Robbery,238,73162,Sunny,115,2.58,1,19.1136,72.8697,High,22-10-2025
Pune,Wakad,Fraud,246,64419,Rainy,100,11.62,3,18.5975,73.7637,High,22-07-2025
Mumbai,Borivali,Robbery,133,189593,Cloudy,83,10.79,4,19.2307,72.8567,Medium,28-11-2024
Nagpur,Sitabuldi,Burglary,142,179401,Sunny,213,7.21,10,21.1458,79.0882,Medium,23-04-2024
Mumbai,Borivali,Fraud,75,133113,Rainy,151,14.24,10,19.2307,72.8567,Low,12-03-2024
Pune,Kothrud,Fraud,212,30146,Cloudy,139,6.46,2,18.5074,73.8077,High,18-07-2024
Nagpur,Civil Lines,Cyber Crime,45,195436,Foggy,23,4.88,6,21.153,79.072,Low,01-07-2024
Nashik,CIDCO,Robbery,102,162561,Cloudy,117,4.18,3,19.9667,73.7667,Medium,21-07-2024
Pune,Baner,Assault,45,124002,Sunny,216,6.36,11,18.559,73.7868,Low,26-10-2024
Nashik,Nashik Road,Robbery,127,68932,Cloudy,88,9.26,12,19.9975,73.7898,Medium,18-05-2026
Pune,Kothrud,Assault,196,122003,Sunny,29,14.62,2,18.5074,73.8077,High,29-08-2025
Mumbai,Powai,Assault,178,73345,Sunny,97,3.94,4,19.1176,72.906,High,03-03-2025
Chhatrapati Sambhajinagar,Aurangpura,Theft,127,150859,Sunny,104,12.99,5,19.8762,75.3433,Medium,14-06-2024
Pune,Shivaji Nagar,Theft,15,155510,Sunny,131,6.54,10,18.5308,73.8475,Low,04-01-2026
Pune,Shivaji Nagar,Burglary,142,117573,Foggy,136,4.97,2,18.5308,73.8475,Medium,01-08-2024
Chhatrapati Sambhajinagar,Aurangpura,Fraud,133,43131,Rainy,113,11.62,10,19.8762,75.3433,Medium,22-04-2024
Mumbai,Powai,Cyber Crime,212,151553,Rainy,94,11.04,10,19.1176,72.906,High,03-07-2025
Pune,Hinjewadi,Cyber Crime,14,74785,Rainy,67,3.06,5,18.5912,73.7389,Low,30-06-2025
Nagpur,Civil Lines,Cyber Crime,21,25019,Foggy,76,7.08,4,21.153,79.072,Low,09-02-2024
Mumbai,Colaba,Theft,66,137933,Foggy,134,2.61,4,18.9067,72.8147,Low,13-02-2025
Nagpur,Sitabuldi,Assault,41,46745,Rainy,167,2.2,7,21.1458,79.0882,Low,14-03-2025
Pune,Baner,Theft,240,173132,Foggy,202,5.56,3,18.559,73.7868,High,13-04-2024
Nagpur,Dharampeth,Assault,83,37067,Sunny,208,6.77,3,21.129,79.0588,Medium,22-09-2025
Pune,Hinjewadi,Assault,137,100260,Foggy,27,10.21,10,18.5912,73.7389,Medium,28-08-2024
Mumbai,Andheri,Cyber Crime,137,173493,Foggy,13,14.51,6,19.1136,72.8697,Medium,08-08-2025
Pune,Hadapsar,Theft,179,152810,Sunny,35,9.41,9,18.5089,73.9259,High,16-09-2024
Nashik,CIDCO,Assault,162,168003,Rainy,136,13.61,8,19.9667,73.7667,High,20-10-2024
Nagpur,Shankar Nagar,Theft,88,69511,Rainy,93,10.41,12,21.127,79.06,Medium,03-11-2025
Pune,Shivaji Nagar,Robbery,123,142499,Rainy,130,6.47,12,18.5308,73.8475,Medium,08-04-2026
Mumbai,Powai,Burglary,106,138688,Rainy,75,11.66,7,19.1176,72.906,Medium,01-05-2025
Pune,Hinjewadi,Theft,184,45833,Sunny,152,4.75,12,18.5912,73.7389,High,29-06-2025
Nashik,CIDCO,Burglary,145,94708,Cloudy,208,13.3,6,19.9667,73.7667,Medium,30-06-2024
Pune,Wakad,Cyber Crime,72,160147,Sunny,202,3.88,3,18.5975,73.7637,Low,26-05-2026
Mumbai,Powai,Assault,165,33096,Rainy,72,10.14,2,19.1176,72.906,High,14-03-2025
Chhatrapati Sambhajinagar,Aurangpura,Robbery,147,166465,Rainy,43,8.75,8,19.8762,75.3433,Medium,19-02-2025
Mumbai,Borivali,Theft,158,175686,Foggy,156,13.68,7,19.2307,72.8567,High,02-07-2025
Pune,Baner,Assault,132,111948,Sunny,16,12.45,1,18.559,73.7868,Medium,14-12-2025
Nashik,Gangapur Road,Burglary,204,39548,Cloudy,103,11.09,1,20.011,73.75,High,06-06-2025
Nagpur,Dharampeth,Cyber Crime,69,134182,Foggy,61,8.38,9,21.129,79.0588,Low,17-09-2025
Nashik,Nashik Road,Theft,66,89233,Foggy,86,13.23,9,19.9975,73.7898,Low,10-12-2024
Mumbai,Colaba,Cyber Crime,62,118644,Sunny,36,6.26,4,18.9067,72.8147,Low,27-09-2024
Chhatrapati Sambhajinagar,Aurangpura,Robbery,181,183836,Cloudy,209,11.81,11,19.8762,75.3433,High,27-04-2024
Nagpur,Dharampeth,Fraud,197,80603,Foggy,28,8.36,3,21.129,79.0588,High,01-04-2026
Nashik,Gangapur Road,Burglary,50,149277,Foggy,21,5.77,3,20.011,73.75,Low,02-01-2024
Chhatrapati Sambhajinagar,CIDCO,Robbery,215,163389,Foggy,42,11.58,5,19.889,75.32,High,23-01-2026
Pune,Wakad,Cyber Crime,60,150364,Foggy,61,3.81,3,18.5975,73.7637,Low,05-01-2026
Nashik,Gangapur Road,Fraud,203,194589,Sunny,32,4.94,5,20.011,73.75,High,01-03-2026
Mumbai,Dadar,Burglary,34,142412,Foggy,172,3.37,4,19.0178,72.8478,Low,12-06-2024
Pune,Hadapsar,Theft,95,63435,Rainy,189,6.95,10,18.5089,73.9259,Medium,01-01-2025
Chhatrapati Sambhajinagar,CIDCO,Assault,191,67318,Cloudy,104,3.46,12,19.889,75.32,High,08-01-2026
Pune,Shivaji Nagar,Assault,203,33992,Sunny,204,7.27,7,18.5308,73.8475,High,19-03-2024
Pune,Wakad,Cyber Crime,83,153764,Sunny,131,3.98,3,18.5975,73.7637,Medium,12-11-2024
Nagpur,Sadar,Robbery,220,28656,Rainy,182,13.5,10,21.1642,79.0821,High,23-04-2024
Mumbai,Borivali,Assault,224,122491,Rainy,166,10.95,10,19.2307,72.8567,High,21-01-2025
Nashik,Gangapur Road,Theft,182,108184,Sunny,75,4.79,12,20.011,73.75,High,02-06-2026
Chhatrapati Sambhajinagar,CIDCO,Assault,236,61129,Foggy,24,10.02,11,19.889,75.32,High,20-07-2024
Pune,Shivaji Nagar,Theft,250,53529,Foggy,93,5.93,4,18.5308,73.8475,High,20-05-2025
Mumbai,Powai,Assault,220,159679,Cloudy,10,9.56,3,19.1176,72.906,High,30-01-2025
Nashik,Gangapur Road,Fraud,40,172659,Foggy,192,11.18,9,20.011,73.75,Low,15-04-2024
Chhatrapati Sambhajinagar,CIDCO,Theft,49,142793,Rainy,18,14.65,4,19.889,75.32,Low,21-04-2024
Chhatrapati Sambhajinagar,Osmanpura,Robbery,140,168735,Foggy,165,10.56,12,19.87,75.33,Medium,18-01-2025
Mumbai,Dadar,Burglary,80,55025,Rainy,39,8.96,6,19.0178,72.8478,Medium,16-07-2024
Nagpur,Lakadganj,Assault,48,42732,Cloudy,19,13.78,5,21.1505,79.1155,Low,10-04-2025
Nashik,Gangapur Road,Assault,247,39805,Rainy,164,14.63,8,20.011,73.75,High,08-01-2026
Pune,Hinjewadi,Theft,13,115043,Sunny,96,12.33,5,18.5912,73.7389,Low,27-05-2026
Pune,Baner,Robbery,116,157338,Sunny,136,4.52,10,18.559,73.7868,Medium,04-03-2025
Nagpur,Sadar,Cyber Crime,12,196069,Sunny,57,13.36,11,21.1642,79.0821,Low,25-06-2025
Nashik,Gangapur Road,Robbery,119,67323,Sunny,145,14.81,12,20.011,73.75,Medium,29-08-2025
Pune,Baner,Theft,117,121344,Sunny,100,9.62,9,18.559,73.7868,Medium,21-11-2024
Pune,Baner,Fraud,32,61594,Rainy,160,7.07,4,18.559,73.7868,Low,10-06-2025
Nashik,Nashik Road,Theft,228,167133,Cloudy,206,8.76,8,19.9975,73.7898,High,10-11-2025
Nagpur,Jaripatka,Cyber Crime,39,102522,Cloudy,178,5.17,4,21.1801,79.0955,Low,10-01-2024
Chhatrapati Sambhajinagar,CIDCO,Robbery,53,186649,Sunny,60,5.9,1,19.889,75.32,Low,17-10-2025
Nagpur,Civil Lines,Assault,165,176819,Foggy,89,12.04,9,21.153,79.072,High,18-07-2024
Chhatrapati Sambhajinagar,Aurangpura,Robbery,157,153904,Sunny,60,11.13,5,19.8762,75.3433,High,07-02-2025
Nashik,Nashik Road,Robbery,26,108961,Foggy,85,3.33,3,19.9975,73.7898,Low,02-09-2025
Nagpur,Sitabuldi,Theft,205,150123,Foggy,73,7.92,5,21.1458,79.0882,High,14-09-2024
Mumbai,Powai,Assault,40,152392,Rainy,200,14.64,6,19.1176,72.906,Low,08-02-2026
Chhatrapati Sambhajinagar,CIDCO,Cyber Crime,206,119230,Foggy,16,5.07,1,19.889,75.32,High,11-05-2026
Nagpur,Shankar Nagar,Robbery,125,134091,Foggy,198,11.13,9,21.127,79.06,Medium,19-02-2025
Pune,Baner,Fraud,110,187187,Rainy,194,7.38,1,18.559,73.7868,Medium,08-06-2024
Mumbai,Borivali,Assault,49,167634,Sunny,40,10.03,6,19.2307,72.8567,Low,27-04-2025
Pune,Hadapsar,Assault,91,105366,Cloudy,119,9.18,2,18.5089,73.9259,Medium,15-05-2026
Nashik,CIDCO,Theft,94,139887,Rainy,53,9.85,6,19.9667,73.7667,Medium,17-09-2024
Nashik,Nashik Road,Assault,36,121486,Rainy,193,12.03,3,19.9975,73.7898,Low,03-08-2025
Nashik,Gangapur Road,Theft,18,109459,Foggy,200,9.76,8,20.011,73.75,Low,12-02-2025
Nagpur,Civil Lines,Robbery,76,79347,Cloudy,154,6.43,7,21.153,79.072,Medium,22-04-2026
Nagpur,Civil Lines,Cyber Crime,170,148720,Cloudy,89,7.12,5,21.153,79.072,High,04-09-2025
Chhatrapati Sambhajinagar,Aurangpura,Cyber Crime,242,146150,Sunny,108,10.41,10,19.8762,75.3433,High,23-04-2025
Pune,Hadapsar,Robbery,218,66673,Sunny,176,13.92,1,18.5089,73.9259,High,01-03-2024
Nagpur,Civil Lines,Theft,78,90053,Cloudy,170,5.16,5,21.153,79.072,Medium,10-07-2025
Pune,Baner,Assault,225,48548,Sunny,23,6.71,2,18.559,73.7868,High,18-02-2026
Pune,Baner,Assault,42,89706,Foggy,124,14.98,10,18.559,73.7868,Low,30-07-2025
Nagpur,Sitabuldi,Theft,104,150489,Foggy,62,8.22,3,21.1458,79.0882,Medium,05-08-2024
Pune,Shivaji Nagar,Robbery,25,86873,Foggy,167,2.93,1,18.5308,73.8475,Low,03-08-2024
Nashik,Nashik Road,Fraud,76,129398,Cloudy,199,10.55,11,19.9975,73.7898,Medium,28-01-2025
Mumbai,Powai,Fraud,22,170485,Cloudy,26,4.57,7,19.1176,72.906,Low,20-05-2026
Pune,Wakad,Theft,99,86469,Cloudy,74,5.07,4,18.5975,73.7637,Medium,05-05-2026
Nagpur,Sitabuldi,Robbery,218,79060,Rainy,136,4.72,3,21.1458,79.0882,High,13-08-2025
Mumbai,Borivali,Assault,33,77022,Cloudy,99,5.74,9,19.2307,72.8567,Low,06-09-2025
Mumbai,Bandra,Assault,178,167941,Sunny,160,7.64,3,19.0596,72.8295,High,04-05-2024
Nashik,Nashik Road,Robbery,179,125859,Sunny,7,8.07,12,19.9975,73.7898,High,08-09-2024
Nashik,Gangapur Road,Burglary,231,149326,Sunny,190,13.58,8,20.011,73.75,High,23-11-2024
Mumbai,Colaba,Fraud,202,71742,Rainy,29,9.31,8,18.9067,72.8147,High,06-05-2024
Nashik,Gangapur Road,Assault,174,40179,Sunny,179,2.57,10,20.011,73.75,High,06-10-2025
Mumbai,Dadar,Cyber Crime,198,179292,Sunny,108,3.34,5,19.0178,72.8478,High,19-06-2024
Nashik,Nashik Road,Assault,24,87876,Sunny,53,12.49,12,19.9975,73.7898,Low,21-01-2025
Pune,Wakad,Fraud,31,28489,Sunny,138,11.95,6,18.5975,73.7637,Low,10-05-2024
Nashik,CIDCO,Assault,246,178728,Foggy,104,6.05,12,19.9667,73.7667,High,08-09-2025
Pune,Baner,Assault,22,102011,Sunny,65,7.12,7,18.559,73.7868,Low,11-06-2026
Chhatrapati Sambhajinagar,Osmanpura,Fraud,249,150033,Foggy,177,9.96,6,19.87,75.33,High,24-07-2025
Chhatrapati Sambhajinagar,Osmanpura,Assault,233,38158,Cloudy,151,5.96,5,19.87,75.33,High,04-12-2024
Pune,Wakad,Assault,194,98563,Sunny,57,6.01,4,18.5975,73.7637,High,31-10-2025
Nagpur,Jaripatka,Assault,189,85087,Rainy,9,12.72,1,21.1801,79.0955,High,07-03-2024
Nashik,Nashik Road,Theft,73,168036,Cloudy,78,14.6,9,19.9975,73.7898,Low,26-02-2024
Nagpur,Dharampeth,Cyber Crime,204,102653,Foggy,113,2.22,7,21.129,79.0588,High,07-06-2024
Pune,Baner,Robbery,140,49288,Sunny,112,4.35,3,18.559,73.7868,Medium,25-04-2025
Mumbai,Dadar,Theft,38,108267,Rainy,73,12.31,5,19.0178,72.8478,Low,29-11-2024
Nagpur,Civil Lines,Robbery,224,65511,Rainy,42,12.86,12,21.153,79.072,High,26-10-2024
Pune,Hadapsar,Fraud,130,35090,Sunny,79,2.84,2,18.5089,73.9259,Medium,04-09-2025
Nashik,Gangapur Road,Cyber Crime,207,86092,Foggy,64,9.27,9,20.011,73.75,High,12-02-2024
Mumbai,Andheri,Theft,190,144881,Rainy,181,13.09,7,19.1136,72.8697,High,02-01-2024
Chhatrapati Sambhajinagar,Osmanpura,Theft,142,149082,Cloudy,220,2.49,9,19.87,75.33,Medium,16-11-2024
Nashik,CIDCO,Robbery,217,97479,Cloudy,53,11.15,1,19.9667,73.7667,High,05-12-2024
Nashik,Gangapur Road,Fraud,116,184769,Cloudy,8,9.01,9,20.011,73.75,Medium,08-04-2026
Nagpur,Civil Lines,Cyber Crime,82,157675,Rainy,185,5.72,10,21.153,79.072,Medium,30-04-2026
Nashik,Gangapur Road,Fraud,135,194172,Rainy,94,6.67,11,20.011,73.75,Medium,18-01-2024
Chhatrapati Sambhajinagar,Osmanpura,Assault,194,75603,Cloudy,87,5.04,2,19.87,75.33,High,29-12-2025
Chhatrapati Sambhajinagar,CIDCO,Burglary,178,109619,Cloudy,116,3.21,4,19.889,75.32,High,08-08-2024
Nashik,CIDCO,Robbery,240,176585,Foggy,170,8.21,8,19.9667,73.7667,High,24-04-2026
Mumbai,Bandra,Robbery,161,76190,Sunny,206,9.35,2,19.0596,72.8295,High,01-01-2025
Mumbai,Powai,Cyber Crime,66,150653,Foggy,69,14.88,6,19.1176,72.906,Low,15-01-2024
Mumbai,Colaba,Theft,164,79320,Foggy,151,5.9,2,18.9067,72.8147,High,01-04-2024
Pune,Wakad,Robbery,27,60832,Cloudy,100,6.77,5,18.5975,73.7637,Low,21-03-2025
Pune,Baner,Fraud,236,192521,Foggy,49,6.78,4,18.559,73.7868,High,27-11-2025
Mumbai,Andheri,Burglary,234,46516,Rainy,124,11.29,8,19.1136,72.8697,High,12-10-2024
Chhatrapati Sambhajinagar,Aurangpura,Assault,218,54448,Rainy,215,4.18,3,19.8762,75.3433,High,31-05-2025
Mumbai,Colaba,Theft,70,28350,Cloudy,82,7.57,10,18.9067,72.8147,Low,07-02-2026
Pune,Baner,Cyber Crime,98,93250,Cloudy,132,10.35,12,18.559,73.7868,Medium,12-02-2024
Pune,Wakad,Burglary,188,150466,Foggy,164,7.6,8,18.5975,73.7637,High,07-07-2025
Chhatrapati Sambhajinagar,Aurangpura,Theft,187,136172,Foggy,189,12.8,4,19.8762,75.3433,High,30-05-2026
Pune,Shivaji Nagar,Cyber Crime,135,103327,Cloudy,159,2.19,12,18.5308,73.8475,Medium,28-03-2024
Nagpur,Sadar,Assault,150,44778,Foggy,15,8.52,5,21.1642,79.0821,Medium,05-10-2024
Nashik,Nashik Road,Theft,117,69390,Cloudy,117,13.97,6,19.9975,73.7898,Medium,12-04-2025
Nashik,CIDCO,Assault,208,84393,Rainy,191,11.82,4,19.9667,73.7667,High,27-07-2025
Mumbai,Colaba,Cyber Crime,146,147169,Sunny,16,9.2,3,18.9067,72.8147,Medium,18-05-2025
Pune,Kothrud,Assault,122,163822,Cloudy,151,2.01,7,18.5074,73.8077,Medium,26-07-2025
Nashik,CIDCO,Burglary,224,150508,Sunny,203,5.73,4,19.9667,73.7667,High,25-05-2026
Mumbai,Borivali,Robbery,54,93012,Rainy,164,14.18,2,19.2307,72.8567,Low,12-02-2024
Mumbai,Dadar,Theft,60,67004,Foggy,79,6.82,6,19.0178,72.8478,Low,08-03-2026
Chhatrapati Sambhajinagar,Aurangpura,Assault,131,116646,Rainy,66,10.9,9,19.8762,75.3433,Medium,09-05-2024
Nashik,Gangapur Road,Burglary,187,107545,Rainy,148,7.06,9,20.011,73.75,High,25-07-2024
Chhatrapati Sambhajinagar,Osmanpura,Assault,10,109878,Cloudy,111,10.77,3,19.87,75.33,Low,27-02-2025
Nagpur,Jaripatka,Theft,239,114125,Cloudy,136,6.98,4,21.1801,79.0955,High,24-10-2024
Mumbai,Powai,Assault,79,193118,Cloudy,196,13.95,5,19.1176,72.906,Medium,10-06-2025
Pune,Hinjewadi,Fraud,39,163858,Cloudy,105,6.98,2,18.5912,73.7389,Low,04-02-2024
Nagpur,Lakadganj,Burglary,96,64738,Cloudy,113,9.21,11,21.1505,79.1155,Medium,11-02-2024
Nagpur,Shankar Nagar,Robbery,122,101427,Rainy,9,3.34,5,21.127,79.06,Medium,19-11-2025
Mumbai,Bandra,Burglary,209,44238,Cloudy,141,5.82,8,19.0596,72.8295,High,27-08-2025
Pune,Hinjewadi,Fraud,123,153687,Sunny,158,10.95,6,18.5912,73.7389,Medium,27-07-2025
Mumbai,Dadar,Fraud,27,157431,Sunny,183,2.16,7,19.0178,72.8478,Low,30-09-2025
Nagpur,Dharampeth,Assault,75,161842,Cloudy,197,14.77,4,21.129,79.0588,Low,26-02-2025
Nagpur,Dharampeth,Assault,176,48670,Foggy,105,14.08,10,21.129,79.0588,High,25-04-2026
Pune,Hinjewadi,Assault,23,179971,Sunny,38,4.74,10,18.5912,73.7389,Low,30-05-2024
Nashik,Nashik Road,Assault,161,181325,Foggy,174,6.46,10,19.9975,73.7898,High,23-10-2025
Mumbai,Dadar,Fraud,140,60343,Rainy,175,5.01,1,19.0178,72.8478,Medium,01-02-2025
Mumbai,Borivali,Burglary,162,196847,Foggy,56,9.06,9,19.2307,72.8567,High,28-09-2025
Pune,Hadapsar,Robbery,33,50255,Cloudy,57,14.66,6,18.5089,73.9259,Low,27-05-2025
Nagpur,Sadar,Robbery,182,109534,Sunny,49,11.14,4,21.1642,79.0821,High,04-09-2025
Nashik,Nashik Road,Assault,126,40317,Rainy,147,4.91,1,19.9975,73.7898,Medium,07-10-2024
Nagpur,Sitabuldi,Burglary,238,27295,Sunny,152,3.22,12,21.1458,79.0882,High,27-04-2025
Nashik,CIDCO,Robbery,14,122214,Cloudy,61,4.97,9,19.9667,73.7667,Low,03-12-2024
Pune,Shivaji Nagar,Fraud,47,143968,Rainy,44,13.22,7,18.5308,73.8475,Low,26-06-2024
Chhatrapati Sambhajinagar,Aurangpura,Burglary,59,182574,Sunny,183,8.94,5,19.8762,75.3433,Low,23-05-2026
Mumbai,Dadar,Burglary,129,82308,Foggy,114,7.52,4,19.0178,72.8478,Medium,02-04-2024
Nashik,Gangapur Road,Robbery,156,51203,Foggy,40,7.46,8,20.011,73.75,High,04-08-2024
Mumbai,Bandra,Assault,225,160081,Sunny,158,2.49,11,19.0596,72.8295,High,26-09-2024
Pune,Hinjewadi,Assault,207,159645,Sunny,18,3.13,3,18.5912,73.7389,High,29-09-2024
Nashik,Gangapur Road,Cyber Crime,246,26369,Foggy,75,8.01,11,20.011,73.75,High,03-05-2026
Mumbai,Borivali,Burglary,153,90157,Sunny,101,10.25,5,19.2307,72.8567,High,17-10-2025
Pune,Baner,Assault,147,193982,Foggy,210,6.16,4,18.559,73.7868,Medium,13-04-2024
Pune,Shivaji Nagar,Theft,235,155451,Foggy,179,6.42,7,18.5308,73.8475,High,13-07-2025
Nashik,Gangapur Road,Cyber Crime,12,153988,Rainy,144,10.49,1,20.011,73.75,Low,30-08-2024
Mumbai,Andheri,Cyber Crime,73,34389,Sunny,150,12.03,5,19.1136,72.8697,Low,24-02-2024
Nashik,CIDCO,Fraud,130,50738,Cloudy,220,10.84,5,19.9667,73.7667,Medium,18-06-2025
Pune,Wakad,Burglary,77,125075,Cloudy,142,8.51,3,18.5975,73.7637,Medium,28-12-2024
Pune,Hinjewadi,Cyber Crime,196,159286,Rainy,124,4.09,8,18.5912,73.7389,High,03-03-2024
Mumbai,Borivali,Cyber Crime,78,104692,Sunny,22,5.17,1,19.2307,72.8567,Medium,08-11-2024
Chhatrapati Sambhajinagar,CIDCO,Assault,21,186302,Cloudy,169,10.74,10,19.889,75.32,Low,10-04-2025
Chhatrapati Sambhajinagar,CIDCO,Burglary,248,173096,Sunny,47,3.68,3,19.889,75.32,High,11-06-2024
Nagpur,Jaripatka,Fraud,239,171410,Cloudy,187,5.61,4,21.1801,79.0955,High,05-03-2025
Nagpur,Sadar,Assault,129,179206,Cloudy,28,7.81,7,21.1642,79.0821,Medium,27-08-2024
Mumbai,Colaba,Assault,243,152671,Cloudy,26,2.41,9,18.9067,72.8147,High,13-07-2024
Mumbai,Borivali,Assault,235,33296,Foggy,115,13.95,1,19.2307,72.8567,High,26-05-2026
Nashik,Nashik Road,Fraud,59,88336,Rainy,38,8.85,4,19.9975,73.7898,Low,15-05-2025
Mumbai,Andheri,Fraud,17,106018,Cloudy,12,2.97,1,19.1136,72.8697,Low,07-10-2025
Nashik,Nashik Road,Robbery,242,190840,Sunny,186,4,7,19.9975,73.7898,High,22-04-2024
Nashik,CIDCO,Theft,27,110200,Rainy,92,8.55,1,19.9667,73.7667,Low,01-10-2024
Mumbai,Dadar,Assault,23,37497,Rainy,112,10.98,6,19.0178,72.8478,Low,22-10-2024
Pune,Hinjewadi,Assault,81,191950,Sunny,196,3.98,10,18.5912,73.7389,Medium,06-06-2024
Nagpur,Dharampeth,Assault,233,33992,Rainy,22,12.32,9,21.129,79.0588,High,04-06-2026
Pune,Wakad,Cyber Crime,24,132151,Sunny,123,4.14,3,18.5975,73.7637,Low,24-11-2024
Nagpur,Civil Lines,Cyber Crime,157,49245,Sunny,155,12.42,6,21.153,79.072,High,01-04-2026
Nagpur,Shankar Nagar,Fraud,92,183460,Cloudy,25,11.4,4,21.127,79.06,Medium,29-08-2025
Mumbai,Powai,Fraud,140,124011,Rainy,48,11.01,9,19.1176,72.906,Medium,11-09-2024
Chhatrapati Sambhajinagar,Aurangpura,Theft,31,189939,Foggy,72,10.57,11,19.8762,75.3433,Low,10-03-2026
Mumbai,Bandra,Cyber Crime,244,137172,Cloudy,204,3.72,4,19.0596,72.8295,High,14-02-2026
Mumbai,Powai,Theft,97,55624,Foggy,44,13.34,1,19.1176,72.906,Medium,01-06-2025
Mumbai,Andheri,Robbery,109,121139,Foggy,11,5.13,9,19.1136,72.8697,Medium,06-05-2026
Pune,Hinjewadi,Theft,188,137185,Rainy,38,6.54,8,18.5912,73.7389,High,01-03-2026
Chhatrapati Sambhajinagar,Aurangpura,Theft,216,88351,Sunny,152,14.54,4,19.8762,75.3433,High,07-05-2025
Mumbai,Borivali,Cyber Crime,161,187123,Foggy,85,10.42,5,19.2307,72.8567,High,07-06-2026
Nagpur,Sitabuldi,Theft,72,32945,Rainy,42,7.44,4,21.1458,79.0882,Low,04-02-2024
Pune,Wakad,Cyber Crime,136,192666,Cloudy,24,10.44,4,18.5975,73.7637,Medium,16-08-2025
Nashik,Nashik Road,Robbery,138,49767,Cloudy,33,10.71,2,19.9975,73.7898,Medium,19-04-2026
Nashik,Nashik Road,Fraud,37,180761,Cloudy,76,3.24,12,19.9975,73.7898,Low,03-09-2025
Nashik,Gangapur Road,Theft,208,40282,Rainy,27,12.73,9,20.011,73.75,High,18-12-2025
Pune,Shivaji Nagar,Cyber Crime,231,42137,Sunny,117,5.67,1,18.5308,73.8475,High,31-07-2024
Nagpur,Shankar Nagar,Theft,228,191078,Sunny,26,12.27,3,21.127,79.06,High,06-05-2026
Nagpur,Sitabuldi,Assault,107,62227,Cloudy,145,8.6,5,21.1458,79.0882,Medium,12-02-2024
Nashik,Nashik Road,Assault,162,130007,Foggy,34,3.55,1,19.9975,73.7898,High,06-01-2026
Nashik,Gangapur Road,Fraud,138,103013,Sunny,190,10.12,9,20.011,73.75,Medium,07-01-2024
Chhatrapati Sambhajinagar,CIDCO,Theft,162,148021,Sunny,23,6.11,2,19.889,75.32,High,07-05-2026
Chhatrapati Sambhajinagar,Osmanpura,Robbery,142,84683,Rainy,71,7.13,9,19.87,75.33,Medium,16-06-2026
Chhatrapati Sambhajinagar,CIDCO,Robbery,208,190556,Rainy,45,6.39,1,19.889,75.32,High,31-10-2025
Mumbai,Borivali,Robbery,181,75625,Cloudy,148,12.98,10,19.2307,72.8567,High,26-09-2025
Nashik,CIDCO,Burglary,147,43665,Sunny,161,2.71,1,19.9667,73.7667,Medium,24-04-2026
Nashik,Nashik Road,Cyber Crime,181,190701,Sunny,21,8.11,4,19.9975,73.7898,High,04-01-2026
Pune,Hinjewadi,Burglary,229,195803,Cloudy,219,12.34,2,18.5912,73.7389,High,27-03-2024
Nashik,Nashik Road,Burglary,10,187631,Foggy,93,4.94,9,19.9975,73.7898,Low,02-03-2026
Mumbai,Powai,Assault,170,61240,Cloudy,214,5.64,10,19.1176,72.906,High,13-01-2026
Mumbai,Powai,Robbery,50,136404,Cloudy,64,6.76,9,19.1176,72.906,Low,13-04-2026
Nagpur,Jaripatka,Robbery,145,73357,Rainy,142,8.66,12,21.1801,79.0955,Medium,08-10-2024
Nashik,Gangapur Road,Assault,57,149676,Rainy,204,4.96,10,20.011,73.75,Low,12-04-2025
Nashik,Gangapur Road,Burglary,243,135985,Sunny,32,12.21,5,20.011,73.75,High,18-06-2024
Nashik,Gangapur Road,Fraud,229,68456,Sunny,142,5.06,9,20.011,73.75,High,04-02-2024
Pune,Hinjewadi,Robbery,155,80050,Sunny,196,11.4,5,18.5912,73.7389,High,26-09-2025
Pune,Shivaji Nagar,Assault,197,126920,Sunny,160,2.44,5,18.5308,73.8475,High,23-09-2024
Mumbai,Bandra,Theft,124,75574,Foggy,81,13.64,4,19.0596,72.8295,Medium,16-02-2025
Chhatrapati Sambhajinagar,Osmanpura,Assault,147,63519,Foggy,59,8.43,4,19.87,75.33,Medium,20-03-2026
Pune,Wakad,Fraud,226,36111,Cloudy,12,8.17,9,18.5975,73.7637,High,06-01-2024
Chhatrapati Sambhajinagar,Osmanpura,Cyber Crime,235,48956,Cloudy,51,6.98,9,19.87,75.33,High,09-12-2024
Nagpur,Lakadganj,Assault,97,58619,Cloudy,87,8.32,1,21.1505,79.1155,Medium,13-02-2026
Pune,Hadapsar,Assault,103,30957,Cloudy,69,2.34,8,18.5089,73.9259,Medium,13-01-2024
Nashik,Gangapur Road,Assault,161,179612,Rainy,199,8.88,6,20.011,73.75,High,08-12-2024
Pune,Hadapsar,Cyber Crime,164,100009,Foggy,198,7.69,3,18.5089,73.9259,High,09-05-2024
Pune,Kothrud,Theft,78,75818,Sunny,128,13.49,10,18.5074,73.8077,Medium,03-09-2025
Pune,Wakad,Cyber Crime,113,158130,Sunny,179,11.53,2,18.5975,73.7637,Medium,07-03-2026
Nagpur,Dharampeth,Cyber Crime,102,91954,Foggy,197,10.78,2,21.129,79.0588,Medium,13-06-2025
Nashik,Nashik Road,Fraud,243,45001,Cloudy,109,6.83,1,19.9975,73.7898,High,29-11-2025
Nagpur,Sadar,Cyber Crime,244,76878,Cloudy,130,13.56,3,21.1642,79.0821,High,18-12-2025
Pune,Kothrud,Fraud,209,27042,Foggy,32,10.51,6,18.5074,73.8077,High,02-03-2025
Nashik,CIDCO,Robbery,109,136589,Cloudy,114,13.91,2,19.9667,73.7667,Medium,04-02-2024
Nagpur,Dharampeth,Assault,33,26364,Cloudy,104,9.96,8,21.129,79.0588,Low,13-12-2025
Nashik,Nashik Road,Assault,53,61165,Cloudy,174,5.06,3,19.9975,73.7898,Low,02-05-2025
Pune,Shivaji Nagar,Assault,44,39351,Cloudy,118,12.74,12,18.5308,73.8475,Low,13-09-2025
Nagpur,Shankar Nagar,Assault,235,45449,Sunny,43,2.33,3,21.127,79.06,High,20-07-2025
Mumbai,Andheri,Fraud,185,107869,Sunny,30,9.72,1,19.1136,72.8697,High,21-05-2026
Chhatrapati Sambhajinagar,CIDCO,Burglary,233,81962,Sunny,99,13.08,2,19.889,75.32,High,20-04-2024
Pune,Wakad,Robbery,170,123274,Foggy,170,7.67,10,18.5975,73.7637,High,04-03-2026
Mumbai,Borivali,Burglary,109,88592,Sunny,121,7.1,6,19.2307,72.8567,Medium,09-09-2024
Mumbai,Andheri,Burglary,42,62310,Foggy,11,4.46,5,19.1136,72.8697,Low,06-08-2025
Chhatrapati Sambhajinagar,Osmanpura,Theft,186,199532,Rainy,5,14.57,5,19.87,75.33,High,15-10-2025
Chhatrapati Sambhajinagar,Aurangpura,Robbery,35,29882,Sunny,178,14.55,1,19.8762,75.3433,Low,20-01-2025
Mumbai,Borivali,Burglary,174,169820,Sunny,34,5.53,6,19.2307,72.8567,High,01-10-2025
Nashik,CIDCO,Theft,162,78765,Foggy,73,7.47,7,19.9667,73.7667,High,28-05-2025
Mumbai,Colaba,Robbery,82,97350,Rainy,86,10.18,9,18.9067,72.8147,Medium,06-09-2025
Nagpur,Jaripatka,Burglary,166,195691,Sunny,10,8.19,11,21.1801,79.0955,High,11-06-2026
Pune,Hadapsar,Assault,133,127734,Cloudy,194,3.23,4,18.5089,73.9259,Medium,30-05-2026
Nagpur,Sadar,Burglary,212,183008,Rainy,190,10.82,5,21.1642,79.0821,High,20-07-2025
Pune,Baner,Theft,114,64609,Sunny,210,13.58,4,18.559,73.7868,Medium,02-11-2025
Nagpur,Lakadganj,Robbery,34,83609,Cloudy,121,2.61,9,21.1505,79.1155,Low,16-07-2025
Nagpur,Jaripatka,Fraud,159,110580,Cloudy,211,11.5,9,21.1801,79.0955,High,13-03-2024
Nagpur,Shankar Nagar,Burglary,127,194061,Cloudy,161,4.5,11,21.127,79.06,Medium,26-06-2025
Chhatrapati Sambhajinagar,Osmanpura,Fraud,148,129060,Rainy,118,7.53,2,19.87,75.33,Medium,17-02-2024
Nashik,CIDCO,Fraud,194,31843,Rainy,208,3.11,1,19.9667,73.7667,High,12-03-2024
Chhatrapati Sambhajinagar,Aurangpura,Cyber Crime,217,31337,Cloudy,36,5.54,12,19.8762,75.3433,High,06-06-2024
Nagpur,Shankar Nagar,Fraud,140,135390,Rainy,127,2.68,6,21.127,79.06,Medium,04-11-2024
Nashik,Gangapur Road,Theft,114,81401,Cloudy,189,8.69,4,20.011,73.75,Medium,30-03-2025
Nashik,Nashik Road,Fraud,149,99998,Sunny,136,3.32,1,19.9975,73.7898,Medium,15-04-2025
Nagpur,Sadar,Fraud,172,191929,Cloudy,150,2.23,5,21.1642,79.0821,High,28-12-2025
Pune,Hinjewadi,Robbery,206,26537,Foggy,57,4.96,3,18.5912,73.7389,High,05-02-2025
Nagpur,Sitabuldi,Assault,107,94756,Cloudy,62,11.33,8,21.1458,79.0882,Medium,07-03-2024
Mumbai,Bandra,Fraud,178,58413,Foggy,27,4.41,9,19.0596,72.8295,High,14-08-2024
Chhatrapati Sambhajinagar,Aurangpura,Assault,154,75424,Rainy,215,6.81,9,19.8762,75.3433,High,17-05-2025
Nashik,Nashik Road,Theft,46,92270,Foggy,7,14.88,1,19.9975,73.7898,Low,22-05-2024
Nashik,Nashik Road,Burglary,108,95640,Sunny,64,3.35,3,19.9975,73.7898,Medium,12-05-2025
Pune,Hadapsar,Cyber Crime,168,60136,Foggy,35,8.95,3,18.5089,73.9259,High,10-01-2024
Pune,Wakad,Fraud,95,62798,Foggy,97,14.43,9,18.5975,73.7637,Medium,07-12-2024
Pune,Shivaji Nagar,Fraud,73,122179,Foggy,138,7.96,5,18.5308,73.8475,Low,25-05-2025
Nashik,Nashik Road,Assault,91,65117,Cloudy,72,8.67,6,19.9975,73.7898,Medium,02-02-2024
Chhatrapati Sambhajinagar,Osmanpura,Burglary,108,123133,Foggy,17,3.92,3,19.87,75.33,Medium,24-02-2024
Chhatrapati Sambhajinagar,CIDCO,Assault,89,184831,Foggy,76,12.6,5,19.889,75.32,Medium,07-12-2025
Chhatrapati Sambhajinagar,CIDCO,Fraud,209,154565,Sunny,154,14.04,7,19.889,75.32,High,06-01-2024
Mumbai,Dadar,Theft,74,38632,Foggy,62,5.39,3,19.0178,72.8478,Low,08-06-2026
Nagpur,Shankar Nagar,Burglary,32,125259,Rainy,156,9.03,4,21.127,79.06,Low,20-07-2025
Mumbai,Colaba,Robbery,223,189008,Cloudy,188,7.94,8,18.9067,72.8147,High,09-10-2025
Chhatrapati Sambhajinagar,CIDCO,Cyber Crime,122,121640,Sunny,87,10.19,1,19.889,75.32,Medium,22-01-2024
Mumbai,Dadar,Theft,186,35237,Cloudy,52,12.54,1,19.0178,72.8478,High,03-01-2025
Nagpur,Lakadganj,Theft,36,195161,Rainy,82,3.48,3,21.1505,79.1155,Low,11-12-2025
Mumbai,Borivali,Fraud,120,89145,Cloudy,80,3.76,12,19.2307,72.8567,Medium,03-07-2025
Pune,Kothrud,Robbery,201,71187,Foggy,180,12.82,5,18.5074,73.8077,High,23-01-2026
Pune,Hinjewadi,Cyber Crime,75,170996,Rainy,27,6.39,4,18.5912,73.7389,Low,22-07-2024
Chhatrapati Sambhajinagar,Aurangpura,Robbery,154,110165,Cloudy,9,6.54,12,19.8762,75.3433,High,15-05-2025
Pune,Wakad,Robbery,198,108635,Foggy,57,9.69,3,18.5975,73.7637,High,17-12-2024
Nagpur,Dharampeth,Fraud,27,82801,Foggy,120,11.18,12,21.129,79.0588,Low,28-01-2025
Pune,Hinjewadi,Fraud,219,53262,Rainy,87,4.77,3,18.5912,73.7389,High,18-01-2024
Nagpur,Civil Lines,Robbery,161,47477,Sunny,184,11.74,8,21.153,79.072,High,08-03-2025
Nagpur,Sitabuldi,Assault,174,85528,Sunny,103,8.19,6,21.1458,79.0882,High,14-08-2025
Chhatrapati Sambhajinagar,Osmanpura,Theft,241,54745,Foggy,109,9.64,2,19.87,75.33,High,06-02-2026
Mumbai,Colaba,Assault,143,143053,Cloudy,72,12.44,5,18.9067,72.8147,Medium,06-05-2026
Nagpur,Sitabuldi,Burglary,180,35776,Sunny,49,11.08,10,21.1458,79.0882,High,11-07-2025
Pune,Kothrud,Theft,175,191588,Sunny,215,8.71,9,18.5074,73.8077,High,15-08-2025
Chhatrapati Sambhajinagar,Osmanpura,Fraud,240,30624,Foggy,60,9.88,8,19.87,75.33,High,16-04-2026
Nashik,Gangapur Road,Assault,108,65555,Foggy,93,8.93,3,20.011,73.75,Medium,09-05-2024
Nashik,Gangapur Road,Assault,63,67788,Cloudy,153,14.2,7,20.011,73.75,Low,10-06-2024
Nashik,Nashik Road,Robbery,205,34703,Foggy,58,5.13,2,19.9975,73.7898,High,01-11-2025
Pune,Shivaji Nagar,Robbery,87,64486,Cloudy,40,8.93,12,18.5308,73.8475,Medium,26-03-2026
Mumbai,Borivali,Cyber Crime,227,132496,Foggy,107,14.51,5,19.2307,72.8567,High,08-08-2025
Pune,Wakad,Theft,80,168656,Cloudy,141,11.1,2,18.5975,73.7637,Medium,16-05-2024
Nashik,Gangapur Road,Assault,216,98205,Rainy,134,5.38,9,20.011,73.75,High,13-10-2024
Nashik,CIDCO,Robbery,188,150127,Cloudy,119,3.21,7,19.9667,73.7667,High,20-08-2025
Chhatrapati Sambhajinagar,Aurangpura,Assault,54,178179,Cloudy,94,8.27,8,19.8762,75.3433,Low,27-03-2025
Chhatrapati Sambhajinagar,CIDCO,Theft,94,28296,Foggy,78,2.89,10,19.889,75.32,Medium,01-02-2024
Nagpur,Lakadganj,Cyber Crime,101,129937,Rainy,6,10.21,8,21.1505,79.1155,Medium,21-12-2025
Mumbai,Bandra,Assault,165,130636,Cloudy,152,11.61,8,19.0596,72.8295,High,20-12-2024
Nashik,Gangapur Road,Theft,36,127119,Cloudy,149,5.88,12,20.011,73.75,Low,03-08-2024
Mumbai,Powai,Robbery,245,83000,Foggy,22,10.33,8,19.1176,72.906,High,19-12-2024
Mumbai,Dadar,Assault,31,193503,Sunny,127,8.37,9,19.0178,72.8478,Low,09-07-2024
Nashik,CIDCO,Fraud,67,81851,Cloudy,52,5.54,11,19.9667,73.7667,Low,16-03-2025
Chhatrapati Sambhajinagar,Aurangpura,Robbery,61,26231,Cloudy,116,4.5,7,19.8762,75.3433,Low,01-06-2024
Chhatrapati Sambhajinagar,Aurangpura,Robbery,81,35337,Sunny,125,14.16,2,19.8762,75.3433,Medium,02-01-2025
Nashik,Nashik Road,Theft,206,44359,Rainy,105,14.58,1,19.9975,73.7898,High,27-03-2024
Nagpur,Lakadganj,Theft,136,38886,Rainy,140,3.7,7,21.1505,79.1155,Medium,17-06-2026
Pune,Shivaji Nagar,Robbery,114,140596,Rainy,115,5.14,6,18.5308,73.8475,Medium,12-08-2025
Nagpur,Dharampeth,Fraud,161,70177,Cloudy,199,5.76,8,21.129,79.0588,High,27-01-2024
Mumbai,Bandra,Cyber Crime,74,145635,Foggy,5,3.79,10,19.0596,72.8295,Low,16-05-2026
Pune,Hinjewadi,Fraud,156,85566,Sunny,87,7.96,7,18.5912,73.7389,High,11-01-2025
Pune,Shivaji Nagar,Fraud,115,154006,Cloudy,65,14.83,8,18.5308,73.8475,Medium,13-06-2024
Chhatrapati Sambhajinagar,Osmanpura,Robbery,11,68614,Sunny,209,4.48,9,19.87,75.33,Low,01-04-2025
Nagpur,Civil Lines,Fraud,182,153241,Cloudy,213,9.34,10,21.153,79.072,High,01-08-2025
Nagpur,Lakadganj,Fraud,235,29292,Cloudy,127,9.28,9,21.1505,79.1155,High,17-06-2026
Pune,Baner,Assault,179,37078,Rainy,125,13.99,2,18.559,73.7868,High,29-12-2025
Pune,Hinjewadi,Theft,134,75335,Cloudy,215,9.09,10,18.5912,73.7389,Medium,15-02-2025
Nashik,CIDCO,Theft,215,130820,Cloudy,113,3.12,9,19.9667,73.7667,High,07-02-2026
Pune,Hadapsar,Fraud,13,139067,Sunny,42,10.41,6,18.5089,73.9259,Low,13-01-2024
Nagpur,Lakadganj,Assault,161,195473,Sunny,167,7.83,8,21.1505,79.1155,High,23-08-2024
Mumbai,Colaba,Theft,210,184948,Foggy,38,14.14,7,18.9067,72.8147,High,26-09-2024
Chhatrapati Sambhajinagar,CIDCO,Burglary,242,138913,Rainy,111,13.26,8,19.889,75.32,High,18-11-2025
Nagpur,Civil Lines,Robbery,162,49607,Rainy,113,4.29,3,21.153,79.072,High,08-01-2025
Mumbai,Andheri,Theft,87,175350,Sunny,182,3.21,5,19.1136,72.8697,Medium,09-04-2026
Nagpur,Lakadganj,Assault,32,129964,Sunny,52,14.43,9,21.1505,79.1155,Low,02-09-2024
Nashik,Nashik Road,Theft,165,153743,Cloudy,64,2.83,10,19.9975,73.7898,High,08-02-2025
Nashik,CIDCO,Theft,140,81040,Cloudy,87,11.16,1,19.9667,73.7667,Medium,17-01-2025
Mumbai,Bandra,Burglary,22,173920,Sunny,84,5.06,1,19.0596,72.8295,Low,21-04-2024
Nashik,Gangapur Road,Fraud,94,179044,Foggy,9,4.18,6,20.011,73.75,Medium,09-03-2024
Nagpur,Sadar,Theft,26,114408,Sunny,89,12.65,6,21.1642,79.0821,Low,01-05-2024
Nashik,CIDCO,Burglary,95,151224,Cloudy,10,13.28,3,19.9667,73.7667,Medium,18-05-2025
Nashik,Gangapur Road,Robbery,112,185326,Cloudy,91,10.66,8,20.011,73.75,Medium,09-04-2024
Mumbai,Colaba,Assault,164,119373,Foggy,110,8,2,18.9067,72.8147,High,19-04-2026
Mumbai,Borivali,Theft,84,29361,Sunny,46,5.4,10,19.2307,72.8567,Medium,29-12-2024
Nashik,Gangapur Road,Fraud,20,173145,Foggy,127,5.27,10,20.011,73.75,Low,14-06-2024
Mumbai,Colaba,Cyber Crime,104,99080,Foggy,111,14.78,4,18.9067,72.8147,Medium,09-02-2026
Nagpur,Dharampeth,Burglary,103,112156,Cloudy,151,4.97,1,21.129,79.0588,Medium,13-11-2025
Nagpur,Dharampeth,Robbery,208,178269,Foggy,100,8.3,8,21.129,79.0588,High,02-02-2026
Mumbai,Powai,Burglary,120,178802,Rainy,79,7.54,8,19.1176,72.906,Medium,12-03-2024
Nashik,Nashik Road,Assault,112,181937,Rainy,150,13.87,10,19.9975,73.7898,Medium,02-05-2026
Nagpur,Jaripatka,Burglary,72,164096,Cloudy,94,9.94,10,21.1801,79.0955,Low,26-01-2025
Nagpur,Jaripatka,Assault,212,87456,Sunny,64,10.42,1,21.1801,79.0955,High,24-05-2025
Chhatrapati Sambhajinagar,Osmanpura,Burglary,44,138096,Rainy,117,2.14,4,19.87,75.33,Low,14-08-2024
Pune,Hinjewadi,Burglary,208,176121,Foggy,93,4.98,3,18.5912,73.7389,High,15-09-2025
Chhatrapati Sambhajinagar,Osmanpura,Cyber Crime,160,196420,Sunny,67,6.05,12,19.87,75.33,High,02-09-2025
Pune,Wakad,Robbery,144,65095,Sunny,77,9.2,2,18.5975,73.7637,Medium,09-03-2025
Chhatrapati Sambhajinagar,CIDCO,Theft,237,105937,Foggy,18,14.49,9,19.889,75.32,High,22-09-2025
Pune,Baner,Assault,233,178992,Rainy,81,6.49,4,18.559,73.7868,High,19-06-2024
Nagpur,Civil Lines,Robbery,19,114273,Foggy,140,7.52,12,21.153,79.072,Low,16-02-2026
Nashik,Nashik Road,Assault,184,36541,Rainy,175,11.94,11,19.9975,73.7898,High,04-08-2025
Nashik,Nashik Road,Fraud,14,46334,Sunny,47,8.91,7,19.9975,73.7898,Low,06-08-2025
Chhatrapati Sambhajinagar,Aurangpura,Robbery,185,175845,Rainy,70,7.61,3,19.8762,75.3433,High,06-02-2025
Nashik,CIDCO,Robbery,92,181771,Foggy,57,5.57,11,19.9667,73.7667,Medium,03-09-2024
Nagpur,Jaripatka,Cyber Crime,49,155853,Cloudy,44,14.28,6,21.1801,79.0955,Low,06-03-2025
Nagpur,Sitabuldi,Assault,33,90491,Foggy,22,12.94,6,21.1458,79.0882,Low,18-03-2026
Chhatrapati Sambhajinagar,Osmanpura,Burglary,44,153860,Sunny,129,12.88,8,19.87,75.33,Low,07-10-2024
Pune,Baner,Fraud,224,102219,Sunny,19,9.75,10,18.559,73.7868,High,18-03-2024
Mumbai,Colaba,Burglary,50,195325,Cloudy,86,14.1,4,18.9067,72.8147,Low,12-08-2024
Nashik,CIDCO,Burglary,72,156811,Cloudy,85,5.33,2,19.9667,73.7667,Low,11-04-2026
Mumbai,Dadar,Cyber Crime,138,55373,Sunny,131,8.85,9,19.0178,72.8478,Medium,09-12-2025
Mumbai,Colaba,Assault,87,183916,Sunny,19,11.31,8,18.9067,72.8147,Medium,05-09-2024
Nagpur,Lakadganj,Cyber Crime,207,160187,Rainy,60,11.62,5,21.1505,79.1155,High,05-11-2025
Nagpur,Sitabuldi,Theft,54,109101,Rainy,92,3.73,11,21.1458,79.0882,Low,21-10-2024
Chhatrapati Sambhajinagar,CIDCO,Burglary,209,75066,Cloudy,208,8.52,5,19.889,75.32,High,29-10-2024
Nashik,Nashik Road,Fraud,153,162512,Foggy,83,7.1,10,19.9975,73.7898,High,05-06-2026
Mumbai,Bandra,Theft,237,70113,Foggy,86,4.69,5,19.0596,72.8295,High,28-01-2025
Nashik,Gangapur Road,Cyber Crime,20,59262,Rainy,138,12.86,9,20.011,73.75,Low,07-02-2024
Chhatrapati Sambhajinagar,CIDCO,Theft,233,45154,Cloudy,191,10.59,1,19.889,75.32,High,19-01-2026
Nagpur,Civil Lines,Burglary,20,79762,Rainy,199,2.85,6,21.153,79.072,Low,16-02-2024
Nashik,Gangapur Road,Burglary,247,173097,Sunny,182,7.23,1,20.011,73.75,High,09-06-2024
Pune,Hadapsar,Theft,57,106516,Cloudy,59,8.53,10,18.5089,73.9259,Low,09-04-2025
Pune,Kothrud,Theft,234,73009,Foggy,134,2.95,10,18.5074,73.8077,High,22-10-2025
Nagpur,Sadar,Cyber Crime,93,115859,Cloudy,150,10.34,5,21.1642,79.0821,Medium,18-09-2025
Nagpur,Sitabuldi,Burglary,145,89724,Rainy,117,11.8,2,21.1458,79.0882,Medium,02-04-2024
Chhatrapati Sambhajinagar,Osmanpura,Assault,77,198815,Sunny,201,7.09,5,19.87,75.33,Medium,12-10-2025
Chhatrapati Sambhajinagar,CIDCO,Robbery,237,67125,Sunny,95,11.89,4,19.889,75.32,High,18-05-2024
Nashik,Gangapur Road,Robbery,54,147609,Foggy,209,2.71,1,20.011,73.75,Low,16-04-2026
Nagpur,Lakadganj,Theft,158,64755,Sunny,32,11.91,2,21.1505,79.1155,High,25-02-2024
Pune,Hinjewadi,Assault,188,80264,Cloudy,218,5.9,4,18.5912,73.7389,High,24-10-2024
Mumbai,Bandra,Assault,105,79296,Cloudy,118,8.31,2,19.0596,72.8295,Medium,29-10-2024
Chhatrapati Sambhajinagar,Aurangpura,Burglary,162,72269,Rainy,12,12.14,11,19.8762,75.3433,High,13-01-2025
Nashik,CIDCO,Robbery,10,174788,Sunny,128,11.67,3,19.9667,73.7667,Low,27-01-2024
Chhatrapati Sambhajinagar,Aurangpura,Theft,159,26569,Cloudy,35,14.8,1,19.8762,75.3433,High,10-10-2025
Chhatrapati Sambhajinagar,Aurangpura,Theft,130,32386,Foggy,26,5.67,9,19.8762,75.3433,Medium,30-09-2025
Pune,Hadapsar,Theft,29,31779,Cloudy,217,3.31,6,18.5089,73.9259,Low,31-12-2024
Mumbai,Powai,Cyber Crime,239,74148,Foggy,199,14.44,6,19.1176,72.906,High,18-08-2024
Mumbai,Bandra,Burglary,221,40947,Foggy,93,5.52,11,19.0596,72.8295,High,01-11-2024
Pune,Kothrud,Burglary,68,55233,Foggy,147,3.76,4,18.5074,73.8077,Low,25-01-2026
Nashik,Gangapur Road,Cyber Crime,48,75957,Foggy,140,8.91,12,20.011,73.75,Low,31-12-2024
Mumbai,Bandra,Assault,32,69355,Cloudy,142,3.11,10,19.0596,72.8295,Low,06-05-2026
Pune,Baner,Burglary,111,134251,Sunny,110,12.18,7,18.559,73.7868,Medium,28-03-2026
Mumbai,Dadar,Robbery,150,102795,Rainy,8,5.25,9,19.0178,72.8478,Medium,12-04-2025
Nashik,Gangapur Road,Robbery,43,52336,Rainy,63,4.98,2,20.011,73.75,Low,23-09-2024
Pune,Kothrud,Cyber Crime,226,153851,Sunny,119,10.12,9,18.5074,73.8077,High,26-01-2026
Mumbai,Colaba,Cyber Crime,204,193258,Cloudy,139,13.97,6,18.9067,72.8147,High,25-10-2024
Pune,Baner,Burglary,172,37759,Sunny,153,14.01,4,18.559,73.7868,High,03-05-2026
Nashik,CIDCO,Cyber Crime,108,188179,Foggy,151,12.65,12,19.9667,73.7667,Medium,31-05-2025
Chhatrapati Sambhajinagar,Osmanpura,Assault,143,110271,Rainy,83,6.11,5,19.87,75.33,Medium,03-03-2025
Nashik,CIDCO,Fraud,174,31691,Rainy,203,2.62,2,19.9667,73.7667,High,29-03-2026
Nagpur,Sitabuldi,Theft,144,186814,Cloudy,109,10.8,9,21.1458,79.0882,Medium,15-08-2025
Mumbai,Dadar,Cyber Crime,115,54508,Rainy,101,10.48,5,19.0178,72.8478,Medium,25-10-2024
Pune,Wakad,Burglary,248,40320,Foggy,170,2.98,4,18.5975,73.7637,High,04-09-2025
Chhatrapati Sambhajinagar,CIDCO,Cyber Crime,59,96064,Foggy,150,13.8,6,19.889,75.32,Low,17-04-2026
Nagpur,Sadar,Cyber Crime,229,122038,Sunny,39,6.4,4,21.1642,79.0821,High,13-07-2025
Pune,Baner,Assault,173,80456,Rainy,94,11.52,7,18.559,73.7868,High,17-06-2026
Chhatrapati Sambhajinagar,Aurangpura,Assault,177,141447,Rainy,207,9.03,8,19.8762,75.3433,High,17-02-2026
Chhatrapati Sambhajinagar,Aurangpura,Fraud,83,171937,Cloudy,34,14.97,3,19.8762,75.3433,Medium,29-04-2026
Pune,Wakad,Fraud,62,196688,Foggy,124,10.52,7,18.5975,73.7637,Low,28-07-2024
Nagpur,Shankar Nagar,Assault,40,88630,Rainy,183,12.77,12,21.127,79.06,Low,15-04-2026
Nagpur,Sadar,Cyber Crime,17,131872,Rainy,186,6.79,11,21.1642,79.0821,Low,23-09-2024
Mumbai,Bandra,Fraud,155,51514,Cloudy,130,13.53,10,19.0596,72.8295,High,08-08-2024
Pune,Wakad,Assault,100,44596,Rainy,67,11.25,11,18.5975,73.7637,Medium,05-04-2025
Nagpur,Shankar Nagar,Fraud,227,115223,Cloudy,74,4.05,10,21.127,79.06,High,15-03-2025
Pune,Shivaji Nagar,Fraud,122,89991,Cloudy,87,8.79,10,18.5308,73.8475,Medium,11-10-2024
Chhatrapati Sambhajinagar,CIDCO,Burglary,27,179415,Foggy,206,13.81,3,19.889,75.32,Low,26-10-2024
Pune,Shivaji Nagar,Burglary,106,123137,Cloudy,182,14.7,2,18.5308,73.8475,Medium,04-05-2024
Chhatrapati Sambhajinagar,Aurangpura,Cyber Crime,114,121698,Cloudy,184,9.76,2,19.8762,75.3433,Medium,05-12-2025
Chhatrapati Sambhajinagar,Osmanpura,Robbery,203,86306,Cloudy,210,9.24,9,19.87,75.33,High,13-12-2025
Mumbai,Andheri,Fraud,247,110097,Rainy,162,8.39,6,19.1136,72.8697,High,04-11-2024
Chhatrapati Sambhajinagar,CIDCO,Burglary,247,162624,Sunny,103,3.02,6,19.889,75.32,High,29-01-2024
Pune,Hinjewadi,Assault,97,184959,Foggy,102,7.68,11,18.5912,73.7389,Medium,21-06-2024
Pune,Shivaji Nagar,Theft,197,170451,Sunny,131,7.45,4,18.5308,73.8475,High,22-12-2025
Mumbai,Dadar,Cyber Crime,222,124689,Cloudy,72,2.6,12,19.0178,72.8478,High,16-04-2024
Mumbai,Colaba,Cyber Crime,100,108220,Foggy,52,12.4,12,18.9067,72.8147,Medium,18-01-2024
Mumbai,Bandra,Assault,228,175174,Cloudy,181,6.21,7,19.0596,72.8295,High,16-03-2026
Mumbai,Borivali,Theft,143,63941,Foggy,87,3.63,5,19.2307,72.8567,Medium,01-05-2026
Chhatrapati Sambhajinagar,CIDCO,Cyber Crime,217,172088,Foggy,170,10.24,4,19.889,75.32,High,30-07-2024
Nashik,Nashik Road,Burglary,227,81008,Cloudy,202,7.06,8,19.9975,73.7898,High,28-04-2026
Mumbai,Colaba,Fraud,36,136908,Cloudy,32,6,5,18.9067,72.8147,Low,03-05-2024
Nagpur,Shankar Nagar,Fraud,112,99129,Cloudy,8,3.75,8,21.127,79.06,Medium,12-01-2026
Chhatrapati Sambhajinagar,Aurangpura,Assault,164,161414,Foggy,9,3.7,9,19.8762,75.3433,High,28-01-2026
Nagpur,Sitabuldi,Robbery,240,97831,Foggy,49,13.02,12,21.1458,79.0882,High,17-01-2026
Nashik,CIDCO,Robbery,195,139838,Rainy,17,4.79,2,19.9667,73.7667,High,28-04-2026
Nagpur,Jaripatka,Assault,138,103796,Foggy,110,12.25,1,21.1801,79.0955,Medium,24-03-2026
Pune,Hadapsar,Fraud,153,69250,Cloudy,19,2.39,1,18.5089,73.9259,High,19-06-2025
Pune,Kothrud,Assault,159,166398,Sunny,212,6.74,9,18.5074,73.8077,High,15-06-2026
Pune,Hadapsar,Assault,184,107386,Foggy,90,9.22,8,18.5089,73.9259,High,04-03-2024
Nashik,CIDCO,Cyber Crime,239,26694,Cloudy,166,6.36,2,19.9667,73.7667,High,30-06-2025
Nashik,CIDCO,Assault,223,168509,Sunny,187,8.21,1,19.9667,73.7667,High,09-06-2025
Nagpur,Sitabuldi,Fraud,183,176730,Rainy,119,4.03,2,21.1458,79.0882,High,03-10-2025
Nagpur,Jaripatka,Fraud,179,116073,Foggy,48,8.09,8,21.1801,79.0955,High,19-09-2025
Pune,Wakad,Burglary,238,194033,Cloudy,43,13.9,7,18.5975,73.7637,High,07-01-2025
Pune,Kothrud,Assault,19,195629,Rainy,49,14.5,4,18.5074,73.8077,Low,31-07-2024
Pune,Baner,Robbery,214,119550,Foggy,170,5.53,10,18.559,73.7868,High,25-06-2024
Pune,Hinjewadi,Cyber Crime,190,96239,Sunny,49,2.85,3,18.5912,73.7389,High,29-09-2025
Pune,Baner,Burglary,127,45945,Cloudy,96,4.06,3,18.559,73.7868,Medium,06-05-2025
Chhatrapati Sambhajinagar,Aurangpura,Burglary,73,127755,Cloudy,36,8.16,5,19.8762,75.3433,Low,30-11-2025
Chhatrapati Sambhajinagar,Osmanpura,Theft,199,147434,Foggy,134,2.13,9,19.87,75.33,High,19-04-2025
Mumbai,Bandra,Assault,24,39227,Cloudy,203,2.56,10,19.0596,72.8295,Low,05-10-2024
Nashik,CIDCO,Fraud,146,59537,Foggy,94,13.72,4,19.9667,73.7667,Medium,23-08-2024
Mumbai,Borivali,Fraud,35,76646,Rainy,170,5.77,8,19.2307,72.8567,Low,11-09-2024
Nashik,CIDCO,Burglary,76,169430,Sunny,56,5.88,3,19.9667,73.7667,Medium,18-09-2024
Mumbai,Powai,Theft,154,126960,Rainy,149,3.5,11,19.1176,72.906,High,09-05-2024
Nagpur,Dharampeth,Assault,89,63664,Sunny,68,11.88,4,21.129,79.0588,Medium,08-11-2025
Chhatrapati Sambhajinagar,Osmanpura,Assault,250,85691,Cloudy,87,9.6,11,19.87,75.33,High,01-02-2025
Pune,Kothrud,Burglary,245,108874,Foggy,215,13.86,7,18.5074,73.8077,High,07-01-2025
Nagpur,Sadar,Theft,184,115224,Cloudy,178,4.75,4,21.1642,79.0821,High,02-01-2024
Chhatrapati Sambhajinagar,Osmanpura,Fraud,189,86671,Sunny,85,4.4,6,19.87,75.33,High,24-02-2025
Mumbai,Andheri,Robbery,123,103490,Cloudy,41,12.64,3,19.1136,72.8697,Medium,23-07-2025
Nashik,CIDCO,Theft,148,162804,Cloudy,162,14.66,1,19.9667,73.7667,Medium,12-11-2024
Nashik,Gangapur Road,Theft,237,103108,Foggy,111,8.86,3,20.011,73.75,High,25-02-2026
Nagpur,Jaripatka,Fraud,77,118460,Rainy,39,5.44,11,21.1801,79.0955,Medium,29-07-2025
Pune,Baner,Burglary,192,57488,Rainy,45,7.39,6,18.559,73.7868,High,21-02-2025
Mumbai,Bandra,Cyber Crime,22,94524,Rainy,213,5.55,5,19.0596,72.8295,Low,14-11-2025
Chhatrapati Sambhajinagar,Osmanpura,Burglary,195,60876,Sunny,91,2.88,1,19.87,75.33,High,07-11-2025
Pune,Wakad,Burglary,112,99292,Foggy,61,8.39,7,18.5975,73.7637,Medium,02-11-2025
Nashik,Nashik Road,Assault,151,111005,Foggy,127,14.7,11,19.9975,73.7898,High,25-02-2026
Nagpur,Sadar,Theft,114,148106,Cloudy,182,3.52,5,21.1642,79.0821,Medium,29-11-2025
Nashik,CIDCO,Burglary,196,195726,Rainy,58,12.68,4,19.9667,73.7667,High,28-05-2026
Chhatrapati Sambhajinagar,Osmanpura,Robbery,39,112690,Cloudy,14,6.52,7,19.87,75.33,Low,21-04-2026
Pune,Baner,Burglary,93,71405,Rainy,74,8.47,8,18.559,73.7868,Medium,09-03-2026
Mumbai,Dadar,Assault,168,31811,Rainy,203,12.15,7,19.0178,72.8478,High,18-09-2024
Nagpur,Sadar,Robbery,227,188635,Foggy,152,6.8,7,21.1642,79.0821,High,07-10-2025
Pune,Kothrud,Robbery,148,75680,Rainy,130,5.6,11,18.5074,73.8077,Medium,27-02-2024
Nashik,CIDCO,Cyber Crime,21,88680,Sunny,212,5.1,5,19.9667,73.7667,Low,18-01-2026
Pune,Wakad,Assault,142,124338,Rainy,133,9.64,12,18.5975,73.7637,Medium,02-04-2024
Pune,Kothrud,Cyber Crime,239,75116,Foggy,65,9.17,8,18.5074,73.8077,High,17-01-2024
Nagpur,Civil Lines,Theft,92,143766,Rainy,137,7.84,8,21.153,79.072,Medium,11-07-2025
Pune,Hinjewadi,Assault,218,88603,Cloudy,54,4.27,6,18.5912,73.7389,High,10-12-2025
Nashik,Gangapur Road,Fraud,58,162726,Foggy,159,9.64,3,20.011,73.75,Low,03-11-2024
Mumbai,Dadar,Cyber Crime,198,91953,Foggy,176,4.63,8,19.0178,72.8478,High,17-07-2024
Nashik,CIDCO,Robbery,197,44292,Sunny,151,13.26,11,19.9667,73.7667,High,19-03-2026
Mumbai,Bandra,Burglary,142,156375,Sunny,13,9.31,9,19.0596,72.8295,Medium,01-03-2024
Nagpur,Jaripatka,Fraud,30,69693,Cloudy,93,13.96,4,21.1801,79.0955,Low,24-11-2024
Nashik,Nashik Road,Theft,138,185343,Cloudy,123,6.63,5,19.9975,73.7898,Medium,16-01-2025
Pune,Wakad,Robbery,239,69654,Sunny,211,6.45,7,18.5975,73.7637,High,25-08-2024
Nashik,CIDCO,Theft,29,82136,Foggy,67,9.74,5,19.9667,73.7667,Low,06-10-2024
Mumbai,Dadar,Theft,186,172937,Cloudy,94,5.14,4,19.0178,72.8478,High,26-06-2025
Mumbai,Dadar,Burglary,227,167710,Cloudy,60,10.34,6,19.0178,72.8478,High,27-07-2024
Pune,Hinjewadi,Assault,30,191234,Sunny,174,12.3,8,18.5912,73.7389,Low,15-09-2025
Pune,Kothrud,Cyber Crime,153,71609,Rainy,191,6.45,12,18.5074,73.8077,High,11-11-2024
Nashik,Nashik Road,Fraud,67,126312,Sunny,12,14.11,5,19.9975,73.7898,Low,18-05-2026
Chhatrapati Sambhajinagar,CIDCO,Robbery,100,63127,Sunny,128,11.41,7,19.889,75.32,Medium,01-02-2026
Pune,Hinjewadi,Robbery,247,55084,Rainy,62,8.33,2,18.5912,73.7389,High,30-08-2024
Nashik,Gangapur Road,Theft,27,148836,Rainy,89,5.28,2,20.011,73.75,Low,31-08-2025
Nagpur,Jaripatka,Fraud,121,79823,Rainy,99,2.25,10,21.1801,79.0955,Medium,14-02-2025
Nagpur,Civil Lines,Burglary,246,28550,Sunny,160,4.1,1,21.153,79.072,High,28-01-2026
Pune,Baner,Assault,194,165787,Foggy,22,4.61,10,18.559,73.7868,High,22-12-2024
Mumbai,Andheri,Fraud,218,120122,Rainy,51,14.78,1,19.1136,72.8697,High,21-01-2026
Nashik,Nashik Road,Robbery,175,137199,Cloudy,182,6.03,2,19.9975,73.7898,High,18-03-2024
Nagpur,Dharampeth,Cyber Crime,162,158100,Rainy,199,9.15,11,21.129,79.0588,High,08-10-2024
Mumbai,Borivali,Fraud,188,36288,Foggy,5,8.9,6,19.2307,72.8567,High,17-11-2024
Mumbai,Powai,Burglary,120,72709,Foggy,85,13.58,12,19.1176,72.906,Medium,30-06-2024
Nagpur,Civil Lines,Fraud,176,127175,Foggy,131,8.37,1,21.153,79.072,High,22-06-2025
Mumbai,Powai,Theft,207,132923,Rainy,5,4.65,10,19.1176,72.906,High,28-05-2025
Nashik,CIDCO,Cyber Crime,228,55225,Rainy,145,13.51,5,19.9667,73.7667,High,04-11-2025
Pune,Baner,Robbery,218,52642,Rainy,83,13.14,12,18.559,73.7868,High,04-01-2026
Mumbai,Andheri,Burglary,236,172982,Cloudy,30,6.74,3,19.1136,72.8697,High,08-03-2024
Chhatrapati Sambhajinagar,CIDCO,Fraud,69,57871,Sunny,107,3.75,10,19.889,75.32,Low,08-03-2024
Mumbai,Andheri,Theft,56,106992,Foggy,115,12.2,10,19.1136,72.8697,Low,09-10-2025
Nashik,CIDCO,Burglary,226,173546,Cloudy,132,14.55,1,19.9667,73.7667,High,17-01-2024
Chhatrapati Sambhajinagar,Osmanpura,Theft,109,166959,Sunny,15,7.93,3,19.87,75.33,Medium,08-01-2024
Nashik,Gangapur Road,Fraud,104,194207,Sunny,139,8.84,6,20.011,73.75,Medium,01-01-2026
Nashik,CIDCO,Assault,201,49414,Sunny,149,10.4,4,19.9667,73.7667,High,20-09-2024
Pune,Hadapsar,Robbery,165,106116,Rainy,195,12.93,12,18.5089,73.9259,High,23-07-2024
Nashik,Nashik Road,Cyber Crime,18,167917,Rainy,52,4.05,3,19.9975,73.7898,Low,17-02-2026
Pune,Baner,Theft,226,88834,Rainy,88,5.41,4,18.559,73.7868,High,13-04-2024
Pune,Baner,Robbery,24,108761,Foggy,74,5.37,10,18.559,73.7868,Low,18-01-2024
Mumbai,Colaba,Cyber Crime,42,109213,Cloudy,124,10.18,7,18.9067,72.8147,Low,19-07-2025
Mumbai,Dadar,Theft,170,62346,Sunny,25,12.26,7,19.0178,72.8478,High,09-12-2024
Mumbai,Bandra,Fraud,210,52985,Cloudy,150,2.2,10,19.0596,72.8295,High,05-09-2025
Pune,Baner,Robbery,39,123742,Cloudy,96,2.06,7,18.559,73.7868,Low,06-02-2024
Mumbai,Andheri,Robbery,63,112735,Cloudy,69,10.46,11,19.1136,72.8697,Low,13-12-2025
Nashik,Gangapur Road,Fraud,102,159082,Cloudy,153,2.97,3,20.011,73.75,Medium,25-03-2024
Nagpur,Lakadganj,Theft,137,29619,Rainy,220,10.06,7,21.1505,79.1155,Medium,28-10-2025
Mumbai,Powai,Robbery,226,79889,Rainy,111,5.67,12,19.1176,72.906,High,31-03-2026
Pune,Wakad,Assault,120,64755,Cloudy,72,12.35,12,18.5975,73.7637,Medium,01-01-2025
Pune,Shivaji Nagar,Burglary,181,191971,Cloudy,54,4.15,3,18.5308,73.8475,High,21-05-2024
Nagpur,Civil Lines,Theft,132,195365,Sunny,39,7.01,7,21.153,79.072,Medium,14-11-2024
Nagpur,Sadar,Assault,49,66216,Sunny,199,5.38,8,21.1642,79.0821,Low,05-01-2026
Mumbai,Borivali,Theft,69,160129,Foggy,89,9.89,1,19.2307,72.8567,Low,09-11-2024
Chhatrapati Sambhajinagar,Osmanpura,Robbery,22,182280,Sunny,79,4.18,12,19.87,75.33,Low,14-10-2024
Mumbai,Powai,Robbery,133,66126,Foggy,84,13.24,8,19.1176,72.906,Medium,02-10-2025
Nagpur,Dharampeth,Robbery,170,170702,Foggy,21,12.4,9,21.129,79.0588,High,13-12-2025
Nashik,Nashik Road,Assault,187,54525,Sunny,192,13.53,3,19.9975,73.7898,High,07-02-2026
Pune,Hinjewadi,Burglary,218,157779,Rainy,96,2.52,2,18.5912,73.7389,High,05-10-2025
Nagpur,Dharampeth,Burglary,196,112640,Foggy,20,13.86,7,21.129,79.0588,High,11-02-2025
Nashik,Gangapur Road,Burglary,121,119469,Sunny,122,14.01,6,20.011,73.75,Medium,18-04-2025
Nashik,Nashik Road,Cyber Crime,195,190686,Rainy,78,8.18,1,19.9975,73.7898,High,03-11-2024
Chhatrapati Sambhajinagar,CIDCO,Robbery,101,99163,Foggy,39,14.78,11,19.889,75.32,Medium,16-09-2025
Chhatrapati Sambhajinagar,CIDCO,Cyber Crime,237,30474,Sunny,163,7.53,7,19.889,75.32,High,02-01-2025
Nashik,Gangapur Road,Burglary,117,140802,Foggy,202,6.63,11,20.011,73.75,Medium,25-11-2024
Mumbai,Bandra,Assault,237,68872,Sunny,156,14.15,2,19.0596,72.8295,High,29-08-2024
Pune,Shivaji Nagar,Fraud,174,71739,Sunny,52,14.6,3,18.5308,73.8475,High,25-03-2025
Pune,Hinjewadi,Assault,228,59893,Rainy,155,5.19,5,18.5912,73.7389,High,13-10-2025
Mumbai,Andheri,Robbery,210,69430,Rainy,123,11.71,12,19.1136,72.8697,High,16-12-2025
Mumbai,Colaba,Cyber Crime,109,114691,Rainy,23,7.21,4,18.9067,72.8147,Medium,28-03-2026
Mumbai,Dadar,Fraud,138,160601,Cloudy,120,11.2,11,19.0178,72.8478,Medium,07-11-2024
Pune,Hadapsar,Robbery,208,33821,Rainy,67,13.01,8,18.5089,73.9259,High,23-10-2025
Nashik,Gangapur Road,Fraud,206,111384,Cloudy,124,4.23,6,20.011,73.75,High,19-07-2024
Chhatrapati Sambhajinagar,Osmanpura,Assault,65,151194,Rainy,127,12.17,12,19.87,75.33,Low,03-03-2026
Nagpur,Sadar,Cyber Crime,146,174632,Foggy,111,13.69,5,21.1642,79.0821,Medium,03-02-2026
Mumbai,Powai,Assault,238,118817,Cloudy,135,8.87,5,19.1176,72.906,High,07-11-2025
Nagpur,Shankar Nagar,Cyber Crime,221,176554,Rainy,57,10.89,10,21.127,79.06,High,27-01-2025
Nagpur,Sitabuldi,Cyber Crime,229,133203,Rainy,92,13.91,7,21.1458,79.0882,High,07-07-2024
Nashik,Gangapur Road,Fraud,42,160875,Cloudy,202,10.43,10,20.011,73.75,Low,15-01-2025
Pune,Wakad,Cyber Crime,137,48095,Sunny,28,3.06,6,18.5975,73.7637,Medium,05-05-2024
Nagpur,Dharampeth,Theft,126,141646,Cloudy,32,14.68,10,21.129,79.0588,Medium,22-09-2024
Pune,Hinjewadi,Assault,249,159422,Foggy,213,13.09,9,18.5912,73.7389,High,17-03-2025
Nashik,Nashik Road,Theft,33,95677,Rainy,193,10.88,11,19.9975,73.7898,Low,19-03-2025
Nashik,Gangapur Road,Cyber Crime,165,30890,Sunny,190,14.44,7,20.011,73.75,High,09-05-2024
Nashik,Gangapur Road,Cyber Crime,123,26322,Foggy,24,9.4,4,20.011,73.75,Medium,03-09-2024
Nagpur,Dharampeth,Cyber Crime,162,114559,Rainy,203,10.96,11,21.129,79.0588,High,23-01-2024
Mumbai,Dadar,Cyber Crime,138,70660,Rainy,147,12.49,8,19.0178,72.8478,Medium,08-10-2025
Nagpur,Civil Lines,Burglary,219,34646,Sunny,124,11.8,10,21.153,79.072,High,07-06-2024
Chhatrapati Sambhajinagar,Aurangpura,Theft,41,161115,Cloudy,45,10.43,4,19.8762,75.3433,Low,14-08-2024
Pune,Shivaji Nagar,Assault,234,43840,Cloudy,173,3.46,2,18.5308,73.8475,High,16-02-2025
Nagpur,Lakadganj,Cyber Crime,225,167152,Cloudy,106,10.06,4,21.1505,79.1155,High,05-11-2024
Nagpur,Civil Lines,Burglary,232,143191,Sunny,18,4.5,12,21.153,79.072,High,30-11-2024
Mumbai,Dadar,Assault,90,58099,Cloudy,125,6.97,11,19.0178,72.8478,Medium,04-03-2024
Chhatrapati Sambhajinagar,Aurangpura,Cyber Crime,146,61239,Foggy,162,3.04,7,19.8762,75.3433,Medium,02-01-2024
Pune,Hinjewadi,Robbery,170,86132,Sunny,56,2.37,7,18.5912,73.7389,High,16-02-2024
Nashik,Nashik Road,Cyber Crime,177,138654,Rainy,150,6.79,6,19.9975,73.7898,High,11-12-2024
Pune,Shivaji Nagar,Fraud,239,186378,Sunny,169,6.93,8,18.5308,73.8475,High,30-12-2025
Nagpur,Sadar,Cyber Crime,215,84012,Sunny,62,4.22,7,21.1642,79.0821,High,28-01-2024
Nagpur,Lakadganj,Assault,83,25488,Rainy,152,3.76,2,21.1505,79.1155,Medium,05-01-2024
Pune,Hadapsar,Cyber Crime,131,50397,Rainy,138,2.64,12,18.5089,73.9259,Medium,15-01-2025
Nashik,Gangapur Road,Fraud,16,74622,Rainy,192,11.3,11,20.011,73.75,Low,17-01-2024
Chhatrapati Sambhajinagar,Osmanpura,Assault,103,119858,Cloudy,211,7.31,6,19.87,75.33,Medium,03-01-2024
Chhatrapati Sambhajinagar,CIDCO,Fraud,228,28520,Cloudy,136,9.09,6,19.889,75.32,High,26-05-2025
Chhatrapati Sambhajinagar,CIDCO,Theft,233,122094,Rainy,116,10.31,12,19.889,75.32,High,10-07-2025
Pune,Hadapsar,Assault,90,137571,Cloudy,79,14.63,5,18.5089,73.9259,Medium,17-06-2025
Chhatrapati Sambhajinagar,CIDCO,Cyber Crime,20,81711,Sunny,216,10.93,8,19.889,75.32,Low,31-12-2024
Nashik,Gangapur Road,Robbery,236,174671,Rainy,44,2.61,11,20.011,73.75,High,02-03-2024
Nagpur,Lakadganj,Assault,237,81247,Sunny,38,3.05,12,21.1505,79.1155,High,14-07-2025
Nashik,Nashik Road,Burglary,148,161150,Rainy,45,4.31,3,19.9975,73.7898,Medium,31-05-2026
Pune,Hadapsar,Theft,84,65703,Rainy,195,13.62,3,18.5089,73.9259,Medium,11-04-2024
Chhatrapati Sambhajinagar,Aurangpura,Burglary,202,150316,Cloudy,173,7.22,10,19.8762,75.3433,High,05-03-2026
Nashik,Nashik Road,Cyber Crime,85,161823,Cloudy,13,3.8,4,19.9975,73.7898,Medium,11-10-2024
Nagpur,Jaripatka,Fraud,153,31143,Rainy,145,6.65,5,21.1801,79.0955,High,29-03-2026
Nagpur,Sadar,Theft,63,138508,Sunny,96,3.87,12,21.1642,79.0821,Low,28-10-2024
Nashik,CIDCO,Burglary,167,93608,Rainy,61,10.64,11,19.9667,73.7667,High,05-10-2024
Nagpur,Shankar Nagar,Assault,56,153711,Rainy,85,3.76,5,21.127,79.06,Low,01-07-2024
Nagpur,Sitabuldi,Fraud,90,149389,Cloudy,71,10.83,9,21.1458,79.0882,Medium,13-03-2025
Nagpur,Shankar Nagar,Theft,18,52156,Rainy,177,13.72,2,21.127,79.06,Low,15-12-2024
Nashik,Gangapur Road,Assault,86,171495,Cloudy,91,4.9,11,20.011,73.75,Medium,16-06-2026
Nagpur,Dharampeth,Theft,40,182289,Sunny,68,8.65,3,21.129,79.0588,Low,12-02-2026
Nagpur,Sitabuldi,Fraud,178,119313,Foggy,142,9.42,11,21.1458,79.0882,High,03-11-2025
Nagpur,Dharampeth,Burglary,136,127683,Sunny,189,10.32,11,21.129,79.0588,Medium,03-07-2025
Pune,Shivaji Nagar,Cyber Crime,168,94739,Sunny,217,11.73,1,18.5308,73.8475,High,11-08-2024
Nashik,Gangapur Road,Robbery,118,180138,Foggy,194,14.59,12,20.011,73.75,Medium,03-06-2025
Pune,Kothrud,Assault,225,107595,Rainy,186,9.9,10,18.5074,73.8077,High,30-12-2025
Nagpur,Shankar Nagar,Assault,135,73174,Foggy,75,3.88,7,21.127,79.06,Medium,25-07-2025
Chhatrapati Sambhajinagar,Osmanpura,Fraud,37,86441,Rainy,103,12.91,9,19.87,75.33,Low,30-10-2025
Nashik,Nashik Road,Cyber Crime,159,97293,Sunny,167,2.14,12,19.9975,73.7898,High,06-02-2025
Nagpur,Dharampeth,Cyber Crime,92,185042,Cloudy,183,5.5,3,21.129,79.0588,Medium,02-02-2026
Nashik,Gangapur Road,Burglary,233,53808,Foggy,155,13.44,1,20.011,73.75,High,19-03-2024
Pune,Baner,Cyber Crime,113,129517,Cloudy,173,5.57,7,18.559,73.7868,Medium,11-08-2025
Mumbai,Andheri,Cyber Crime,215,51418,Cloudy,88,14.06,4,19.1136,72.8697,High,08-08-2025
Pune,Shivaji Nagar,Robbery,173,99532,Rainy,102,11.59,1,18.5308,73.8475,High,13-09-2024
Nashik,CIDCO,Robbery,179,191174,Sunny,104,8.75,6,19.9667,73.7667,High,08-03-2025
Mumbai,Powai,Assault,62,30294,Sunny,154,6.07,10,19.1176,72.906,Low,05-07-2025
Chhatrapati Sambhajinagar,Osmanpura,Assault,235,98721,Cloudy,27,14.33,12,19.87,75.33,High,17-06-2024
Chhatrapati Sambhajinagar,CIDCO,Fraud,38,133755,Foggy,71,9.53,5,19.889,75.32,Low,07-04-2025
Pune,Hinjewadi,Burglary,47,130392,Foggy,116,12.65,4,18.5912,73.7389,Low,26-06-2025
Chhatrapati Sambhajinagar,CIDCO,Fraud,167,39362,Rainy,207,2.79,12,19.889,75.32,High,11-05-2025
Nagpur,Sitabuldi,Theft,241,168464,Sunny,183,4.76,7,21.1458,79.0882,High,01-10-2025
Pune,Hinjewadi,Assault,98,104115,Foggy,197,14.63,2,18.5912,73.7389,Medium,29-12-2025
Mumbai,Borivali,Robbery,91,46240,Foggy,104,13.3,11,19.2307,72.8567,Medium,28-09-2024
Nagpur,Dharampeth,Burglary,195,109567,Cloudy,129,3.76,4,21.129,79.0588,High,29-05-2024
Mumbai,Powai,Theft,204,116298,Cloudy,70,3.5,1,19.1176,72.906,High,16-01-2026
Chhatrapati Sambhajinagar,Aurangpura,Robbery,42,162996,Sunny,51,13.15,1,19.8762,75.3433,Low,02-12-2025
Chhatrapati Sambhajinagar,Aurangpura,Burglary,199,47570,Cloudy,206,13.83,4,19.8762,75.3433,High,01-03-2025
Mumbai,Andheri,Theft,42,181726,Cloudy,10,10.15,8,19.1136,72.8697,Low,29-09-2024
Nashik,Gangapur Road,Fraud,129,83064,Sunny,152,11.86,7,20.011,73.75,Medium,05-10-2024
Chhatrapati Sambhajinagar,CIDCO,Fraud,27,130552,Foggy,210,5.74,12,19.889,75.32,Low,01-01-2026
Nashik,Nashik Road,Assault,53,105969,Cloudy,103,14.66,2,19.9975,73.7898,Low,05-04-2026
Nashik,CIDCO,Fraud,79,199488,Cloudy,119,11.8,6,19.9667,73.7667,Medium,10-08-2024
Nashik,CIDCO,Fraud,132,138328,Cloudy,155,7.91,10,19.9667,73.7667,Medium,26-07-2025
Chhatrapati Sambhajinagar,Aurangpura,Assault,84,131575,Foggy,103,8.92,4,19.8762,75.3433,Medium,17-12-2025
Nashik,CIDCO,Burglary,18,73659,Sunny,168,2.83,11,19.9667,73.7667,Low,18-09-2024
Mumbai,Bandra,Burglary,10,183625,Foggy,110,4.53,4,19.0596,72.8295,Low,30-08-2025
Nashik,Nashik Road,Theft,240,31954,Rainy,200,2.81,10,19.9975,73.7898,High,29-03-2024
Pune,Hinjewadi,Fraud,185,167024,Cloudy,75,12.46,2,18.5912,73.7389,High,28-03-2026
Nashik,Gangapur Road,Assault,231,154520,Rainy,57,3.25,12,20.011,73.75,High,18-02-2025
Nagpur,Sadar,Theft,92,163061,Rainy,111,2.33,8,21.1642,79.0821,Medium,04-02-2025
Pune,Hinjewadi,Robbery,142,130899,Cloudy,58,6.41,6,18.5912,73.7389,Medium,31-10-2025
Nashik,Gangapur Road,Fraud,19,153675,Cloudy,22,11.16,3,20.011,73.75,Low,17-05-2025
Nashik,CIDCO,Robbery,52,149279,Foggy,152,8.4,9,19.9667,73.7667,Low,19-07-2024
Pune,Shivaji Nagar,Robbery,146,193518,Rainy,45,5.84,12,18.5308,73.8475,Medium,04-11-2025
Nashik,Gangapur Road,Assault,242,114391,Foggy,194,5.28,1,20.011,73.75,High,25-06-2024
Nagpur,Civil Lines,Theft,39,122689,Sunny,55,6.17,11,21.153,79.072,Low,02-09-2024
Chhatrapati Sambhajinagar,CIDCO,Burglary,74,182771,Sunny,104,13.51,4,19.889,75.32,Low,23-07-2025
Pune,Hadapsar,Theft,32,134491,Foggy,102,6.36,12,18.5089,73.9259,Low,08-10-2024
Nagpur,Sitabuldi,Assault,134,132752,Sunny,149,6.51,8,21.1458,79.0882,Medium,03-07-2025
Nashik,CIDCO,Cyber Crime,116,167695,Cloudy,102,8.08,8,19.9667,73.7667,Medium,14-03-2024
Mumbai,Dadar,Burglary,192,76500,Foggy,102,11.32,10,19.0178,72.8478,High,19-03-2026
Nagpur,Shankar Nagar,Theft,178,124879,Rainy,192,5.61,4,21.127,79.06,High,16-03-2026
Chhatrapati Sambhajinagar,Osmanpura,Burglary,139,134896,Rainy,54,2.97,2,19.87,75.33,Medium,17-01-2024
Mumbai,Dadar,Assault,65,142189,Rainy,48,5.47,4,19.0178,72.8478,Low,11-06-2025
Pune,Wakad,Cyber Crime,30,196267,Rainy,85,4.11,12,18.5975,73.7637,Low,06-03-2026
Chhatrapati Sambhajinagar,CIDCO,Theft,112,193583,Rainy,145,4.58,2,19.889,75.32,Medium,26-03-2026
Pune,Wakad,Assault,196,64717,Sunny,85,11.82,12,18.5975,73.7637,High,25-05-2025
Nashik,Nashik Road,Fraud,57,116835,Rainy,211,8.5,9,19.9975,73.7898,Low,21-05-2024
Chhatrapati Sambhajinagar,Aurangpura,Robbery,103,196423,Rainy,31,6.22,1,19.8762,75.3433,Medium,27-04-2024
Pune,Hadapsar,Cyber Crime,15,156489,Rainy,176,11.31,1,18.5089,73.9259,Low,13-08-2025
Nashik,Gangapur Road,Burglary,96,121389,Sunny,5,14.15,11,20.011,73.75,Medium,08-12-2024
Mumbai,Dadar,Assault,139,84459,Rainy,141,9.5,12,19.0178,72.8478,Medium,07-08-2025
Nagpur,Lakadganj,Assault,170,98609,Sunny,179,2.5,2,21.1505,79.1155,High,20-02-2025
Mumbai,Powai,Fraud,238,98756,Sunny,60,6,11,19.1176,72.906,High,06-12-2025
Nashik,CIDCO,Robbery,234,31291,Sunny,210,5.06,5,19.9667,73.7667,High,26-02-2026
Mumbai,Dadar,Burglary,29,69739,Cloudy,28,8.5,6,19.0178,72.8478,Low,16-04-2025
Pune,Baner,Robbery,233,31449,Foggy,57,3.37,3,18.559,73.7868,High,16-08-2024
Nagpur,Civil Lines,Robbery,144,111122,Rainy,147,4.88,1,21.153,79.072,Medium,01-07-2025
Chhatrapati Sambhajinagar,Aurangpura,Cyber Crime,176,196434,Cloudy,61,5.35,7,19.8762,75.3433,High,11-04-2024
Pune,Shivaji Nagar,Cyber Crime,70,181839,Cloudy,49,9.51,5,18.5308,73.8475,Low,18-03-2024
Mumbai,Powai,Robbery,75,106053,Cloudy,20,7.99,2,19.1176,72.906,Low,19-12-2024
Pune,Kothrud,Cyber Crime,55,28367,Rainy,190,10.19,12,18.5074,73.8077,Low,23-03-2026
Nashik,Nashik Road,Fraud,166,51126,Foggy,50,11.73,5,19.9975,73.7898,High,12-06-2026
Nashik,CIDCO,Theft,42,67741,Cloudy,105,10.1,12,19.9667,73.7667,Low,27-01-2026
Nashik,CIDCO,Assault,63,45593,Sunny,198,12.24,10,19.9667,73.7667,Low,18-11-2025
Nagpur,Shankar Nagar,Robbery,226,166495,Cloudy,142,6.97,9,21.127,79.06,High,21-08-2025
Nashik,Gangapur Road,Fraud,144,191116,Rainy,169,6.93,8,20.011,73.75,Medium,28-07-2025
Mumbai,Andheri,Fraud,199,58758,Rainy,173,8.68,2,19.1136,72.8697,High,13-03-2025
Chhatrapati Sambhajinagar,Osmanpura,Burglary,157,170255,Sunny,137,3.36,10,19.87,75.33,High,10-01-2025
Chhatrapati Sambhajinagar,CIDCO,Cyber Crime,95,78192,Foggy,105,11.99,3,19.889,75.32,Medium,22-11-2025
Chhatrapati Sambhajinagar,Osmanpura,Cyber Crime,53,190507,Sunny,157,9.95,5,19.87,75.33,Low,24-06-2024
Nashik,CIDCO,Burglary,32,188715,Cloudy,136,9.12,10,19.9667,73.7667,Low,24-04-2024
Chhatrapati Sambhajinagar,Osmanpura,Cyber Crime,238,61323,Cloudy,15,2.82,3,19.87,75.33,High,30-08-2025
Nagpur,Civil Lines,Assault,108,125873,Sunny,76,8.07,3,21.153,79.072,Medium,12-05-2026
Nagpur,Sitabuldi,Burglary,19,126112,Sunny,7,5.46,12,21.1458,79.0882,Low,26-10-2025
Nashik,CIDCO,Theft,171,121389,Rainy,14,7.22,1,19.9667,73.7667,High,05-07-2024
Chhatrapati Sambhajinagar,CIDCO,Robbery,222,172480,Sunny,101,12.21,7,19.889,75.32,High,04-02-2025
Nagpur,Civil Lines,Theft,167,180667,Foggy,102,4.74,4,21.153,79.072,High,21-07-2024
Chhatrapati Sambhajinagar,Osmanpura,Theft,157,193377,Sunny,179,7.74,8,19.87,75.33,High,01-01-2024
Mumbai,Borivali,Assault,244,186687,Rainy,150,4.65,6,19.2307,72.8567,High,12-11-2025
Mumbai,Bandra,Burglary,216,62131,Sunny,145,12.67,5,19.0596,72.8295,High,25-07-2025
Pune,Wakad,Theft,133,115954,Rainy,216,9.81,11,18.5975,73.7637,Medium,12-11-2025
Pune,Hadapsar,Assault,89,118710,Cloudy,41,5.29,7,18.5089,73.9259,Medium,13-07-2025
Chhatrapati Sambhajinagar,Osmanpura,Theft,14,177600,Foggy,189,5.85,6,19.87,75.33,Low,23-05-2026
Nagpur,Sadar,Cyber Crime,236,36865,Sunny,148,5.95,11,21.1642,79.0821,High,28-04-2025
Chhatrapati Sambhajinagar,Osmanpura,Cyber Crime,14,139196,Cloudy,123,3.74,8,19.87,75.33,Low,22-01-2026
Nagpur,Sitabuldi,Assault,177,97823,Foggy,157,10.52,12,21.1458,79.0882,High,13-02-2024
Nashik,CIDCO,Burglary,14,71304,Cloudy,45,2.42,1,19.9667,73.7667,Low,14-05-2026
Nashik,CIDCO,Cyber Crime,18,61090,Sunny,36,9.56,2,19.9667,73.7667,Low,23-04-2025
Nagpur,Sadar,Fraud,80,74770,Cloudy,95,3.05,10,21.1642,79.0821,Medium,24-10-2025
Nagpur,Sadar,Theft,249,151607,Foggy,148,7.9,11,21.1642,79.0821,High,05-02-2025
Pune,Kothrud,Robbery,136,181285,Cloudy,51,2.88,4,18.5074,73.8077,Medium,28-06-2024
Chhatrapati Sambhajinagar,Osmanpura,Assault,226,76010,Foggy,220,9.04,7,19.87,75.33,High,23-02-2026
Nagpur,Civil Lines,Fraud,78,143771,Cloudy,103,12.53,9,21.153,79.072,Medium,21-01-2026
Nashik,Nashik Road,Burglary,143,60109,Cloudy,102,9.34,1,19.9975,73.7898,Medium,05-01-2025
Chhatrapati Sambhajinagar,Aurangpura,Theft,178,167482,Foggy,180,7.12,5,19.8762,75.3433,High,11-08-2024
Nashik,Gangapur Road,Burglary,239,46591,Foggy,79,9.03,10,20.011,73.75,High,26-12-2024
Mumbai,Colaba,Theft,91,197611,Foggy,49,13.86,6,18.9067,72.8147,Medium,05-04-2026
Nagpur,Sadar,Burglary,104,141674,Rainy,36,8.61,2,21.1642,79.0821,Medium,24-03-2026
Chhatrapati Sambhajinagar,Osmanpura,Fraud,163,36938,Rainy,112,3.71,12,19.87,75.33,High,08-05-2026
Pune,Wakad,Cyber Crime,192,49470,Foggy,21,2.66,6,18.5975,73.7637,High,17-05-2025
Pune,Hadapsar,Theft,63,72912,Rainy,220,3.95,1,18.5089,73.9259,Low,18-09-2024
Pune,Baner,Theft,94,112594,Foggy,47,3.4,5,18.559,73.7868,Medium,30-01-2026
Nashik,Nashik Road,Assault,57,186381,Cloudy,19,6.92,12,19.9975,73.7898,Low,17-07-2024
Pune,Hinjewadi,Theft,137,181001,Foggy,87,6.86,3,18.5912,73.7389,Medium,08-05-2024
Chhatrapati Sambhajinagar,Osmanpura,Cyber Crime,64,117885,Cloudy,48,8.95,2,19.87,75.33,Low,27-11-2024
Mumbai,Bandra,Assault,86,132611,Cloudy,177,3.28,3,19.0596,72.8295,Medium,07-05-2024
Mumbai,Powai,Fraud,231,32029,Sunny,181,4.86,4,19.1176,72.906,High,16-11-2025
Nashik,Gangapur Road,Robbery,134,86711,Foggy,190,11.62,2,20.011,73.75,Medium,16-11-2024
Pune,Shivaji Nagar,Assault,126,131337,Rainy,22,3.11,11,18.5308,73.8475,Medium,05-10-2024
Mumbai,Bandra,Burglary,70,35274,Foggy,91,3.48,9,19.0596,72.8295,Low,31-07-2025
Nashik,CIDCO,Burglary,159,165522,Rainy,135,10.33,9,19.9667,73.7667,High,17-08-2024
Chhatrapati Sambhajinagar,Aurangpura,Robbery,130,191108,Rainy,203,14.96,8,19.8762,75.3433,Medium,04-07-2025
Nashik,Nashik Road,Cyber Crime,97,164666,Foggy,198,8.19,4,19.9975,73.7898,Medium,14-02-2026
Pune,Wakad,Fraud,80,34237,Cloudy,170,11.07,6,18.5975,73.7637,Medium,12-12-2025
Nashik,Nashik Road,Burglary,244,187064,Cloudy,163,2.92,10,19.9975,73.7898,High,16-08-2025
Pune,Wakad,Burglary,14,92072,Sunny,157,13.44,1,18.5975,73.7637,Low,09-05-2026
Chhatrapati Sambhajinagar,CIDCO,Theft,181,119632,Rainy,8,8.36,5,19.889,75.32,High,29-04-2025
Chhatrapati Sambhajinagar,CIDCO,Theft,249,59362,Foggy,15,12.71,5,19.889,75.32,High,01-02-2026
Nagpur,Sadar,Theft,166,197942,Foggy,193,7.36,5,21.1642,79.0821,High,07-08-2024
Nagpur,Sadar,Robbery,247,134716,Foggy,95,10,5,21.1642,79.0821,High,06-04-2025
Nagpur,Jaripatka,Cyber Crime,228,47816,Foggy,205,14.11,4,21.1801,79.0955,High,13-09-2024
Mumbai,Andheri,Burglary,87,97224,Sunny,47,6.8,7,19.1136,72.8697,Medium,21-09-2025
Chhatrapati Sambhajinagar,Aurangpura,Fraud,114,66139,Rainy,171,11.19,10,19.8762,75.3433,Medium,26-10-2025
Nashik,Gangapur Road,Fraud,46,110268,Rainy,32,4.79,4,20.011,73.75,Low,12-04-2024
Nashik,Gangapur Road,Fraud,76,98688,Cloudy,207,2.31,2,20.011,73.75,Medium,04-04-2025
Nashik,Gangapur Road,Theft,131,171001,Sunny,84,9.26,12,20.011,73.75,Medium,29-12-2025
Nashik,CIDCO,Robbery,220,137434,Foggy,182,14.2,11,19.9667,73.7667,High,21-01-2024
Chhatrapati Sambhajinagar,Aurangpura,Fraud,123,40527,Sunny,219,4.01,9,19.8762,75.3433,Medium,23-11-2024
Chhatrapati Sambhajinagar,Aurangpura,Robbery,49,41169,Sunny,181,7.85,4,19.8762,75.3433,Low,14-09-2024
Chhatrapati Sambhajinagar,Osmanpura,Robbery,27,84901,Sunny,140,14.69,3,19.87,75.33,Low,03-05-2024
Nagpur,Lakadganj,Theft,205,72435,Foggy,150,8.07,6,21.1505,79.1155,High,03-04-2026
Chhatrapati Sambhajinagar,CIDCO,Theft,18,188376,Sunny,78,4.96,12,19.889,75.32,Low,02-10-2024
Chhatrapati Sambhajinagar,Aurangpura,Robbery,46,131570,Sunny,70,9.84,7,19.8762,75.3433,Low,16-01-2024
Mumbai,Bandra,Theft,222,165628,Sunny,88,8.48,4,19.0596,72.8295,High,09-04-2026
Nashik,CIDCO,Robbery,170,146018,Rainy,55,7.86,1,19.9667,73.7667,High,13-09-2025
Nashik,Nashik Road,Theft,78,183698,Rainy,77,6.47,6,19.9975,73.7898,Medium,26-04-2024
Nagpur,Dharampeth,Theft,68,144173,Sunny,28,13.1,6,21.129,79.0588,Low,01-05-2024
Nagpur,Lakadganj,Cyber Crime,79,46196,Foggy,7,13.51,12,21.1505,79.1155,Medium,29-06-2024
Nagpur,Sadar,Cyber Crime,169,110165,Cloudy,71,10.52,8,21.1642,79.0821,High,16-05-2025
Chhatrapati Sambhajinagar,Aurangpura,Fraud,214,179428,Cloudy,209,14.02,7,19.8762,75.3433,High,22-05-2026
Chhatrapati Sambhajinagar,Aurangpura,Fraud,230,28751,Rainy,41,3.27,1,19.8762,75.3433,High,01-04-2024
Nagpur,Sadar,Robbery,56,148110,Rainy,7,7.7,4,21.1642,79.0821,Low,09-02-2026
Pune,Wakad,Burglary,184,130211,Sunny,121,13.15,9,18.5975,73.7637,High,17-11-2025
Pune,Hadapsar,Assault,67,179043,Rainy,186,2.35,4,18.5089,73.9259,Low,23-06-2024
Nagpur,Sadar,Fraud,35,155808,Sunny,215,2.59,6,21.1642,79.0821,Low,29-10-2024
Pune,Baner,Assault,218,106618,Foggy,25,7.38,3,18.559,73.7868,High,30-08-2025
Pune,Hadapsar,Burglary,165,67529,Foggy,88,12.06,5,18.5089,73.9259,High,26-05-2026
Nagpur,Dharampeth,Robbery,93,137494,Sunny,159,12.45,5,21.129,79.0588,Medium,15-02-2026
Pune,Shivaji Nagar,Cyber Crime,211,145024,Cloudy,5,10.31,6,18.5308,73.8475,High,07-01-2026
Mumbai,Bandra,Assault,29,98520,Sunny,184,14.04,3,19.0596,72.8295,Low,22-01-2025
Nagpur,Sitabuldi,Assault,178,191216,Rainy,197,12.47,9,21.1458,79.0882,High,04-01-2026
Pune,Kothrud,Fraud,53,53921,Sunny,33,13.74,12,18.5074,73.8077,Low,31-01-2024
Chhatrapati Sambhajinagar,Osmanpura,Burglary,249,141218,Rainy,25,5.22,12,19.87,75.33,High,29-05-2024
Chhatrapati Sambhajinagar,Osmanpura,Robbery,137,27410,Sunny,82,13.17,7,19.87,75.33,Medium,23-04-2026
Pune,Hinjewadi,Theft,153,152638,Foggy,168,4.16,6,18.5912,73.7389,High,10-09-2025
Nashik,CIDCO,Cyber Crime,216,123852,Foggy,102,6.54,5,19.9667,73.7667,High,08-07-2024
Chhatrapati Sambhajinagar,Aurangpura,Cyber Crime,17,40716,Rainy,50,5.17,1,19.8762,75.3433,Low,12-11-2025
Nashik,Nashik Road,Robbery,163,52007,Rainy,111,2.84,7,19.9975,73.7898,High,18-10-2024
Pune,Wakad,Burglary,104,168366,Sunny,56,7.11,2,18.5975,73.7637,Medium,04-02-2026
Chhatrapati Sambhajinagar,CIDCO,Fraud,179,113006,Cloudy,69,2.83,1,19.889,75.32,High,02-10-2025
Chhatrapati Sambhajinagar,Aurangpura,Assault,27,197573,Foggy,206,7.49,9,19.8762,75.3433,Low,17-06-2025
Chhatrapati Sambhajinagar,CIDCO,Burglary,58,67316,Foggy,45,8.21,5,19.889,75.32,Low,18-07-2024
Nashik,CIDCO,Theft,107,173829,Rainy,88,5.8,7,19.9667,73.7667,Medium,19-09-2024
Pune,Hinjewadi,Burglary,158,36522,Cloudy,110,14.73,8,18.5912,73.7389,High,23-03-2024
Nagpur,Sadar,Cyber Crime,151,75505,Cloudy,84,9.18,5,21.1642,79.0821,High,11-06-2024
Chhatrapati Sambhajinagar,Osmanpura,Robbery,226,47919,Cloudy,157,2.18,5,19.87,75.33,High,28-10-2025
Nagpur,Dharampeth,Burglary,38,125053,Foggy,121,11.66,3,21.129,79.0588,Low,08-12-2025
Nagpur,Dharampeth,Theft,116,37875,Rainy,110,11.78,7,21.129,79.0588,Medium,26-09-2024
Nagpur,Civil Lines,Burglary,89,84485,Cloudy,36,4.36,2,21.153,79.072,Medium,06-03-2025
Chhatrapati Sambhajinagar,CIDCO,Cyber Crime,182,49117,Rainy,118,10.12,5,19.889,75.32,High,29-01-2026
Chhatrapati Sambhajinagar,Aurangpura,Cyber Crime,139,163275,Cloudy,167,13.39,8,19.8762,75.3433,Medium,03-10-2024
Chhatrapati Sambhajinagar,Aurangpura,Assault,57,125119,Cloudy,144,14.52,9,19.8762,75.3433,Low,01-12-2024
Mumbai,Andheri,Burglary,207,155906,Sunny,18,10.64,9,19.1136,72.8697,High,18-11-2024
Pune,Baner,Assault,10,78616,Foggy,31,10.51,1,18.559,73.7868,Low,31-07-2024
Mumbai,Bandra,Robbery,81,114618,Rainy,60,2.33,11,19.0596,72.8295,Medium,16-02-2025
Pune,Baner,Theft,138,195943,Sunny,157,2.59,1,18.559,73.7868,Medium,26-03-2024
Nagpur,Civil Lines,Cyber Crime,145,170963,Rainy,90,11.65,2,21.153,79.072,Medium,14-09-2024
Nagpur,Civil Lines,Theft,14,148145,Rainy,218,2.02,2,21.153,79.072,Low,26-03-2025
Chhatrapati Sambhajinagar,Osmanpura,Cyber Crime,26,66409,Sunny,205,7.84,12,19.87,75.33,Low,12-05-2024
Nashik,Nashik Road,Burglary,131,156889,Sunny,93,8.35,10,19.9975,73.7898,Medium,22-08-2024
Mumbai,Borivali,Cyber Crime,21,120798,Foggy,94,5.07,5,19.2307,72.8567,Low,19-02-2024
Mumbai,Colaba,Theft,150,73766,Cloudy,29,2.73,11,18.9067,72.8147,Medium,20-01-2024
Nagpur,Shankar Nagar,Theft,108,127472,Cloudy,103,5.68,8,21.127,79.06,Medium,04-06-2026
Nashik,Gangapur Road,Robbery,192,87170,Sunny,22,14.41,8,20.011,73.75,High,18-05-2025
Nagpur,Sadar,Robbery,199,68424,Sunny,212,9.96,7,21.1642,79.0821,High,03-01-2024
Pune,Baner,Burglary,195,164595,Foggy,143,14.85,3,18.559,73.7868,High,02-03-2025
Pune,Hadapsar,Assault,156,156806,Rainy,96,2.4,8,18.5089,73.9259,High,06-04-2024
Mumbai,Powai,Cyber Crime,186,127610,Foggy,40,13.17,6,19.1176,72.906,High,17-01-2024
Nashik,Nashik Road,Fraud,217,161676,Foggy,78,11.71,9,19.9975,73.7898,High,12-05-2026
Nashik,Gangapur Road,Robbery,220,113440,Rainy,124,13.4,9,20.011,73.75,High,05-12-2024
Nashik,CIDCO,Burglary,217,36411,Rainy,195,6.81,7,19.9667,73.7667,High,12-12-2025
Nagpur,Jaripatka,Assault,176,64312,Foggy,56,11.82,1,21.1801,79.0955,High,15-07-2024
Nagpur,Civil Lines,Cyber Crime,120,183109,Cloudy,160,7.99,5,21.153,79.072,Medium,21-06-2024
Chhatrapati Sambhajinagar,Aurangpura,Assault,142,41250,Sunny,77,13.35,4,19.8762,75.3433,Medium,07-09-2025
Mumbai,Dadar,Cyber Crime,244,191208,Cloudy,163,8.09,8,19.0178,72.8478,High,22-12-2025
Nashik,Gangapur Road,Theft,103,100343,Cloudy,134,7.43,5,20.011,73.75,Medium,18-01-2025
Nashik,Gangapur Road,Robbery,108,60675,Foggy,168,3.75,10,20.011,73.75,Medium,25-07-2025
Pune,Shivaji Nagar,Assault,243,116043,Sunny,8,9.25,9,18.5308,73.8475,High,06-03-2026
Mumbai,Colaba,Burglary,228,25867,Foggy,62,2.78,10,18.9067,72.8147,High,06-02-2025
Nagpur,Jaripatka,Assault,190,71685,Sunny,203,14.49,8,21.1801,79.0955,High,30-04-2026
Nagpur,Sitabuldi,Cyber Crime,179,118592,Sunny,207,3.96,4,21.1458,79.0882,High,15-05-2025
Nashik,Gangapur Road,Theft,64,73186,Foggy,28,13.11,7,20.011,73.75,Low,02-09-2025
Chhatrapati Sambhajinagar,Osmanpura,Cyber Crime,191,145318,Foggy,46,9.31,6,19.87,75.33,High,07-03-2024
Mumbai,Borivali,Cyber Crime,133,119232,Foggy,20,10.16,5,19.2307,72.8567,Medium,24-10-2025
Nagpur,Sitabuldi,Cyber Crime,34,167573,Foggy,116,4.78,3,21.1458,79.0882,Low,26-05-2024
Chhatrapati Sambhajinagar,CIDCO,Theft,162,150920,Rainy,49,6.98,8,19.889,75.32,High,21-12-2024
Nashik,CIDCO,Fraud,114,25188,Rainy,116,9.11,1,19.9667,73.7667,Medium,19-11-2025
Mumbai,Colaba,Cyber Crime,191,140868,Cloudy,50,6.21,6,18.9067,72.8147,High,17-02-2026
Mumbai,Andheri,Robbery,68,131390,Sunny,215,2.77,5,19.1136,72.8697,Low,14-05-2025
Chhatrapati Sambhajinagar,Aurangpura,Fraud,26,75152,Sunny,199,9.89,12,19.8762,75.3433,Low,22-04-2025
Chhatrapati Sambhajinagar,CIDCO,Assault,173,149540,Foggy,160,5.5,10,19.889,75.32,High,06-03-2026
Pune,Hinjewadi,Burglary,129,128996,Foggy,215,13.07,4,18.5912,73.7389,Medium,16-12-2025
Pune,Shivaji Nagar,Assault,66,136181,Foggy,5,5.35,3,18.5308,73.8475,Low,13-12-2024
Chhatrapati Sambhajinagar,CIDCO,Fraud,137,79042,Rainy,52,11.78,9,19.889,75.32,Medium,22-07-2025
Nashik,Gangapur Road,Theft,244,175054,Sunny,143,12.37,12,20.011,73.75,High,10-02-2026
Pune,Kothrud,Assault,25,48165,Foggy,90,14.03,2,18.5074,73.8077,Low,16-09-2025
Nashik,Gangapur Road,Burglary,14,111889,Rainy,178,6.08,6,20.011,73.75,Low,15-05-2025
Chhatrapati Sambhajinagar,CIDCO,Robbery,16,182418,Rainy,147,2.14,6,19.889,75.32,Low,30-07-2025
Chhatrapati Sambhajinagar,CIDCO,Theft,183,53640,Sunny,169,14.17,4,19.889,75.32,High,21-07-2024
Chhatrapati Sambhajinagar,Aurangpura,Robbery,224,141239,Cloudy,28,3.51,5,19.8762,75.3433,High,16-03-2024
Pune,Kothrud,Robbery,25,111540,Foggy,143,5.92,3,18.5074,73.8077,Low,06-10-2024
Nagpur,Lakadganj,Burglary,192,144341,Rainy,149,2.46,4,21.1505,79.1155,High,09-03-2026
Chhatrapati Sambhajinagar,Aurangpura,Assault,119,130116,Foggy,193,2.96,4,19.8762,75.3433,Medium,21-03-2024
Chhatrapati Sambhajinagar,Osmanpura,Robbery,31,57924,Sunny,214,3.81,1,19.87,75.33,Low,08-03-2024
Pune,Hinjewadi,Theft,236,176435,Cloudy,113,14.82,6,18.5912,73.7389,High,18-05-2024
Mumbai,Andheri,Assault,157,127746,Sunny,69,2.55,8,19.1136,72.8697,High,22-10-2024
Mumbai,Powai,Theft,75,194191,Foggy,139,7.53,12,19.1176,72.906,Low,01-12-2025
Chhatrapati Sambhajinagar,Osmanpura,Burglary,216,47678,Rainy,68,12.32,1,19.87,75.33,High,27-07-2024
Chhatrapati Sambhajinagar,CIDCO,Burglary,185,47532,Sunny,170,11.22,9,19.889,75.32,High,28-08-2024
Chhatrapati Sambhajinagar,Aurangpura,Robbery,87,133658,Rainy,28,13.89,8,19.8762,75.3433,Medium,07-09-2024
Nashik,CIDCO,Robbery,61,143785,Sunny,89,4.49,1,19.9667,73.7667,Low,17-04-2025
Chhatrapati Sambhajinagar,CIDCO,Cyber Crime,171,74458,Rainy,75,2.66,11,19.889,75.32,High,20-01-2024
Pune,Kothrud,Fraud,199,71914,Rainy,76,8.22,7,18.5074,73.8077,High,04-08-2025
Pune,Kothrud,Assault,31,188024,Rainy,205,4.04,2,18.5074,73.8077,Low,01-04-2025
Chhatrapati Sambhajinagar,CIDCO,Assault,114,166061,Foggy,131,2.82,1,19.889,75.32,Medium,09-05-2025
Pune,Shivaji Nagar,Burglary,236,117610,Sunny,109,5.12,2,18.5308,73.8475,High,12-03-2025
Pune,Kothrud,Fraud,143,33724,Cloudy,187,8.68,1,18.5074,73.8077,Medium,08-04-2026
Chhatrapati Sambhajinagar,Osmanpura,Assault,159,194504,Sunny,86,4.72,11,19.87,75.33,High,10-12-2025
Mumbai,Andheri,Burglary,13,94345,Sunny,198,11.91,7,19.1136,72.8697,Low,16-01-2024
Nagpur,Sadar,Cyber Crime,37,95156,Rainy,218,10.11,8,21.1642,79.0821,Low,07-05-2024
Pune,Baner,Cyber Crime,109,104690,Foggy,23,12.48,6,18.559,73.7868,Medium,13-03-2025
Pune,Wakad,Burglary,159,30787,Rainy,105,6.15,1,18.5975,73.7637,High,28-03-2026
Mumbai,Andheri,Robbery,247,161773,Rainy,49,11.56,9,19.1136,72.8697,High,11-02-2024
Nashik,Gangapur Road,Assault,36,75033,Sunny,192,14.61,8,20.011,73.75,Low,17-01-2026
Pune,Hadapsar,Robbery,99,35593,Cloudy,171,6.93,12,18.5089,73.9259,Medium,21-07-2025
Chhatrapati Sambhajinagar,Osmanpura,Robbery,199,31455,Sunny,193,14.95,4,19.87,75.33,High,15-06-2024
Mumbai,Borivali,Assault,67,36698,Cloudy,202,10.41,7,19.2307,72.8567,Low,31-05-2024
Pune,Baner,Cyber Crime,126,31760,Rainy,155,10.16,5,18.559,73.7868,Medium,22-10-2024
Nashik,CIDCO,Robbery,130,178526,Sunny,27,5.63,7,19.9667,73.7667,Medium,02-10-2025
Nashik,Nashik Road,Robbery,96,124749,Cloudy,138,12.12,12,19.9975,73.7898,Medium,21-12-2025
Mumbai,Andheri,Cyber Crime,151,167070,Rainy,97,7.15,10,19.1136,72.8697,High,28-06-2025
Nagpur,Sitabuldi,Assault,203,197884,Rainy,15,11.4,8,21.1458,79.0882,High,01-12-2025
Pune,Hinjewadi,Cyber Crime,180,44873,Cloudy,220,4.69,2,18.5912,73.7389,High,26-09-2024
Nagpur,Sadar,Robbery,107,179608,Sunny,110,5.93,5,21.1642,79.0821,Medium,04-02-2025
Nagpur,Sadar,Assault,225,70181,Rainy,196,2.57,6,21.1642,79.0821,High,20-08-2024
Mumbai,Borivali,Assault,56,76650,Foggy,176,2.68,10,19.2307,72.8567,Low,05-05-2024
Mumbai,Colaba,Robbery,163,138208,Sunny,164,4.56,9,18.9067,72.8147,High,19-02-2025
Mumbai,Powai,Theft,112,46606,Foggy,145,6.09,8,19.1176,72.906,Medium,22-03-2024
Nagpur,Sadar,Robbery,39,63818,Cloudy,153,2.62,7,21.1642,79.0821,Low,09-09-2025
Mumbai,Borivali,Robbery,201,137026,Rainy,17,12.74,5,19.2307,72.8567,High,18-12-2025
Nashik,CIDCO,Assault,42,95244,Foggy,42,4.72,3,19.9667,73.7667,Low,18-08-2024
Pune,Shivaji Nagar,Burglary,118,70718,Rainy,131,6.13,2,18.5308,73.8475,Medium,27-12-2025
Chhatrapati Sambhajinagar,Aurangpura,Burglary,203,28076,Sunny,155,6.27,2,19.8762,75.3433,High,02-02-2024
Chhatrapati Sambhajinagar,CIDCO,Robbery,112,75863,Sunny,29,3.96,2,19.889,75.32,Medium,11-03-2026
Mumbai,Bandra,Robbery,118,172476,Cloudy,22,10.47,5,19.0596,72.8295,Medium,30-11-2025
Chhatrapati Sambhajinagar,CIDCO,Assault,206,143900,Foggy,66,2.22,9,19.889,75.32,High,07-09-2025
Chhatrapati Sambhajinagar,Osmanpura,Cyber Crime,119,177716,Sunny,208,2.05,7,19.87,75.33,Medium,11-02-2026
Pune,Baner,Assault,112,83115,Rainy,166,9.78,7,18.559,73.7868,Medium,08-01-2024
Mumbai,Borivali,Theft,250,118252,Sunny,97,9.29,6,19.2307,72.8567,High,12-02-2025
Nagpur,Shankar Nagar,Robbery,163,60681,Foggy,30,9.4,10,21.127,79.06,High,19-01-2024
Mumbai,Colaba,Cyber Crime,205,30576,Rainy,128,7.89,9,18.9067,72.8147,High,16-06-2026
Nagpur,Jaripatka,Assault,186,181373,Rainy,16,13.98,5,21.1801,79.0955,High,27-06-2024
Nagpur,Lakadganj,Burglary,231,56297,Foggy,185,8.1,1,21.1505,79.1155,High,04-11-2025
Chhatrapati Sambhajinagar,Aurangpura,Theft,52,29643,Foggy,183,12.78,12,19.8762,75.3433,Low,15-06-2026
Pune,Hinjewadi,Theft,191,35517,Rainy,206,2.37,2,18.5912,73.7389,High,23-06-2025
Nagpur,Sitabuldi,Theft,246,150241,Rainy,11,8.96,1,21.1458,79.0882,High,26-08-2025
Nashik,Nashik Road,Fraud,82,132405,Cloudy,220,4.92,3,19.9975,73.7898,Medium,14-02-2024
Nashik,Nashik Road,Fraud,194,56927,Sunny,52,7.71,8,19.9975,73.7898,High,22-09-2025
Nagpur,Dharampeth,Assault,202,178178,Cloudy,175,7.68,2,21.129,79.0588,High,01-06-2025
Pune,Hinjewadi,Theft,232,130554,Sunny,70,14.17,7,18.5912,73.7389,High,04-12-2024
Nashik,Gangapur Road,Theft,95,183854,Cloudy,127,6.71,11,20.011,73.75,Medium,13-04-2025
Chhatrapati Sambhajinagar,Aurangpura,Assault,33,175425,Foggy,46,8.51,5,19.8762,75.3433,Low,22-07-2025
Mumbai,Powai,Fraud,23,45413,Cloudy,68,3.57,1,19.1176,72.906,Low,06-07-2024
Nagpur,Civil Lines,Robbery,138,117410,Sunny,68,13.79,2,21.153,79.072,Medium,03-02-2024
Pune,Hinjewadi,Robbery,154,93447,Rainy,94,8.48,5,18.5912,73.7389,High,15-12-2024
Pune,Baner,Burglary,48,43259,Cloudy,23,11.78,7,18.559,73.7868,Low,18-10-2025
Nashik,Nashik Road,Burglary,65,142336,Cloudy,20,9.05,10,19.9975,73.7898,Low,24-01-2025
Nagpur,Dharampeth,Theft,177,126329,Foggy,146,14.38,8,21.129,79.0588,High,01-02-2026
Mumbai,Dadar,Fraud,113,43612,Foggy,159,11.92,5,19.0178,72.8478,Medium,21-05-2024
Chhatrapati Sambhajinagar,Aurangpura,Cyber Crime,240,27099,Foggy,132,9.84,3,19.8762,75.3433,High,27-03-2026
Mumbai,Colaba,Theft,189,127425,Foggy,11,10.76,11,18.9067,72.8147,High,21-02-2026
Nashik,CIDCO,Cyber Crime,151,159342,Sunny,163,13.76,8,19.9667,73.7667,High,01-11-2025
Pune,Kothrud,Fraud,119,92144,Cloudy,57,12.19,1,18.5074,73.8077,Medium,11-02-2026
Nashik,CIDCO,Theft,152,147599,Rainy,193,10.29,6,19.9667,73.7667,High,22-08-2025
Pune,Kothrud,Fraud,213,68087,Rainy,39,3.45,6,18.5074,73.8077,High,25-12-2024
Pune,Hinjewadi,Burglary,53,186020,Sunny,76,2.85,11,18.5912,73.7389,Low,02-03-2024
Nashik,Nashik Road,Cyber Crime,43,194210,Sunny,156,3.18,4,19.9975,73.7898,Low,30-01-2024
Nagpur,Civil Lines,Fraud,41,186461,Foggy,166,11.73,9,21.153,79.072,Low,18-06-2024
Chhatrapati Sambhajinagar,Aurangpura,Assault,246,117095,Cloudy,23,5.14,4,19.8762,75.3433,High,16-05-2026
Pune,Shivaji Nagar,Theft,167,39346,Rainy,125,11.52,1,18.5308,73.8475,High,05-02-2024
Chhatrapati Sambhajinagar,CIDCO,Fraud,31,71320,Sunny,214,3.91,3,19.889,75.32,Low,20-02-2024
Pune,Baner,Cyber Crime,67,114584,Cloudy,88,4.06,12,18.559,73.7868,Low,26-11-2025
Chhatrapati Sambhajinagar,Osmanpura,Theft,211,186960,Foggy,99,9.37,10,19.87,75.33,High,22-04-2024
Nagpur,Sadar,Burglary,72,155438,Foggy,176,10.23,5,21.1642,79.0821,Low,06-05-2024
Nashik,Gangapur Road,Cyber Crime,182,164613,Cloudy,46,7.78,9,20.011,73.75,High,26-06-2025
Pune,Baner,Fraud,15,79832,Cloudy,95,8.48,3,18.559,73.7868,Low,06-12-2024
Pune,Hinjewadi,Burglary,83,104289,Cloudy,114,14.42,6,18.5912,73.7389,Medium,13-10-2025
Mumbai,Andheri,Burglary,154,59118,Foggy,53,12.49,5,19.1136,72.8697,High,13-02-2025
Mumbai,Colaba,Assault,153,50914,Rainy,215,8.54,10,18.9067,72.8147,High,11-06-2024
Chhatrapati Sambhajinagar,Osmanpura,Fraud,184,51775,Rainy,214,9.59,12,19.87,75.33,High,06-03-2026
Pune,Hadapsar,Burglary,61,123707,Foggy,31,4.25,7,18.5089,73.9259,Low,09-03-2026
Nashik,CIDCO,Cyber Crime,158,46822,Cloudy,20,10.21,5,19.9667,73.7667,High,07-01-2025
Chhatrapati Sambhajinagar,CIDCO,Theft,218,178927,Foggy,116,14.94,4,19.889,75.32,High,10-02-2024
Pune,Baner,Burglary,179,63807,Sunny,56,2.73,9,18.559,73.7868,High,11-12-2024
Chhatrapati Sambhajinagar,CIDCO,Fraud,217,55035,Rainy,123,7.37,7,19.889,75.32,High,20-01-2025
Nagpur,Sadar,Burglary,64,58160,Foggy,46,11.81,9,21.1642,79.0821,Low,04-06-2024
Nagpur,Sadar,Fraud,71,131480,Rainy,186,5.65,12,21.1642,79.0821,Low,31-07-2024
Nagpur,Jaripatka,Robbery,59,127297,Rainy,23,5.19,12,21.1801,79.0955,Low,24-10-2024
Nashik,Nashik Road,Fraud,231,87684,Sunny,206,13.28,1,19.9975,73.7898,High,08-03-2026
Pune,Kothrud,Theft,189,125537,Sunny,42,5.92,9,18.5074,73.8077,High,18-10-2024
Chhatrapati Sambhajinagar,Osmanpura,Robbery,128,69501,Sunny,18,4,5,19.87,75.33,Medium,28-09-2025
Pune,Shivaji Nagar,Fraud,86,76211,Rainy,71,2.97,4,18.5308,73.8475,Medium,27-02-2024
Nagpur,Lakadganj,Fraud,57,110709,Sunny,94,10.99,4,21.1505,79.1155,Low,29-12-2025
Pune,Wakad,Cyber Crime,197,193056,Foggy,83,3.55,10,18.5975,73.7637,High,15-01-2024
Nashik,CIDCO,Robbery,157,124695,Sunny,180,13.15,1,19.9667,73.7667,High,30-10-2025
Pune,Hadapsar,Burglary,58,140344,Foggy,202,14.62,4,18.5089,73.9259,Low,26-08-2025
Mumbai,Powai,Fraud,247,150134,Cloudy,17,14.96,8,19.1176,72.906,High,31-08-2025
Chhatrapati Sambhajinagar,Osmanpura,Cyber Crime,140,177823,Cloudy,124,10.99,1,19.87,75.33,Medium,24-11-2024
Pune,Hadapsar,Assault,163,161810,Cloudy,46,2.9,11,18.5089,73.9259,High,22-08-2024
Chhatrapati Sambhajinagar,Aurangpura,Theft,85,154235,Rainy,196,11.75,10,19.8762,75.3433,Medium,24-02-2026
Pune,Shivaji Nagar,Burglary,237,147201,Rainy,23,13.76,9,18.5308,73.8475,High,23-04-2026
Nashik,Nashik Road,Fraud,225,108929,Sunny,100,3.18,9,19.9975,73.7898,High,09-08-2024
Nashik,Gangapur Road,Burglary,86,40371,Sunny,137,2.91,9,20.011,73.75,Medium,31-12-2024
Mumbai,Powai,Robbery,54,180479,Sunny,67,10.79,5,19.1176,72.906,Low,10-02-2025
Mumbai,Bandra,Fraud,46,93104,Foggy,88,12.92,4,19.0596,72.8295,Low,15-12-2024
Pune,Hinjewadi,Theft,172,80720,Cloudy,133,11.85,8,18.5912,73.7389,High,03-02-2026
Mumbai,Powai,Burglary,159,153493,Foggy,202,7.31,4,19.1176,72.906,High,31-08-2025
Chhatrapati Sambhajinagar,CIDCO,Burglary,134,195690,Cloudy,173,14.89,3,19.889,75.32,Medium,08-06-2024
Chhatrapati Sambhajinagar,Osmanpura,Burglary,25,73569,Rainy,205,12.88,10,19.87,75.33,Low,05-06-2026
Nagpur,Civil Lines,Cyber Crime,14,60235,Rainy,50,3.8,10,21.153,79.072,Low,29-12-2025
Nashik,Gangapur Road,Robbery,183,71387,Rainy,196,10.58,5,20.011,73.75,High,06-08-2025
Nagpur,Jaripatka,Assault,224,169810,Foggy,154,9.77,10,21.1801,79.0955,High,02-03-2024
Pune,Wakad,Robbery,128,141819,Foggy,201,3.01,5,18.5975,73.7637,Medium,16-06-2025
Pune,Hadapsar,Theft,15,125476,Foggy,168,12.66,3,18.5089,73.9259,Low,26-12-2025
Nashik,Nashik Road,Assault,116,178585,Rainy,58,2.58,2,19.9975,73.7898,Medium,19-10-2024
Nashik,Gangapur Road,Assault,223,167778,Sunny,159,6.27,2,20.011,73.75,High,11-04-2026
Nagpur,Civil Lines,Fraud,64,169799,Foggy,38,2.08,12,21.153,79.072,Low,21-08-2024
Mumbai,Borivali,Cyber Crime,132,59883,Sunny,89,3.52,3,19.2307,72.8567,Medium,27-02-2024
Pune,Wakad,Cyber Crime,34,95284,Cloudy,9,14.41,8,18.5975,73.7637,Low,14-02-2024
Mumbai,Andheri,Burglary,37,182844,Foggy,27,4.53,9,19.1136,72.8697,Low,20-06-2024
Chhatrapati Sambhajinagar,Aurangpura,Burglary,215,58628,Foggy,144,13.44,12,19.8762,75.3433,High,14-08-2025
Nagpur,Sitabuldi,Fraud,37,92312,Sunny,121,11.18,2,21.1458,79.0882,Low,27-08-2024
Chhatrapati Sambhajinagar,Osmanpura,Cyber Crime,135,52606,Cloudy,154,12.52,9,19.87,75.33,Medium,06-11-2024
Pune,Hadapsar,Theft,197,185272,Sunny,113,13.12,10,18.5089,73.9259,High,01-12-2025
Pune,Shivaji Nagar,Robbery,236,124628,Rainy,106,12.93,8,18.5308,73.8475,High,16-01-2024
Chhatrapati Sambhajinagar,CIDCO,Cyber Crime,156,140991,Sunny,126,3.68,9,19.889,75.32,High,13-09-2025
Nashik,Nashik Road,Fraud,56,151682,Rainy,135,2.55,10,19.9975,73.7898,Low,11-06-2024
Nagpur,Sitabuldi,Fraud,159,25182,Cloudy,124,12.47,5,21.1458,79.0882,High,30-03-2025
Nashik,Nashik Road,Robbery,176,106601,Sunny,102,6.93,7,19.9975,73.7898,High,06-04-2026
Nagpur,Dharampeth,Fraud,113,146316,Foggy,179,5.5,8,21.129,79.0588,Medium,11-07-2025
Mumbai,Bandra,Robbery,138,190363,Sunny,34,10.99,10,19.0596,72.8295,Medium,10-05-2025
Chhatrapati Sambhajinagar,Aurangpura,Cyber Crime,22,40216,Sunny,89,5.6,10,19.8762,75.3433,Low,23-08-2025
Pune,Kothrud,Burglary,54,146486,Foggy,110,11.05,11,18.5074,73.8077,Low,20-08-2024
Nashik,CIDCO,Fraud,180,190120,Sunny,15,5.68,9,19.9667,73.7667,High,17-07-2024
Chhatrapati Sambhajinagar,Aurangpura,Burglary,95,142204,Rainy,167,2.15,8,19.8762,75.3433,Medium,30-04-2025
Pune,Shivaji Nagar,Robbery,100,154568,Sunny,143,7.27,3,18.5308,73.8475,Medium,22-03-2025
Pune,Wakad,Robbery,54,68649,Rainy,137,7.11,10,18.5975,73.7637,Low,23-05-2025
Chhatrapati Sambhajinagar,Aurangpura,Burglary,96,177803,Sunny,167,4.5,2,19.8762,75.3433,Medium,26-01-2024
Pune,Kothrud,Theft,129,86451,Rainy,70,3.32,1,18.5074,73.8077,Medium,05-04-2026
Nagpur,Dharampeth,Cyber Crime,179,30118,Foggy,96,8.19,11,21.129,79.0588,High,27-03-2024
Nashik,CIDCO,Cyber Crime,247,163748,Cloudy,192,6.29,11,19.9667,73.7667,High,15-03-2025
Pune,Kothrud,Burglary,197,152368,Foggy,81,10.35,6,18.5074,73.8077,High,26-07-2024
Mumbai,Andheri,Assault,137,168834,Foggy,70,4.39,5,19.1136,72.8697,Medium,01-04-2026
Chhatrapati Sambhajinagar,Osmanpura,Fraud,116,74932,Rainy,182,7.83,7,19.87,75.33,Medium,22-10-2024
Pune,Hinjewadi,Theft,140,139248,Foggy,81,8.92,2,18.5912,73.7389,Medium,01-11-2025
Nashik,Gangapur Road,Fraud,81,51783,Foggy,46,8.49,3,20.011,73.75,Medium,11-05-2024
Nashik,Nashik Road,Cyber Crime,172,99069,Foggy,46,11,4,19.9975,73.7898,High,22-03-2025
Chhatrapati Sambhajinagar,CIDCO,Assault,247,103292,Cloudy,188,14,2,19.889,75.32,High,29-07-2024
Mumbai,Colaba,Fraud,104,120458,Cloudy,134,14.04,12,18.9067,72.8147,Medium,30-03-2026
Nashik,Nashik Road,Burglary,92,185658,Cloudy,207,13.87,9,19.9975,73.7898,Medium,26-04-2026
Nagpur,Lakadganj,Assault,236,130461,Foggy,140,8.42,6,21.1505,79.1155,High,21-05-2024
Nashik,Gangapur Road,Assault,107,61786,Cloudy,109,10.63,9,20.011,73.75,Medium,06-04-2026
Mumbai,Borivali,Fraud,223,175741,Rainy,169,5.93,8,19.2307,72.8567,High,10-07-2024
Chhatrapati Sambhajinagar,CIDCO,Theft,131,80976,Rainy,18,9.97,1,19.889,75.32,Medium,20-04-2024
Mumbai,Powai,Fraud,123,179435,Foggy,94,12.83,3,19.1176,72.906,Medium,11-06-2024
Pune,Wakad,Robbery,99,92524,Sunny,187,3.87,4,18.5975,73.7637,Medium,24-02-2026
Mumbai,Powai,Theft,210,136361,Foggy,206,3.39,8,19.1176,72.906,High,04-03-2024
Chhatrapati Sambhajinagar,Osmanpura,Assault,76,152592,Sunny,103,6.61,8,19.87,75.33,Medium,04-02-2025
Mumbai,Powai,Burglary,148,68046,Rainy,100,5.91,12,19.1176,72.906,Medium,11-06-2024
Nashik,Nashik Road,Theft,64,40843,Cloudy,124,14.12,6,19.9975,73.7898,Low,03-04-2026
Nashik,Nashik Road,Theft,192,124313,Foggy,9,10.73,4,19.9975,73.7898,High,10-09-2024
Nagpur,Sitabuldi,Burglary,128,163682,Rainy,52,4.14,8,21.1458,79.0882,Medium,16-06-2024
Nashik,Gangapur Road,Cyber Crime,108,125661,Cloudy,37,13.56,9,20.011,73.75,Medium,21-11-2024
Nashik,Gangapur Road,Assault,50,158248,Sunny,197,4.86,8,20.011,73.75,Low,07-01-2026
Nashik,Nashik Road,Theft,17,144426,Foggy,30,13.84,6,19.9975,73.7898,Low,18-05-2024
Nagpur,Lakadganj,Assault,217,122715,Cloudy,94,8.09,1,21.1505,79.1155,High,21-01-2026
Pune,Kothrud,Burglary,165,44344,Foggy,103,12.31,11,18.5074,73.8077,High,10-12-2025
Nagpur,Jaripatka,Cyber Crime,192,83261,Sunny,170,3.45,12,21.1801,79.0955,High,27-08-2025
Mumbai,Powai,Burglary,235,186610,Rainy,198,2.54,2,19.1176,72.906,High,08-01-2026
Pune,Hinjewadi,Assault,150,161462,Rainy,137,9.8,7,18.5912,73.7389,Medium,17-07-2025
Chhatrapati Sambhajinagar,Osmanpura,Burglary,11,41062,Sunny,185,10.73,2,19.87,75.33,Low,01-12-2024
Chhatrapati Sambhajinagar,Osmanpura,Theft,200,115228,Sunny,28,4.86,4,19.87,75.33,High,08-05-2024
Chhatrapati Sambhajinagar,Osmanpura,Assault,89,83907,Cloudy,149,12.97,7,19.87,75.33,Medium,08-03-2026
Nagpur,Civil Lines,Assault,160,193098,Cloudy,168,13.02,9,21.153,79.072,High,23-08-2024
Mumbai,Dadar,Assault,227,28190,Cloudy,220,6.63,6,19.0178,72.8478,High,02-02-2026
Nashik,Nashik Road,Robbery,194,85091,Sunny,200,2.34,11,19.9975,73.7898,High,30-07-2024
Pune,Hinjewadi,Burglary,179,120998,Cloudy,50,12.64,10,18.5912,73.7389,High,14-12-2025
Pune,Hadapsar,Fraud,102,174235,Cloudy,186,13.35,9,18.5089,73.9259,Medium,08-10-2025
Chhatrapati Sambhajinagar,Osmanpura,Cyber Crime,192,62825,Sunny,184,5.73,9,19.87,75.33,High,10-06-2025
Nagpur,Jaripatka,Fraud,74,182390,Cloudy,168,11.47,4,21.1801,79.0955,Low,09-05-2026
Nagpur,Shankar Nagar,Robbery,207,93212,Rainy,50,9.05,5,21.127,79.06,High,14-12-2025
Nashik,Nashik Road,Theft,94,87495,Cloudy,148,2.43,7,19.9975,73.7898,Medium,11-07-2025
Pune,Wakad,Burglary,228,74285,Sunny,96,10.2,2,18.5975,73.7637,High,16-01-2026
Pune,Hinjewadi,Fraud,94,160979,Foggy,135,14.71,2,18.5912,73.7389,Medium,29-04-2024
Nashik,Gangapur Road,Cyber Crime,164,164626,Rainy,67,13.93,9,20.011,73.75,High,02-03-2026
Nashik,Gangapur Road,Fraud,187,52553,Rainy,217,7.67,5,20.011,73.75,High,23-03-2025
Pune,Hadapsar,Fraud,240,50858,Cloudy,59,7.51,6,18.5089,73.9259,High,01-01-2025
Pune,Wakad,Assault,239,118433,Sunny,110,5.29,12,18.5975,73.7637,High,06-05-2025
Mumbai,Bandra,Assault,160,152188,Foggy,23,8.49,7,19.0596,72.8295,High,06-07-2024
Pune,Shivaji Nagar,Burglary,229,199552,Cloudy,36,10.74,5,18.5308,73.8475,High,19-01-2025
Chhatrapati Sambhajinagar,Aurangpura,Burglary,191,46079,Foggy,70,7.42,7,19.8762,75.3433,High,06-04-2025
Mumbai,Dadar,Assault,12,82752,Foggy,72,9.75,4,19.0178,72.8478,Low,23-11-2024
Mumbai,Andheri,Robbery,16,130951,Rainy,128,2.28,8,19.1136,72.8697,Low,20-12-2024
Chhatrapati Sambhajinagar,CIDCO,Cyber Crime,138,93377,Foggy,149,9.97,8,19.889,75.32,Medium,18-03-2026
Nagpur,Lakadganj,Theft,238,78806,Cloudy,173,14.17,12,21.1505,79.1155,High,07-07-2024
Mumbai,Colaba,Cyber Crime,182,97874,Foggy,19,10.42,11,18.9067,72.8147,High,21-04-2024
Pune,Kothrud,Cyber Crime,232,84594,Cloudy,115,3,7,18.5074,73.8077,High,03-04-2025
Nashik,CIDCO,Assault,134,133602,Cloudy,220,4.92,10,19.9667,73.7667,Medium,01-08-2024
Mumbai,Powai,Theft,81,187194,Foggy,89,11.97,9,19.1176,72.906,Medium,12-05-2025
Nashik,Gangapur Road,Assault,81,65084,Foggy,147,4.21,5,20.011,73.75,Medium,31-07-2025
Chhatrapati Sambhajinagar,Osmanpura,Theft,135,54123,Cloudy,149,9.34,4,19.87,75.33,Medium,05-02-2024
Pune,Hadapsar,Robbery,65,96640,Foggy,63,5.76,11,18.5089,73.9259,Low,23-11-2024
Pune,Wakad,Theft,134,177096,Cloudy,162,13,7,18.5975,73.7637,Medium,06-10-2024
Nashik,Nashik Road,Robbery,212,109243,Sunny,30,8.51,11,19.9975,73.7898,High,06-07-2025
Chhatrapati Sambhajinagar,CIDCO,Robbery,41,51469,Sunny,209,2.63,6,19.889,75.32,Low,15-10-2025
Pune,Shivaji Nagar,Burglary,157,97465,Sunny,103,8.79,1,18.5308,73.8475,High,13-04-2024
Pune,Hinjewadi,Assault,75,135819,Rainy,27,14.38,10,18.5912,73.7389,Low,02-03-2024
Chhatrapati Sambhajinagar,CIDCO,Robbery,126,131838,Rainy,163,6.07,6,19.889,75.32,Medium,23-06-2024
Nagpur,Sadar,Theft,224,125260,Rainy,94,9.5,1,21.1642,79.0821,High,13-11-2024
Mumbai,Bandra,Fraud,141,188414,Cloudy,137,10.24,12,19.0596,72.8295,Medium,08-08-2025
Nagpur,Lakadganj,Theft,39,133922,Foggy,48,5.65,6,21.1505,79.1155,Low,20-05-2024
Pune,Wakad,Theft,43,149136,Sunny,33,3.86,3,18.5975,73.7637,Low,30-06-2024
Chhatrapati Sambhajinagar,Aurangpura,Fraud,126,41576,Sunny,217,2.17,2,19.8762,75.3433,Medium,17-08-2024
Nagpur,Civil Lines,Theft,88,97293,Sunny,81,6.85,8,21.153,79.072,Medium,18-03-2024
Nagpur,Sitabuldi,Fraud,231,81578,Rainy,10,12.81,2,21.1458,79.0882,High,05-03-2025
Nagpur,Shankar Nagar,Theft,94,55873,Rainy,186,6.71,12,21.127,79.06,Medium,19-03-2025
Mumbai,Colaba,Assault,20,78304,Foggy,191,10.5,8,18.9067,72.8147,Low,06-04-2025
Chhatrapati Sambhajinagar,Osmanpura,Theft,66,183832,Foggy,192,8.61,1,19.87,75.33,Low,20-04-2026
Chhatrapati Sambhajinagar,Osmanpura,Theft,187,58730,Sunny,18,2.51,3,19.87,75.33,High,18-05-2025
Mumbai,Andheri,Theft,35,163376,Rainy,133,14.5,1,19.1136,72.8697,Low,07-07-2024
Pune,Hadapsar,Cyber Crime,119,77438,Foggy,192,6.09,9,18.5089,73.9259,Medium,20-05-2024
Nashik,Nashik Road,Theft,132,33879,Sunny,7,12.14,10,19.9975,73.7898,Medium,18-05-2026
Chhatrapati Sambhajinagar,Aurangpura,Burglary,101,42160,Cloudy,57,9.58,6,19.8762,75.3433,Medium,06-05-2024
Pune,Hadapsar,Robbery,185,180264,Cloudy,92,5.56,12,18.5089,73.9259,High,22-08-2025
Mumbai,Bandra,Burglary,16,199130,Rainy,150,6.84,12,19.0596,72.8295,Low,21-04-2025
Nashik,Gangapur Road,Fraud,42,58615,Sunny,200,12.45,4,20.011,73.75,Low,26-01-2025
Mumbai,Borivali,Cyber Crime,99,157503,Sunny,132,12.11,4,19.2307,72.8567,Medium,20-12-2025
Mumbai,Powai,Fraud,53,80766,Foggy,129,7.55,12,19.1176,72.906,Low,17-12-2025
Chhatrapati Sambhajinagar,Aurangpura,Burglary,247,123682,Cloudy,119,7.15,8,19.8762,75.3433,High,08-07-2025
Nashik,Gangapur Road,Burglary,40,126874,Foggy,58,13.06,6,20.011,73.75,Low,18-09-2024
Chhatrapati Sambhajinagar,Osmanpura,Robbery,211,147309,Cloudy,189,6.08,4,19.87,75.33,High,30-08-2025
Chhatrapati Sambhajinagar,Osmanpura,Assault,181,174806,Sunny,137,14.78,4,19.87,75.33,High,08-09-2024
Pune,Hinjewadi,Fraud,69,141348,Rainy,120,12.56,1,18.5912,73.7389,Low,09-04-2025
Nagpur,Civil Lines,Theft,128,67556,Sunny,96,5.24,8,21.153,79.072,Medium,23-02-2025
Mumbai,Colaba,Robbery,68,187782,Rainy,171,9.62,3,18.9067,72.8147,Low,26-12-2024
Nagpur,Civil Lines,Robbery,156,87784,Rainy,138,3.91,5,21.153,79.072,High,01-03-2025
Nashik,CIDCO,Fraud,186,147978,Rainy,15,4.43,5,19.9667,73.7667,High,08-01-2025
Mumbai,Colaba,Assault,148,171447,Cloudy,120,7.51,5,18.9067,72.8147,Medium,31-05-2024
Mumbai,Colaba,Robbery,161,80514,Cloudy,220,9.93,11,18.9067,72.8147,High,08-01-2024
Mumbai,Dadar,Burglary,34,94590,Rainy,60,11.77,6,19.0178,72.8478,Low,01-10-2024
Nashik,Nashik Road,Burglary,197,73059,Cloudy,201,3.58,4,19.9975,73.7898,High,30-05-2026
Nashik,CIDCO,Robbery,22,104563,Rainy,15,3.24,9,19.9667,73.7667,Low,22-01-2024
Nagpur,Sadar,Robbery,107,158543,Sunny,115,14.89,9,21.1642,79.0821,Medium,12-04-2024
Nashik,Nashik Road,Theft,34,126382,Foggy,139,5.23,7,19.9975,73.7898,Low,15-08-2024
Nagpur,Jaripatka,Burglary,232,101626,Cloudy,168,7.59,12,21.1801,79.0955,High,05-02-2026
Nagpur,Shankar Nagar,Cyber Crime,62,154334,Sunny,114,14.58,9,21.127,79.06,Low,15-09-2025
Nagpur,Sadar,Robbery,49,169705,Foggy,139,8.3,11,21.1642,79.0821,Low,18-09-2025
Pune,Kothrud,Cyber Crime,176,113230,Rainy,214,9.55,4,18.5074,73.8077,High,27-02-2025
Nagpur,Lakadganj,Fraud,237,173850,Foggy,197,13.43,9,21.1505,79.1155,High,29-06-2025
Pune,Wakad,Cyber Crime,123,125853,Foggy,12,13.88,6,18.5975,73.7637,Medium,05-06-2024
Nagpur,Sitabuldi,Cyber Crime,59,140905,Cloudy,6,6.58,2,21.1458,79.0882,Low,10-05-2024
Nashik,CIDCO,Fraud,241,174547,Sunny,41,13.96,3,19.9667,73.7667,High,20-09-2024
Mumbai,Bandra,Robbery,63,45515,Foggy,72,12.19,11,19.0596,72.8295,Low,22-05-2025
Nagpur,Sadar,Robbery,201,138372,Sunny,65,2.06,9,21.1642,79.0821,High,09-03-2025
Pune,Kothrud,Assault,141,110275,Sunny,154,12.51,7,18.5074,73.8077,Medium,21-11-2025
Nashik,Gangapur Road,Theft,236,41697,Foggy,17,10.27,4,20.011,73.75,High,02-08-2025
Chhatrapati Sambhajinagar,CIDCO,Burglary,175,125128,Sunny,31,10.72,12,19.889,75.32,High,15-01-2025
Mumbai,Dadar,Assault,17,102276,Foggy,200,7.16,12,19.0178,72.8478,Low,04-07-2025
Nashik,CIDCO,Robbery,185,196904,Sunny,188,5.04,12,19.9667,73.7667,High,31-01-2025
Nashik,CIDCO,Burglary,98,94814,Cloudy,214,3.61,10,19.9667,73.7667,Medium,11-04-2024
Nashik,CIDCO,Assault,173,199184,Cloudy,161,10.18,2,19.9667,73.7667,High,21-03-2026
Nagpur,Sitabuldi,Cyber Crime,216,183703,Foggy,23,12.21,1,21.1458,79.0882,High,10-06-2026
Nagpur,Lakadganj,Theft,96,105347,Sunny,166,8.26,7,21.1505,79.1155,Medium,30-04-2026
Nashik,Nashik Road,Fraud,10,190880,Foggy,191,14.61,4,19.9975,73.7898,Low,01-02-2024
Pune,Shivaji Nagar,Fraud,139,137947,Rainy,70,11.18,9,18.5308,73.8475,Medium,27-09-2024
Chhatrapati Sambhajinagar,Aurangpura,Theft,91,38557,Rainy,157,10.3,1,19.8762,75.3433,Medium,10-02-2026
Pune,Baner,Burglary,75,174040,Foggy,183,8.61,9,18.559,73.7868,Low,13-03-2026
Chhatrapati Sambhajinagar,Aurangpura,Cyber Crime,185,133397,Cloudy,83,9.24,3,19.8762,75.3433,High,02-07-2025
Pune,Baner,Burglary,92,97958,Rainy,177,12.21,8,18.559,73.7868,Medium,06-02-2026
Chhatrapati Sambhajinagar,Osmanpura,Burglary,219,39539,Cloudy,137,10.43,3,19.87,75.33,High,09-02-2024
Mumbai,Powai,Robbery,132,48645,Foggy,27,3.88,9,19.1176,72.906,Medium,16-09-2024
Pune,Hadapsar,Fraud,124,178653,Sunny,182,3.33,4,18.5089,73.9259,Medium,19-03-2024
Pune,Hinjewadi,Cyber Crime,156,143523,Foggy,38,12.72,10,18.5912,73.7389,High,10-09-2025
Nagpur,Dharampeth,Theft,184,51566,Sunny,107,4.87,8,21.129,79.0588,High,22-05-2026
Mumbai,Powai,Theft,158,175074,Sunny,181,9.89,9,19.1176,72.906,High,13-09-2025
Nagpur,Jaripatka,Burglary,13,161020,Cloudy,45,9.17,1,21.1801,79.0955,Low,09-12-2025
Nagpur,Sadar,Cyber Crime,237,113449,Sunny,213,13.74,1,21.1642,79.0821,High,14-07-2025
Chhatrapati Sambhajinagar,CIDCO,Burglary,136,189403,Rainy,147,2.24,2,19.889,75.32,Medium,09-01-2026
Nashik,CIDCO,Fraud,134,130779,Foggy,188,11.7,9,19.9667,73.7667,Medium,14-02-2024
Mumbai,Andheri,Assault,180,106412,Rainy,24,2.03,2,19.1136,72.8697,High,07-02-2024
Nashik,CIDCO,Cyber Crime,170,140110,Cloudy,11,12.8,5,19.9667,73.7667,High,30-08-2024
Nagpur,Shankar Nagar,Theft,44,153688,Rainy,171,12.51,3,21.127,79.06,Low,06-02-2024
Chhatrapati Sambhajinagar,Aurangpura,Robbery,24,119253,Cloudy,167,4.21,7,19.8762,75.3433,Low,29-06-2024
Pune,Shivaji Nagar,Theft,182,48396,Rainy,220,5.25,5,18.5308,73.8475,High,30-12-2025
Nagpur,Sitabuldi,Assault,99,29254,Sunny,185,14.87,1,21.1458,79.0882,Medium,25-01-2025
Chhatrapati Sambhajinagar,Osmanpura,Fraud,81,191616,Rainy,103,10.66,1,19.87,75.33,Medium,14-06-2025
Chhatrapati Sambhajinagar,CIDCO,Cyber Crime,126,198245,Foggy,6,14.4,4,19.889,75.32,Medium,29-10-2025
Mumbai,Dadar,Fraud,171,188985,Sunny,72,9.92,8,19.0178,72.8478,High,15-01-2025
Pune,Shivaji Nagar,Fraud,247,100724,Cloudy,156,9.91,9,18.5308,73.8475,High,07-11-2025
Nashik,Gangapur Road,Fraud,85,68750,Foggy,197,5.68,8,20.011,73.75,Medium,24-08-2024
Nagpur,Civil Lines,Assault,80,49017,Foggy,103,11.96,12,21.153,79.072,Medium,29-09-2025
Nashik,CIDCO,Theft,246,165976,Sunny,122,9.81,10,19.9667,73.7667,High,14-09-2024
Nashik,Gangapur Road,Cyber Crime,56,27757,Rainy,192,14.25,10,20.011,73.75,Low,26-12-2024
Mumbai,Andheri,Assault,84,50961,Cloudy,184,11.92,8,19.1136,72.8697,Medium,16-12-2025
Mumbai,Andheri,Robbery,27,197277,Sunny,40,9.78,1,19.1136,72.8697,Low,10-03-2024
Pune,Hadapsar,Theft,12,128123,Sunny,12,12.01,7,18.5089,73.9259,Low,14-12-2024
Nagpur,Jaripatka,Cyber Crime,30,39857,Rainy,103,3.51,5,21.1801,79.0955,Low,09-08-2025
Nashik,CIDCO,Burglary,87,131483,Rainy,202,5.01,11,19.9667,73.7667,Medium,06-03-2024
Nagpur,Jaripatka,Fraud,116,166972,Foggy,118,7.52,8,21.1801,79.0955,Medium,16-08-2025
Chhatrapati Sambhajinagar,Osmanpura,Burglary,82,41683,Foggy,183,13.28,4,19.87,75.33,Medium,29-08-2025
Nashik,Gangapur Road,Cyber Crime,201,39588,Sunny,101,2.4,10,20.011,73.75,High,26-11-2024
Nashik,CIDCO,Theft,199,115832,Cloudy,125,11.29,12,19.9667,73.7667,High,27-02-2024
Nashik,CIDCO,Assault,206,173264,Foggy,168,11.7,10,19.9667,73.7667,High,01-09-2025
Chhatrapati Sambhajinagar,Osmanpura,Assault,210,109417,Cloudy,15,9.45,5,19.87,75.33,High,12-08-2025
Nashik,Gangapur Road,Burglary,140,159208,Rainy,119,11.94,6,20.011,73.75,Medium,07-01-2025
Pune,Baner,Theft,33,168684,Foggy,21,3.46,11,18.559,73.7868,Low,10-04-2024
Nashik,CIDCO,Fraud,75,68449,Sunny,220,8.05,8,19.9667,73.7667,Low,24-02-2026
Nagpur,Sitabuldi,Burglary,136,87769,Foggy,61,11.32,8,21.1458,79.0882,Medium,13-07-2024
Nagpur,Lakadganj,Burglary,245,30711,Cloudy,196,3.01,6,21.1505,79.1155,High,14-05-2026
Mumbai,Colaba,Cyber Crime,118,63496,Rainy,145,9.91,3,18.9067,72.8147,Medium,26-12-2024
Pune,Hinjewadi,Assault,108,47545,Foggy,43,4.48,2,18.5912,73.7389,Medium,29-10-2025
Nagpur,Dharampeth,Theft,234,116586,Rainy,14,10.73,1,21.129,79.0588,High,04-05-2025
Mumbai,Dadar,Theft,129,66100,Foggy,182,5.97,11,19.0178,72.8478,Medium,20-06-2024
Mumbai,Dadar,Cyber Crime,66,139815,Sunny,140,10.46,10,19.0178,72.8478,Low,28-04-2026
Nashik,Gangapur Road,Robbery,108,63474,Cloudy,13,5.23,11,20.011,73.75,Medium,25-06-2024
Nashik,Gangapur Road,Fraud,37,161028,Foggy,21,13.73,12,20.011,73.75,Low,16-08-2025
Nagpur,Sadar,Robbery,244,144299,Sunny,132,3.64,6,21.1642,79.0821,High,15-01-2024
Chhatrapati Sambhajinagar,Aurangpura,Theft,19,125619,Rainy,104,13.03,2,19.8762,75.3433,Low,21-11-2024
Nashik,Nashik Road,Theft,176,143909,Cloudy,89,12.62,9,19.9975,73.7898,High,19-01-2026
Chhatrapati Sambhajinagar,Aurangpura,Robbery,25,97785,Sunny,5,8.62,8,19.8762,75.3433,Low,09-11-2025
Chhatrapati Sambhajinagar,CIDCO,Burglary,124,83191,Foggy,184,11.58,6,19.889,75.32,Medium,04-06-2024
Pune,Kothrud,Robbery,58,93586,Foggy,122,14.41,1,18.5074,73.8077,Low,09-05-2026
Mumbai,Powai,Robbery,185,77630,Rainy,24,12.67,5,19.1176,72.906,High,25-02-2024
Pune,Kothrud,Assault,160,198115,Rainy,72,7.16,9,18.5074,73.8077,High,10-07-2025
Pune,Shivaji Nagar,Fraud,80,73768,Rainy,206,12.55,12,18.5308,73.8475,Medium,06-10-2025
Chhatrapati Sambhajinagar,Aurangpura,Fraud,34,48131,Rainy,6,3.62,9,19.8762,75.3433,Low,23-10-2024
Pune,Baner,Fraud,29,183658,Rainy,122,2.13,1,18.559,73.7868,Low,30-08-2025
Pune,Hinjewadi,Robbery,127,194742,Foggy,147,11.46,5,18.5912,73.7389,Medium,23-05-2024
Chhatrapati Sambhajinagar,Osmanpura,Assault,191,198532,Rainy,41,5.29,9,19.87,75.33,High,16-04-2025
Mumbai,Powai,Burglary,55,57923,Rainy,5,8.45,8,19.1176,72.906,Low,13-03-2026
Nagpur,Sadar,Burglary,46,183443,Sunny,212,9.67,1,21.1642,79.0821,Low,18-10-2024
Nashik,Nashik Road,Robbery,32,127306,Sunny,158,13.69,2,19.9975,73.7898,Low,08-09-2024
Chhatrapati Sambhajinagar,Aurangpura,Theft,52,47712,Sunny,20,13.04,12,19.8762,75.3433,Low,27-07-2024
Pune,Kothrud,Fraud,152,179962,Rainy,161,3.03,7,18.5074,73.8077,High,17-02-2026
Nagpur,Civil Lines,Assault,145,181153,Rainy,141,3.58,7,21.153,79.072,Medium,01-10-2025
Pune,Kothrud,Assault,59,72885,Rainy,85,2.95,11,18.5074,73.8077,Low,18-04-2025
Chhatrapati Sambhajinagar,Aurangpura,Assault,215,70988,Rainy,177,6.61,8,19.8762,75.3433,High,30-11-2024
Nashik,CIDCO,Assault,211,51382,Rainy,196,6.32,11,19.9667,73.7667,High,18-02-2024
Nashik,Gangapur Road,Cyber Crime,226,44083,Sunny,67,9.31,9,20.011,73.75,High,22-03-2024
Pune,Baner,Fraud,124,155999,Cloudy,170,12.53,4,18.559,73.7868,Medium,16-04-2026
Nashik,Nashik Road,Burglary,23,123448,Rainy,104,10.04,3,19.9975,73.7898,Low,29-01-2026
Chhatrapati Sambhajinagar,Osmanpura,Burglary,69,178869,Sunny,196,12.22,12,19.87,75.33,Low,21-11-2025
Pune,Kothrud,Burglary,84,126039,Foggy,123,3.24,7,18.5074,73.8077,Medium,16-01-2024
Nagpur,Civil Lines,Cyber Crime,52,78688,Sunny,105,5.76,12,21.153,79.072,Low,07-11-2025
Chhatrapati Sambhajinagar,Osmanpura,Cyber Crime,99,109984,Foggy,154,14.87,9,19.87,75.33,Medium,05-02-2025
Nashik,Gangapur Road,Assault,231,32876,Rainy,22,6.09,11,20.011,73.75,High,02-04-2025
Mumbai,Colaba,Cyber Crime,146,114701,Rainy,26,4.54,8,18.9067,72.8147,Medium,11-12-2025
Pune,Kothrud,Burglary,43,178530,Rainy,138,8.64,5,18.5074,73.8077,Low,07-03-2024
Nashik,Nashik Road,Fraud,51,123840,Sunny,35,10.43,11,19.9975,73.7898,Low,01-02-2026
Nashik,CIDCO,Fraud,18,182816,Foggy,126,8.47,10,19.9667,73.7667,Low,01-08-2025
Nashik,CIDCO,Burglary,83,81245,Rainy,111,14.61,2,19.9667,73.7667,Medium,31-01-2024
Chhatrapati Sambhajinagar,CIDCO,Cyber Crime,248,85548,Rainy,56,12.6,6,19.889,75.32,High,18-05-2024
Nashik,Nashik Road,Burglary,12,143749,Foggy,184,2.1,8,19.9975,73.7898,Low,29-03-2025
Nagpur,Shankar Nagar,Assault,148,103447,Rainy,183,9.23,9,21.127,79.06,Medium,11-12-2025
Pune,Baner,Assault,248,50564,Sunny,92,6.59,1,18.559,73.7868,High,05-01-2025
Nashik,Gangapur Road,Fraud,145,88066,Cloudy,14,9.08,1,20.011,73.75,Medium,21-06-2025
Mumbai,Dadar,Cyber Crime,205,184133,Rainy,37,6.25,1,19.0178,72.8478,High,27-11-2024
Chhatrapati Sambhajinagar,Osmanpura,Fraud,234,135360,Cloudy,53,5.54,7,19.87,75.33,High,07-04-2025
Mumbai,Powai,Assault,235,103412,Cloudy,54,6.07,1,19.1176,72.906,High,28-10-2024
Chhatrapati Sambhajinagar,Osmanpura,Assault,97,138980,Sunny,10,6.18,3,19.87,75.33,Medium,26-06-2024
Nashik,Gangapur Road,Assault,179,130879,Sunny,26,7.34,4,20.011,73.75,High,28-09-2025
Pune,Hadapsar,Burglary,240,44595,Rainy,27,13.9,2,18.5089,73.9259,High,18-04-2025
Pune,Hinjewadi,Fraud,22,112134,Foggy,46,6.45,3,18.5912,73.7389,Low,11-06-2026
Pune,Baner,Robbery,78,73547,Cloudy,218,13.15,2,18.559,73.7868,Medium,02-01-2026
Pune,Hinjewadi,Fraud,95,103975,Rainy,159,13.87,3,18.5912,73.7389,Medium,09-11-2025
Chhatrapati Sambhajinagar,Aurangpura,Robbery,188,191775,Sunny,39,6.52,7,19.8762,75.3433,High,30-07-2025
Chhatrapati Sambhajinagar,CIDCO,Cyber Crime,176,142480,Sunny,188,6.26,6,19.889,75.32,High,18-10-2024
Nashik,Nashik Road,Robbery,172,37227,Rainy,93,7.61,9,19.9975,73.7898,High,20-09-2024
Nashik,Gangapur Road,Fraud,106,154301,Cloudy,144,4.03,7,20.011,73.75,Medium,01-03-2026
Chhatrapati Sambhajinagar,CIDCO,Robbery,239,50057,Foggy,147,6.97,9,19.889,75.32,High,18-07-2025
Nagpur,Shankar Nagar,Robbery,60,75773,Foggy,164,8,6,21.127,79.06,Low,10-01-2026
Mumbai,Dadar,Theft,123,120660,Foggy,108,13.73,8,19.0178,72.8478,Medium,14-04-2025
Nashik,Gangapur Road,Burglary,87,47032,Foggy,159,9.62,6,20.011,73.75,Medium,20-08-2025
Nagpur,Dharampeth,Assault,133,138977,Cloudy,75,8.66,7,21.129,79.0588,Medium,13-06-2026
Nagpur,Civil Lines,Burglary,81,138948,Rainy,96,10.69,10,21.153,79.072,Medium,06-10-2025
Mumbai,Colaba,Theft,76,43121,Foggy,137,4.71,11,18.9067,72.8147,Medium,30-01-2025
Pune,Shivaji Nagar,Assault,61,98601,Foggy,170,8.78,3,18.5308,73.8475,Low,16-10-2024
Mumbai,Bandra,Burglary,104,186251,Sunny,25,11.42,12,19.0596,72.8295,Medium,21-01-2026
Mumbai,Andheri,Theft,66,176159,Rainy,66,13.41,8,19.1136,72.8697,Low,14-10-2024
Mumbai,Bandra,Fraud,24,184051,Sunny,78,10.11,2,19.0596,72.8295,Low,14-06-2025
Nashik,Gangapur Road,Burglary,138,98585,Foggy,157,7.94,3,20.011,73.75,Medium,22-12-2025
Nashik,Gangapur Road,Robbery,148,159889,Foggy,128,13.81,3,20.011,73.75,Medium,06-12-2025
Pune,Hinjewadi,Burglary,100,153816,Rainy,194,9.31,10,18.5912,73.7389,Medium,03-09-2025
Nashik,CIDCO,Theft,209,179025,Sunny,183,11.72,9,19.9667,73.7667,High,11-05-2026
Pune,Kothrud,Theft,171,92055,Sunny,42,6.97,10,18.5074,73.8077,High,17-05-2024
Mumbai,Bandra,Assault,35,151189,Cloudy,178,12.05,9,19.0596,72.8295,Low,09-10-2024
Nagpur,Shankar Nagar,Burglary,77,146444,Cloudy,214,5.58,6,21.127,79.06,Medium,13-07-2025
Chhatrapati Sambhajinagar,Osmanpura,Theft,52,85769,Cloudy,193,8.74,8,19.87,75.33,Low,01-05-2026
Nagpur,Jaripatka,Theft,224,133966,Cloudy,62,10.41,1,21.1801,79.0955,High,08-02-2026
Pune,Hinjewadi,Theft,197,154516,Cloudy,208,3.22,8,18.5912,73.7389,High,23-09-2024
Pune,Baner,Assault,43,147804,Cloudy,180,10.34,5,18.559,73.7868,Low,22-05-2024
Nagpur,Lakadganj,Theft,45,126871,Foggy,47,5.83,7,21.1505,79.1155,Low,01-12-2025
Pune,Kothrud,Theft,159,113016,Cloudy,39,4.31,5,18.5074,73.8077,High,23-11-2025
Pune,Hadapsar,Theft,199,48654,Cloudy,177,11.21,2,18.5089,73.9259,High,02-06-2025
Nagpur,Sitabuldi,Burglary,102,69062,Cloudy,49,12.88,6,21.1458,79.0882,Medium,22-01-2024
Mumbai,Borivali,Fraud,171,122108,Foggy,119,10.74,5,19.2307,72.8567,High,07-11-2024
Mumbai,Powai,Burglary,226,127311,Rainy,108,8.43,5,19.1176,72.906,High,01-02-2026
Nagpur,Sitabuldi,Burglary,78,88121,Rainy,49,13.51,8,21.1458,79.0882,Medium,19-07-2025
Chhatrapati Sambhajinagar,Aurangpura,Theft,189,76265,Rainy,132,4.71,6,19.8762,75.3433,High,11-12-2024
Nashik,Nashik Road,Robbery,215,171530,Cloudy,142,12.73,1,19.9975,73.7898,High,07-06-2026
Chhatrapati Sambhajinagar,Osmanpura,Cyber Crime,140,102273,Foggy,111,7.44,6,19.87,75.33,Medium,03-02-2024
Nashik,Gangapur Road,Cyber Crime,130,92688,Foggy,178,7.53,12,20.011,73.75,Medium,17-02-2025
Chhatrapati Sambhajinagar,Osmanpura,Fraud,140,138700,Foggy,18,5.41,2,19.87,75.33,Medium,02-04-2025
Pune,Shivaji Nagar,Theft,209,122070,Foggy,152,5.2,6,18.5308,73.8475,High,02-05-2026
Nagpur,Shankar Nagar,Assault,247,159865,Foggy,15,14.29,4,21.127,79.06,High,22-01-2026
Pune,Hinjewadi,Fraud,229,145088,Sunny,140,8.41,6,18.5912,73.7389,High,28-01-2025
Pune,Hadapsar,Burglary,142,93489,Rainy,128,13.47,8,18.5089,73.9259,Medium,28-11-2024
Pune,Kothrud,Assault,129,48781,Cloudy,10,5.3,12,18.5074,73.8077,Medium,03-07-2024
Nashik,Nashik Road,Assault,183,73518,Foggy,94,3.95,5,19.9975,73.7898,High,03-07-2025
Mumbai,Bandra,Assault,42,38749,Sunny,95,11.47,9,19.0596,72.8295,Low,19-06-2025
Pune,Baner,Robbery,185,73990,Rainy,135,3.66,3,18.559,73.7868,High,11-02-2024
Chhatrapati Sambhajinagar,CIDCO,Theft,64,126999,Rainy,76,9.85,6,19.889,75.32,Low,03-02-2026
Nashik,CIDCO,Fraud,92,29495,Rainy,151,5.63,4,19.9667,73.7667,Medium,20-12-2024
Chhatrapati Sambhajinagar,CIDCO,Burglary,157,94108,Sunny,107,14.07,2,19.889,75.32,High,13-01-2025
Nashik,Gangapur Road,Theft,123,68030,Foggy,162,13.62,12,20.011,73.75,Medium,30-04-2026
Nashik,Nashik Road,Robbery,181,119855,Sunny,195,8.72,10,19.9975,73.7898,High,07-06-2025
Pune,Kothrud,Burglary,239,180303,Rainy,59,2.01,5,18.5074,73.8077,High,28-10-2024
Mumbai,Powai,Robbery,158,67062,Cloudy,65,4.63,4,19.1176,72.906,High,26-10-2025
Pune,Baner,Burglary,48,106321,Cloudy,54,9.04,9,18.559,73.7868,Low,01-12-2024
Mumbai,Andheri,Assault,176,171931,Foggy,118,3.69,9,19.1136,72.8697,High,19-04-2025
Pune,Hinjewadi,Robbery,34,30798,Cloudy,211,10.22,1,18.5912,73.7389,Low,26-04-2025
Chhatrapati Sambhajinagar,Osmanpura,Robbery,193,65198,Cloudy,114,11.67,6,19.87,75.33,High,01-10-2025
Mumbai,Colaba,Robbery,120,169050,Rainy,159,14.84,3,18.9067,72.8147,Medium,19-03-2026
Nashik,CIDCO,Assault,144,185640,Rainy,50,14.93,2,19.9667,73.7667,Medium,26-03-2026
Chhatrapati Sambhajinagar,Aurangpura,Fraud,211,155385,Cloudy,118,6.49,9,19.8762,75.3433,High,19-01-2024
Nashik,Nashik Road,Theft,244,26971,Sunny,87,3.59,8,19.9975,73.7898,High,26-06-2024
Nashik,CIDCO,Cyber Crime,92,138655,Foggy,103,12.32,6,19.9667,73.7667,Medium,02-04-2025
Nashik,CIDCO,Burglary,160,85571,Rainy,132,7.01,8,19.9667,73.7667,High,16-05-2025
Mumbai,Andheri,Burglary,204,191278,Sunny,146,14.1,3,19.1136,72.8697,High,15-01-2024
Pune,Hinjewadi,Theft,208,118953,Foggy,111,2.14,3,18.5912,73.7389,High,14-10-2024
Nashik,Nashik Road,Theft,188,188922,Sunny,86,10.13,5,19.9975,73.7898,High,03-02-2024
Nagpur,Dharampeth,Assault,239,119638,Cloudy,146,2.65,8,21.129,79.0588,High,25-10-2024
Mumbai,Andheri,Fraud,72,139269,Foggy,193,9.48,4,19.1136,72.8697,Low,30-03-2025
Pune,Baner,Cyber Crime,214,67826,Cloudy,90,6.71,5,18.559,73.7868,High,14-08-2025
Nashik,Gangapur Road,Robbery,123,38575,Sunny,114,12.97,11,20.011,73.75,Medium,14-10-2024
Pune,Kothrud,Assault,204,154344,Cloudy,12,10.94,12,18.5074,73.8077,High,10-12-2025
Nashik,CIDCO,Theft,96,177421,Sunny,72,9.1,10,19.9667,73.7667,Medium,18-07-2024
Nagpur,Sadar,Burglary,185,144112,Sunny,17,9.96,9,21.1642,79.0821,High,11-03-2026
Chhatrapati Sambhajinagar,CIDCO,Robbery,28,119565,Cloudy,7,3,5,19.889,75.32,Low,19-01-2026
Nagpur,Shankar Nagar,Fraud,67,182566,Cloudy,215,14.52,4,21.127,79.06,Low,23-07-2025
Mumbai,Borivali,Fraud,51,159884,Rainy,192,4.66,6,19.2307,72.8567,Low,19-06-2026
Mumbai,Dadar,Fraud,230,52064,Cloudy,165,8.6,6,19.0178,72.8478,High,14-11-2024
Pune,Kothrud,Robbery,167,39416,Foggy,220,4.77,3,18.5074,73.8077,High,26-08-2024
Nashik,Nashik Road,Robbery,47,84141,Foggy,46,4.42,2,19.9975,73.7898,Low,05-12-2025
Mumbai,Bandra,Burglary,158,195581,Foggy,154,4.94,1,19.0596,72.8295,High,01-10-2025
Pune,Shivaji Nagar,Assault,179,55882,Rainy,117,13.93,12,18.5308,73.8475,High,08-04-2026
Mumbai,Borivali,Theft,35,117133,Foggy,68,9.68,6,19.2307,72.8567,Low,01-09-2025
Chhatrapati Sambhajinagar,CIDCO,Fraud,191,164394,Sunny,25,14.82,9,19.889,75.32,High,10-05-2026
Mumbai,Dadar,Fraud,239,140823,Sunny,46,13.36,10,19.0178,72.8478,High,23-05-2024
Nashik,CIDCO,Cyber Crime,14,145417,Sunny,113,8.31,1,19.9667,73.7667,Low,14-02-2025
Nagpur,Civil Lines,Assault,86,56858,Rainy,57,12.65,10,21.153,79.072,Medium,08-03-2026
Chhatrapati Sambhajinagar,CIDCO,Fraud,226,112907,Foggy,215,7.89,12,19.889,75.32,High,18-03-2025
Pune,Wakad,Fraud,75,189749,Sunny,147,14.13,10,18.5975,73.7637,Low,14-01-2026
Chhatrapati Sambhajinagar,CIDCO,Fraud,246,100104,Sunny,169,13.75,6,19.889,75.32,High,29-08-2024
Nagpur,Sitabuldi,Robbery,151,174883,Cloudy,150,5.02,11,21.1458,79.0882,High,18-10-2025
Nashik,CIDCO,Robbery,151,30381,Sunny,111,8.19,1,19.9667,73.7667,High,12-09-2024
Nagpur,Dharampeth,Robbery,117,56890,Rainy,114,4.67,11,21.129,79.0588,Medium,18-07-2024
Nagpur,Jaripatka,Fraud,188,34098,Foggy,162,3.64,9,21.1801,79.0955,High,10-04-2026
Mumbai,Borivali,Cyber Crime,188,119923,Rainy,122,3.6,10,19.2307,72.8567,High,19-04-2026
Nashik,CIDCO,Assault,173,107209,Foggy,46,10.9,2,19.9667,73.7667,High,02-03-2025
Mumbai,Bandra,Burglary,152,143302,Foggy,35,10.41,11,19.0596,72.8295,High,26-04-2026
Nashik,Gangapur Road,Assault,131,68676,Foggy,219,4.03,3,20.011,73.75,Medium,15-05-2024
Nashik,Gangapur Road,Assault,73,172510,Cloudy,218,8.7,8,20.011,73.75,Low,10-07-2025
Nagpur,Lakadganj,Theft,218,100566,Foggy,173,10.2,12,21.1505,79.1155,High,18-05-2024
Chhatrapati Sambhajinagar,Aurangpura,Burglary,117,88970,Cloudy,146,6.71,12,19.8762,75.3433,Medium,22-12-2024
Nagpur,Jaripatka,Robbery,161,52273,Rainy,54,14.24,1,21.1801,79.0955,High,30-05-2024
Nagpur,Jaripatka,Fraud,142,71879,Rainy,51,6.59,12,21.1801,79.0955,Medium,07-08-2024
Mumbai,Borivali,Theft,201,79280,Cloudy,159,14.29,11,19.2307,72.8567,High,13-04-2024
Nagpur,Sitabuldi,Burglary,13,151412,Cloudy,88,12.2,9,21.1458,79.0882,Low,10-09-2024
Chhatrapati Sambhajinagar,Aurangpura,Theft,53,84450,Foggy,61,11.96,7,19.8762,75.3433,Low,20-07-2024
Nashik,CIDCO,Robbery,27,151857,Foggy,176,7.68,4,19.9667,73.7667,Low,24-02-2025
Nashik,CIDCO,Theft,158,189285,Foggy,35,4.72,12,19.9667,73.7667,High,09-04-2026
Pune,Baner,Fraud,17,173661,Rainy,201,11.17,5,18.559,73.7868,Low,09-10-2025
Chhatrapati Sambhajinagar,Aurangpura,Burglary,229,113443,Rainy,75,2.9,4,19.8762,75.3433,High,31-10-2024
Chhatrapati Sambhajinagar,CIDCO,Theft,125,60281,Sunny,176,7.83,7,19.889,75.32,Medium,17-07-2024
Nagpur,Dharampeth,Assault,61,198512,Cloudy,100,12.36,4,21.129,79.0588,Low,23-01-2026
Nashik,Nashik Road,Burglary,175,167140,Rainy,150,11.08,4,19.9975,73.7898,High,27-05-2025
Mumbai,Dadar,Fraud,219,148402,Rainy,158,5.51,6,19.0178,72.8478,High,09-05-2026
Chhatrapati Sambhajinagar,Osmanpura,Fraud,84,45498,Cloudy,163,14.2,3,19.87,75.33,Medium,19-03-2024
Pune,Shivaji Nagar,Cyber Crime,196,192126,Sunny,112,12.01,6,18.5308,73.8475,High,01-04-2025
Pune,Hadapsar,Assault,210,76491,Cloudy,203,6.81,1,18.5089,73.9259,High,23-11-2024
Mumbai,Powai,Robbery,235,68900,Sunny,194,10.78,7,19.1176,72.906,High,05-09-2025
Pune,Baner,Cyber Crime,29,110889,Rainy,153,13.69,6,18.559,73.7868,Low,02-06-2025
Chhatrapati Sambhajinagar,Osmanpura,Cyber Crime,147,51201,Foggy,29,8.28,8,19.87,75.33,Medium,24-07-2025
Chhatrapati Sambhajinagar,Osmanpura,Cyber Crime,158,90896,Foggy,179,2.46,10,19.87,75.33,High,23-05-2025
Nagpur,Lakadganj,Cyber Crime,52,99137,Rainy,91,3.27,4,21.1505,79.1155,Low,14-06-2024
Nashik,Gangapur Road,Cyber Crime,95,177683,Cloudy,77,12.03,8,20.011,73.75,Medium,07-04-2025
Chhatrapati Sambhajinagar,Osmanpura,Burglary,109,117903,Foggy,27,12.82,1,19.87,75.33,Medium,04-01-2026
Nagpur,Lakadganj,Assault,250,40916,Cloudy,29,5.76,1,21.1505,79.1155,High,31-05-2025
Mumbai,Andheri,Fraud,159,49385,Sunny,133,5.78,7,19.1136,72.8697,High,19-10-2025
Chhatrapati Sambhajinagar,Osmanpura,Robbery,157,54361,Rainy,177,14.07,11,19.87,75.33,High,25-05-2025
Pune,Hinjewadi,Fraud,59,25582,Rainy,200,13.19,3,18.5912,73.7389,Low,15-06-2025
Pune,Shivaji Nagar,Theft,134,43080,Rainy,216,3.57,4,18.5308,73.8475,Medium,30-06-2024
Nashik,CIDCO,Theft,62,179006,Cloudy,60,10.37,5,19.9667,73.7667,Low,07-06-2025
Pune,Wakad,Cyber Crime,216,99928,Cloudy,139,6.45,12,18.5975,73.7637,High,25-07-2025
Pune,Shivaji Nagar,Assault,213,128513,Sunny,130,3.9,11,18.5308,73.8475,High,01-08-2025
Nashik,Gangapur Road,Cyber Crime,19,147306,Sunny,6,8.8,8,20.011,73.75,Low,06-06-2024
Nashik,Nashik Road,Robbery,121,139386,Foggy,9,6.8,11,19.9975,73.7898,Medium,23-01-2024
Chhatrapati Sambhajinagar,Osmanpura,Cyber Crime,79,164261,Foggy,199,8.51,7,19.87,75.33,Medium,08-10-2024
Nagpur,Lakadganj,Theft,197,83614,Foggy,80,13.16,1,21.1505,79.1155,High,07-10-2024
Nagpur,Sadar,Fraud,52,107572,Sunny,44,12.63,6,21.1642,79.0821,Low,26-09-2024
Pune,Baner,Burglary,192,128339,Cloudy,197,9.18,5,18.559,73.7868,High,20-02-2026
Chhatrapati Sambhajinagar,Osmanpura,Assault,145,57692,Cloudy,76,14.91,11,19.87,75.33,Medium,06-05-2026
Mumbai,Andheri,Assault,129,89406,Cloudy,11,4.71,2,19.1136,72.8697,Medium,24-05-2026
Chhatrapati Sambhajinagar,Aurangpura,Cyber Crime,81,70088,Foggy,143,6.01,4,19.8762,75.3433,Medium,05-07-2025
Nagpur,Civil Lines,Robbery,132,158583,Foggy,28,6.33,10,21.153,79.072,Medium,05-02-2025
Chhatrapati Sambhajinagar,Aurangpura,Cyber Crime,148,150895,Sunny,137,9.47,8,19.8762,75.3433,Medium,16-05-2025
Nagpur,Lakadganj,Cyber Crime,26,54199,Rainy,159,8.3,4,21.1505,79.1155,Low,28-09-2024
Chhatrapati Sambhajinagar,Osmanpura,Assault,174,78455,Cloudy,191,14.72,1,19.87,75.33,High,24-01-2026
Nagpur,Civil Lines,Assault,125,47727,Rainy,75,3.29,6,21.153,79.072,Medium,16-01-2025
Mumbai,Powai,Robbery,198,120319,Rainy,188,14.27,11,19.1176,72.906,High,27-08-2024
Nashik,Nashik Road,Cyber Crime,197,131291,Foggy,144,4.63,2,19.9975,73.7898,High,06-03-2024
Nagpur,Sitabuldi,Burglary,109,100497,Sunny,119,12.82,5,21.1458,79.0882,Medium,26-04-2026
Pune,Wakad,Fraud,67,166207,Sunny,206,11.37,10,18.5975,73.7637,Low,05-04-2026
Chhatrapati Sambhajinagar,CIDCO,Cyber Crime,21,70064,Cloudy,45,13.76,4,19.889,75.32,Low,27-05-2024
Nashik,CIDCO,Fraud,71,69737,Sunny,61,9.61,11,19.9667,73.7667,Low,30-01-2025
Chhatrapati Sambhajinagar,Aurangpura,Fraud,152,42327,Sunny,163,5.32,8,19.8762,75.3433,High,09-02-2026
Mumbai,Powai,Theft,159,166479,Sunny,217,13.96,2,19.1176,72.906,High,03-09-2024
Chhatrapati Sambhajinagar,Aurangpura,Burglary,140,89126,Cloudy,90,13.6,8,19.8762,75.3433,Medium,04-10-2025
Nashik,Nashik Road,Fraud,30,80124,Sunny,174,7.66,5,19.9975,73.7898,Low,09-05-2026
Mumbai,Bandra,Assault,23,157630,Sunny,20,7.04,1,19.0596,72.8295,Low,23-04-2026
Nagpur,Sitabuldi,Cyber Crime,69,55869,Foggy,189,6.54,5,21.1458,79.0882,Low,04-12-2025
Mumbai,Powai,Fraud,50,91453,Rainy,139,9.49,8,19.1176,72.906,Low,28-07-2024
Nagpur,Lakadganj,Fraud,41,79618,Foggy,45,3.25,5,21.1505,79.1155,Low,09-10-2024
Nagpur,Lakadganj,Assault,53,85759,Foggy,197,13.92,9,21.1505,79.1155,Low,14-09-2025
Pune,Baner,Fraud,35,109743,Rainy,214,9.38,6,18.559,73.7868,Low,25-03-2025
Mumbai,Powai,Robbery,37,34375,Sunny,115,2.43,10,19.1176,72.906,Low,15-08-2025
Nagpur,Sitabuldi,Robbery,62,144767,Cloudy,118,8.56,2,21.1458,79.0882,Low,04-04-2025
Pune,Wakad,Fraud,139,30000,Foggy,50,2.03,6,18.5975,73.7637,Medium,23-04-2024
Pune,Kothrud,Robbery,44,127949,Cloudy,58,12.85,8,18.5074,73.8077,Low,16-12-2024
Nashik,CIDCO,Robbery,83,71867,Foggy,118,11.2,11,19.9667,73.7667,Medium,05-03-2024
Mumbai,Andheri,Cyber Crime,45,116608,Sunny,114,5.28,5,19.1136,72.8697,Low,24-12-2025
Pune,Hadapsar,Assault,214,25140,Cloudy,156,4.12,6,18.5089,73.9259,High,12-04-2026
Nagpur,Sadar,Burglary,83,84414,Sunny,100,3.88,7,21.1642,79.0821,Medium,04-11-2025
Mumbai,Powai,Assault,78,68533,Rainy,32,8.54,6,19.1176,72.906,Medium,06-05-2026
Chhatrapati Sambhajinagar,CIDCO,Fraud,29,146539,Cloudy,122,11.91,12,19.889,75.32,Low,29-04-2025
Nagpur,Dharampeth,Cyber Crime,164,174339,Sunny,134,8.44,7,21.129,79.0588,High,01-09-2025
Mumbai,Powai,Robbery,91,103540,Sunny,7,4.66,1,19.1176,72.906,Medium,26-08-2025
Nashik,CIDCO,Cyber Crime,88,28490,Sunny,174,9.9,7,19.9667,73.7667,Medium,20-09-2025
Pune,Hinjewadi,Cyber Crime,134,53193,Foggy,177,6.87,6,18.5912,73.7389,Medium,25-11-2025
Mumbai,Dadar,Fraud,246,50423,Sunny,119,11.3,5,19.0178,72.8478,High,20-01-2026
Nagpur,Sitabuldi,Robbery,93,34178,Foggy,210,14,7,21.1458,79.0882,Medium,14-10-2025
Mumbai,Colaba,Theft,100,51462,Foggy,34,8.42,12,18.9067,72.8147,Medium,27-02-2024
Mumbai,Andheri,Cyber Crime,232,142419,Rainy,214,3.24,3,19.1136,72.8697,High,05-09-2024
Nashik,Gangapur Road,Assault,118,158543,Rainy,36,5.12,7,20.011,73.75,Medium,07-01-2026
Nashik,CIDCO,Fraud,118,75391,Foggy,24,6.41,7,19.9667,73.7667,Medium,15-04-2024
Nashik,Gangapur Road,Assault,101,105514,Foggy,74,5.26,7,20.011,73.75,Medium,15-03-2025
Mumbai,Bandra,Assault,111,182427,Rainy,57,2.19,8,19.0596,72.8295,Medium,29-05-2026
Pune,Hadapsar,Fraud,117,138964,Sunny,99,2.19,1,18.5089,73.9259,Medium,06-10-2025
Mumbai,Andheri,Cyber Crime,47,143110,Sunny,71,5.48,12,19.1136,72.8697,Low,04-06-2025
Mumbai,Bandra,Theft,148,164311,Foggy,203,2.25,11,19.0596,72.8295,Medium,22-06-2025
Nashik,Gangapur Road,Cyber Crime,87,77019,Foggy,180,10.95,2,20.011,73.75,Medium,03-05-2026
Mumbai,Powai,Cyber Crime,105,142845,Rainy,214,4.98,9,19.1176,72.906,Medium,15-08-2024
Nashik,CIDCO,Robbery,223,103404,Sunny,168,8.82,3,19.9667,73.7667,High,11-04-2024
Pune,Kothrud,Cyber Crime,181,140616,Sunny,47,8.73,5,18.5074,73.8077,High,29-07-2025
Pune,Wakad,Robbery,41,143713,Sunny,29,14.83,3,18.5975,73.7637,Low,05-05-2024
Nashik,Nashik Road,Robbery,192,146867,Cloudy,212,13.39,5,19.9975,73.7898,High,03-04-2025
Mumbai,Borivali,Theft,204,172367,Sunny,55,12.13,12,19.2307,72.8567,High,18-01-2025
Chhatrapati Sambhajinagar,Osmanpura,Cyber Crime,218,75868,Rainy,195,10.41,9,19.87,75.33,High,27-12-2025
Nashik,CIDCO,Fraud,72,142833,Foggy,45,4.05,6,19.9667,73.7667,Low,17-06-2026
Chhatrapati Sambhajinagar,Aurangpura,Fraud,243,197520,Foggy,53,7.89,11,19.8762,75.3433,High,07-05-2026
Nashik,Nashik Road,Theft,228,118930,Rainy,32,6.09,1,19.9975,73.7898,High,24-08-2025
Pune,Hadapsar,Assault,85,125150,Rainy,49,4.91,5,18.5089,73.9259,Medium,19-10-2024
Mumbai,Powai,Robbery,198,180806,Sunny,190,7.88,4,19.1176,72.906,High,04-09-2024
Chhatrapati Sambhajinagar,Aurangpura,Fraud,96,153663,Foggy,86,3.63,12,19.8762,75.3433,Medium,08-12-2025
Pune,Hinjewadi,Burglary,43,78226,Foggy,73,3.47,12,18.5912,73.7389,Low,23-03-2024
Nagpur,Lakadganj,Fraud,35,161952,Rainy,135,7.13,7,21.1505,79.1155,Low,29-06-2025
Chhatrapati Sambhajinagar,CIDCO,Theft,16,115131,Cloudy,172,10.78,5,19.889,75.32,Low,21-09-2024
Nashik,Nashik Road,Fraud,15,98319,Foggy,115,14.98,4,19.9975,73.7898,Low,16-02-2026
Pune,Wakad,Assault,239,182075,Rainy,105,3.62,2,18.5975,73.7637,High,02-02-2025
Nashik,Gangapur Road,Theft,140,134670,Sunny,210,14.39,2,20.011,73.75,Medium,23-04-2025
Nashik,Gangapur Road,Theft,156,146715,Cloudy,30,2.73,11,20.011,73.75,High,08-06-2025
Chhatrapati Sambhajinagar,Aurangpura,Cyber Crime,59,154020,Rainy,67,6.59,2,19.8762,75.3433,Low,09-03-2026
Chhatrapati Sambhajinagar,CIDCO,Theft,242,146219,Rainy,182,10.5,3,19.889,75.32,High,23-12-2025
Chhatrapati Sambhajinagar,CIDCO,Assault,84,61021,Foggy,24,4.63,9,19.889,75.32,Medium,18-08-2024
Chhatrapati Sambhajinagar,Aurangpura,Assault,126,129528,Cloudy,215,13.12,12,19.8762,75.3433,Medium,13-02-2025
Nagpur,Jaripatka,Cyber Crime,186,83279,Sunny,181,4.82,2,21.1801,79.0955,High,02-06-2025
Mumbai,Powai,Fraud,156,123154,Sunny,103,10.57,5,19.1176,72.906,High,24-03-2025
Mumbai,Borivali,Cyber Crime,138,104853,Rainy,194,5.39,1,19.2307,72.8567,Medium,30-10-2025
Pune,Wakad,Cyber Crime,235,197755,Sunny,19,13.08,10,18.5975,73.7637,High,23-08-2025
Mumbai,Dadar,Theft,15,70343,Sunny,19,14.21,2,19.0178,72.8478,Low,02-05-2026
Mumbai,Bandra,Fraud,85,108807,Sunny,116,11.89,10,19.0596,72.8295,Medium,02-01-2024
Chhatrapati Sambhajinagar,CIDCO,Assault,248,101500,Sunny,80,6.65,4,19.889,75.32,High,12-02-2025
Chhatrapati Sambhajinagar,Osmanpura,Burglary,139,160919,Cloudy,209,2.19,2,19.87,75.33,Medium,28-04-2025
Pune,Baner,Assault,71,115694,Sunny,69,7.11,4,18.559,73.7868,Low,15-04-2025
Chhatrapati Sambhajinagar,CIDCO,Theft,162,118818,Cloudy,111,6.75,8,19.889,75.32,High,25-05-2024
Nagpur,Lakadganj,Cyber Crime,212,61490,Rainy,86,9.28,4,21.1505,79.1155,High,12-06-2025
Chhatrapati Sambhajinagar,CIDCO,Fraud,157,111066,Rainy,198,13.68,4,19.889,75.32,High,15-08-2025
Pune,Hinjewadi,Robbery,250,90623,Cloudy,5,4.01,8,18.5912,73.7389,High,20-09-2025
Chhatrapati Sambhajinagar,CIDCO,Assault,36,108392,Foggy,27,14.3,4,19.889,75.32,Low,21-10-2025
Nagpur,Lakadganj,Robbery,65,149854,Foggy,101,4.31,2,21.1505,79.1155,Low,18-09-2025
Pune,Wakad,Assault,73,124188,Foggy,191,6.93,12,18.5975,73.7637,Low,21-08-2025
Nagpur,Sitabuldi,Robbery,130,52441,Rainy,191,5.64,6,21.1458,79.0882,Medium,22-04-2025
Chhatrapati Sambhajinagar,Osmanpura,Fraud,117,50877,Sunny,81,2.93,9,19.87,75.33,Medium,02-03-2026
Nagpur,Lakadganj,Cyber Crime,28,62909,Foggy,137,14.5,9,21.1505,79.1155,Low,08-08-2025
Pune,Wakad,Theft,221,84603,Foggy,50,6.1,8,18.5975,73.7637,High,04-10-2025
Mumbai,Bandra,Cyber Crime,29,197905,Rainy,53,13.14,11,19.0596,72.8295,Low,01-04-2024
Pune,Hadapsar,Cyber Crime,119,84346,Rainy,217,3.91,7,18.5089,73.9259,Medium,20-01-2026
Nashik,Nashik Road,Cyber Crime,92,56925,Foggy,130,4.52,10,19.9975,73.7898,Medium,25-10-2025
Nashik,Nashik Road,Robbery,144,176442,Sunny,135,2.03,7,19.9975,73.7898,Medium,08-06-2026
Nashik,Nashik Road,Robbery,103,149460,Cloudy,143,12.63,1,19.9975,73.7898,Medium,28-03-2025
Mumbai,Powai,Cyber Crime,239,116070,Foggy,216,5.71,1,19.1176,72.906,High,20-06-2024
Mumbai,Powai,Cyber Crime,150,168124,Foggy,155,2.76,1,19.1176,72.906,Medium,27-04-2026
Chhatrapati Sambhajinagar,CIDCO,Theft,91,144930,Foggy,10,2.51,11,19.889,75.32,Medium,22-09-2024
Nagpur,Sadar,Assault,207,165351,Foggy,96,8.69,1,21.1642,79.0821,High,21-04-2024
Pune,Shivaji Nagar,Robbery,232,37687,Foggy,77,12.52,12,18.5308,73.8475,High,29-03-2024
Nashik,Nashik Road,Robbery,105,128356,Foggy,64,11.2,3,19.9975,73.7898,Medium,17-03-2025
Nagpur,Lakadganj,Cyber Crime,43,31174,Foggy,175,2.52,3,21.1505,79.1155,Low,02-04-2025
Mumbai,Dadar,Robbery,36,64391,Sunny,145,8.62,8,19.0178,72.8478,Low,17-12-2024
Pune,Hadapsar,Assault,57,110512,Foggy,211,9.04,12,18.5089,73.9259,Low,26-04-2024
Chhatrapati Sambhajinagar,CIDCO,Theft,75,66532,Cloudy,106,4.8,6,19.889,75.32,Low,16-02-2025
Mumbai,Andheri,Theft,36,35686,Cloudy,117,13.93,2,19.1136,72.8697,Low,21-01-2024
Chhatrapati Sambhajinagar,CIDCO,Fraud,222,81552,Rainy,16,3.41,4,19.889,75.32,High,06-06-2024
Nagpur,Shankar Nagar,Cyber Crime,90,57002,Rainy,209,2.46,4,21.127,79.06,Medium,15-06-2024
Pune,Wakad,Theft,57,60834,Cloudy,170,3.81,6,18.5975,73.7637,Low,19-07-2025
Nashik,CIDCO,Theft,18,38710,Sunny,215,2.5,3,19.9667,73.7667,Low,19-06-2026
Chhatrapati Sambhajinagar,CIDCO,Fraud,16,169906,Rainy,57,4.52,3,19.889,75.32,Low,06-03-2026
Nashik,Gangapur Road,Robbery,186,85215,Sunny,50,6.05,5,20.011,73.75,High,13-05-2026
Nagpur,Shankar Nagar,Assault,133,129818,Rainy,69,6.09,1,21.127,79.06,Medium,03-11-2025
Nashik,CIDCO,Theft,179,82521,Cloudy,175,4.07,4,19.9667,73.7667,High,23-06-2024
Pune,Wakad,Cyber Crime,216,179321,Cloudy,178,3.28,5,18.5975,73.7637,High,11-06-2024
Nagpur,Lakadganj,Robbery,114,180643,Foggy,192,7.06,11,21.1505,79.1155,Medium,26-03-2024
Pune,Baner,Fraud,78,42182,Sunny,12,10.27,11,18.559,73.7868,Medium,09-11-2024
Pune,Hadapsar,Theft,127,80658,Sunny,161,8.58,2,18.5089,73.9259,Medium,12-04-2025
Nagpur,Sadar,Robbery,48,102612,Cloudy,76,14.2,2,21.1642,79.0821,Low,29-06-2025
Mumbai,Colaba,Burglary,233,137590,Sunny,11,10.47,12,18.9067,72.8147,High,25-05-2024
Chhatrapati Sambhajinagar,Osmanpura,Theft,211,43810,Foggy,18,7.31,8,19.87,75.33,High,06-05-2025
Nashik,CIDCO,Assault,233,120385,Cloudy,102,11.59,12,19.9667,73.7667,High,11-05-2025
Mumbai,Bandra,Robbery,138,101453,Sunny,179,4.51,2,19.0596,72.8295,Medium,17-06-2025
Mumbai,Dadar,Assault,200,131772,Rainy,32,10.02,12,19.0178,72.8478,High,20-04-2025
Chhatrapati Sambhajinagar,Aurangpura,Theft,189,152627,Rainy,207,14.43,4,19.8762,75.3433,High,08-10-2024
Mumbai,Colaba,Theft,235,140717,Sunny,35,14.78,9,18.9067,72.8147,High,28-08-2025
Nagpur,Sitabuldi,Burglary,171,95364,Rainy,154,3.77,12,21.1458,79.0882,High,01-03-2025
Mumbai,Bandra,Theft,31,82290,Foggy,131,14.08,11,19.0596,72.8295,Low,20-06-2025
Chhatrapati Sambhajinagar,CIDCO,Assault,242,127036,Sunny,25,8.54,8,19.889,75.32,High,30-04-2026
Nagpur,Dharampeth,Fraud,177,32558,Sunny,40,5.33,11,21.129,79.0588,High,21-04-2026
Chhatrapati Sambhajinagar,Osmanpura,Theft,26,69386,Foggy,118,8.94,5,19.87,75.33,Low,10-10-2024
Nagpur,Shankar Nagar,Theft,171,84639,Sunny,18,14.12,9,21.127,79.06,High,15-02-2026
Nashik,Gangapur Road,Burglary,92,100071,Sunny,101,8.21,3,20.011,73.75,Medium,30-04-2024
Chhatrapati Sambhajinagar,Aurangpura,Robbery,73,40697,Cloudy,64,7.98,3,19.8762,75.3433,Low,02-07-2024
Mumbai,Powai,Assault,88,167497,Rainy,8,10.43,9,19.1176,72.906,Medium,16-07-2025
Pune,Baner,Robbery,219,167054,Cloudy,78,9.58,10,18.559,73.7868,High,05-03-2024
Mumbai,Dadar,Theft,73,147876,Cloudy,76,10.42,6,19.0178,72.8478,Low,29-09-2025
Nashik,Gangapur Road,Cyber Crime,99,138237,Rainy,70,4.61,5,20.011,73.75,Medium,19-03-2024
Pune,Kothrud,Assault,221,42218,Rainy,8,14.18,5,18.5074,73.8077,High,25-05-2026
Pune,Kothrud,Cyber Crime,92,182705,Sunny,21,11.82,11,18.5074,73.8077,Medium,02-11-2025
Nagpur,Civil Lines,Assault,215,135546,Foggy,10,7.26,6,21.153,79.072,High,01-12-2025
Pune,Wakad,Theft,55,70466,Cloudy,100,13.97,7,18.5975,73.7637,Low,13-02-2024
Pune,Wakad,Assault,181,66831,Sunny,186,6.38,1,18.5975,73.7637,High,03-12-2024
Pune,Hinjewadi,Assault,152,123637,Foggy,142,10.43,12,18.5912,73.7389,High,23-03-2024
Nashik,Gangapur Road,Robbery,194,37830,Foggy,139,9.69,3,20.011,73.75,High,12-04-2026
Nagpur,Jaripatka,Burglary,146,162222,Rainy,74,6.57,11,21.1801,79.0955,Medium,12-05-2026
Mumbai,Bandra,Cyber Crime,48,195885,Cloudy,176,4.52,7,19.0596,72.8295,Low,16-08-2025
Nagpur,Sitabuldi,Theft,213,91567,Rainy,74,4.7,1,21.1458,79.0882,High,13-03-2025
Mumbai,Dadar,Robbery,181,41458,Rainy,21,5.69,11,19.0178,72.8478,High,15-01-2024
Chhatrapati Sambhajinagar,Aurangpura,Burglary,64,87428,Sunny,210,11.75,5,19.8762,75.3433,Low,18-03-2025
Nashik,Nashik Road,Assault,136,34790,Foggy,172,13.26,7,19.9975,73.7898,Medium,10-03-2026
Nashik,Gangapur Road,Theft,247,148833,Rainy,14,12.55,3,20.011,73.75,High,22-07-2024
Nagpur,Jaripatka,Assault,177,140029,Rainy,41,7.31,1,21.1801,79.0955,High,18-03-2025
Nagpur,Civil Lines,Fraud,206,190546,Foggy,146,12.05,1,21.153,79.072,High,18-03-2025
Pune,Kothrud,Cyber Crime,88,91152,Foggy,198,11.02,10,18.5074,73.8077,Medium,26-04-2026
Chhatrapati Sambhajinagar,CIDCO,Robbery,210,193550,Foggy,184,9.81,7,19.889,75.32,High,08-01-2026
Nashik,CIDCO,Burglary,193,167480,Rainy,112,5.95,10,19.9667,73.7667,High,04-08-2024
Nagpur,Sadar,Burglary,195,166354,Foggy,114,13.72,2,21.1642,79.0821,High,09-03-2024
Nashik,Gangapur Road,Robbery,69,146556,Cloudy,117,14.94,8,20.011,73.75,Low,10-06-2026
Mumbai,Andheri,Fraud,40,144171,Foggy,137,13.32,7,19.1136,72.8697,Low,27-05-2025
Mumbai,Andheri,Assault,81,53946,Sunny,189,6.07,5,19.1136,72.8697,Medium,24-09-2024
Nagpur,Sadar,Cyber Crime,132,183296,Sunny,180,5.19,3,21.1642,79.0821,Medium,18-09-2024
Nashik,CIDCO,Fraud,102,89104,Sunny,92,6.84,10,19.9667,73.7667,Medium,20-05-2025
Mumbai,Bandra,Robbery,242,90584,Sunny,107,7.85,12,19.0596,72.8295,High,28-04-2025
Nagpur,Civil Lines,Fraud,177,198875,Sunny,121,8.77,7,21.153,79.072,High,28-08-2025
Mumbai,Bandra,Theft,201,76423,Sunny,169,3.28,4,19.0596,72.8295,High,16-05-2025
Mumbai,Colaba,Burglary,225,59529,Rainy,164,3.3,2,18.9067,72.8147,High,02-03-2025
Nashik,Nashik Road,Robbery,150,87192,Foggy,214,9.03,11,19.9975,73.7898,Medium,17-09-2025
Pune,Shivaji Nagar,Cyber Crime,49,145068,Sunny,179,6.23,1,18.5308,73.8475,Low,20-04-2024
Chhatrapati Sambhajinagar,Osmanpura,Cyber Crime,51,137943,Cloudy,130,13.39,6,19.87,75.33,Low,14-08-2025
Nashik,Gangapur Road,Theft,164,170668,Foggy,37,4.94,11,20.011,73.75,High,17-06-2026
Mumbai,Dadar,Assault,17,185829,Cloudy,42,7.69,5,19.0178,72.8478,Low,19-12-2024
Pune,Baner,Cyber Crime,161,108580,Cloudy,211,2.1,5,18.559,73.7868,High,06-06-2024
Mumbai,Bandra,Theft,120,34291,Sunny,161,12.75,2,19.0596,72.8295,Medium,04-02-2024
Pune,Baner,Cyber Crime,31,149279,Cloudy,67,11.97,3,18.559,73.7868,Low,12-01-2025
Mumbai,Borivali,Assault,235,196377,Foggy,181,8.61,3,19.2307,72.8567,High,25-06-2024
Nagpur,Sadar,Cyber Crime,195,187778,Rainy,113,6.5,1,21.1642,79.0821,High,24-11-2024
Mumbai,Colaba,Assault,73,89360,Cloudy,122,4.3,2,18.9067,72.8147,Low,19-07-2025
Nashik,CIDCO,Robbery,14,118625,Sunny,215,5.9,8,19.9667,73.7667,Low,23-05-2026
Chhatrapati Sambhajinagar,Osmanpura,Robbery,184,39661,Cloudy,16,12.14,7,19.87,75.33,High,29-10-2025
Mumbai,Powai,Assault,95,53157,Foggy,165,11.28,9,19.1176,72.906,Medium,11-03-2024
Pune,Kothrud,Fraud,194,174934,Sunny,103,12.65,12,18.5074,73.8077,High,22-08-2024
Nashik,Nashik Road,Assault,36,159659,Cloudy,103,11.31,9,19.9975,73.7898,Low,01-04-2024
Nagpur,Civil Lines,Theft,61,151289,Rainy,161,8.63,9,21.153,79.072,Low,01-09-2024
Nashik,Gangapur Road,Burglary,28,83528,Cloudy,155,9.59,4,20.011,73.75,Low,14-07-2024
Nagpur,Civil Lines,Fraud,148,98680,Sunny,56,12.31,1,21.153,79.072,Medium,24-07-2024
Chhatrapati Sambhajinagar,Aurangpura,Burglary,125,109504,Cloudy,128,12.3,3,19.8762,75.3433,Medium,21-01-2025
Nashik,CIDCO,Assault,84,132461,Sunny,212,5.12,4,19.9667,73.7667,Medium,19-06-2026
Pune,Hadapsar,Burglary,229,142652,Sunny,210,8.63,11,18.5089,73.9259,High,02-03-2026
Mumbai,Powai,Fraud,65,33268,Rainy,88,8.63,12,19.1176,72.906,Low,04-02-2025
Chhatrapati Sambhajinagar,Osmanpura,Assault,134,74349,Sunny,179,8,2,19.87,75.33,Medium,08-08-2024
Chhatrapati Sambhajinagar,Aurangpura,Assault,38,33981,Foggy,204,3.43,2,19.8762,75.3433,Low,20-09-2025
Nagpur,Dharampeth,Assault,65,101430,Rainy,182,4.26,7,21.129,79.0588,Low,21-01-2024
Pune,Hinjewadi,Robbery,168,123415,Foggy,219,9.78,12,18.5912,73.7389,High,21-03-2024
Chhatrapati Sambhajinagar,CIDCO,Fraud,119,180838,Rainy,99,13.34,1,19.889,75.32,Medium,01-09-2024
Pune,Kothrud,Burglary,46,189825,Rainy,125,5.55,1,18.5074,73.8077,Low,18-09-2025
Nagpur,Dharampeth,Theft,100,79131,Foggy,174,4.69,3,21.129,79.0588,Medium,25-02-2025
Pune,Hinjewadi,Burglary,41,56242,Rainy,5,10.91,11,18.5912,73.7389,Low,08-03-2024
Mumbai,Colaba,Robbery,229,105419,Rainy,125,6.89,1,18.9067,72.8147,High,13-12-2025
Chhatrapati Sambhajinagar,CIDCO,Fraud,10,111293,Sunny,8,3.87,12,19.889,75.32,Low,23-02-2024
Chhatrapati Sambhajinagar,CIDCO,Robbery,214,53611,Rainy,200,13.86,7,19.889,75.32,High,01-04-2024
Nashik,Nashik Road,Theft,196,112895,Sunny,124,12.25,3,19.9975,73.7898,High,05-03-2025
Mumbai,Powai,Cyber Crime,211,77408,Rainy,11,7.61,9,19.1176,72.906,High,07-06-2024
Nashik,Nashik Road,Burglary,110,115144,Foggy,43,7.3,11,19.9975,73.7898,Medium,24-09-2024
Nagpur,Dharampeth,Burglary,25,197165,Cloudy,169,10.42,5,21.129,79.0588,Low,24-03-2024
Pune,Shivaji Nagar,Robbery,201,141727,Foggy,127,5.39,12,18.5308,73.8475,High,27-02-2024
Chhatrapati Sambhajinagar,Aurangpura,Fraud,96,108979,Sunny,28,8.26,8,19.8762,75.3433,Medium,01-01-2025
Nashik,Gangapur Road,Fraud,48,191466,Foggy,77,14.27,5,20.011,73.75,Low,02-03-2025
Pune,Hinjewadi,Burglary,25,81649,Foggy,28,3.54,11,18.5912,73.7389,Low,18-03-2024
Chhatrapati Sambhajinagar,Osmanpura,Theft,225,123421,Rainy,43,10.46,10,19.87,75.33,High,29-02-2024
Chhatrapati Sambhajinagar,CIDCO,Burglary,140,125990,Rainy,195,5.67,11,19.889,75.32,Medium,11-04-2026
Mumbai,Borivali,Fraud,171,37262,Rainy,67,4.66,11,19.2307,72.8567,High,11-11-2024
Pune,Baner,Assault,182,197845,Sunny,47,4.12,5,18.559,73.7868,High,19-12-2024
Nagpur,Shankar Nagar,Fraud,176,65822,Sunny,91,9.31,3,21.127,79.06,High,08-11-2024
Chhatrapati Sambhajinagar,Aurangpura,Robbery,105,60576,Rainy,54,7.64,6,19.8762,75.3433,Medium,27-09-2025
Nashik,Gangapur Road,Fraud,151,165705,Cloudy,132,10.33,3,20.011,73.75,High,15-10-2025
Chhatrapati Sambhajinagar,CIDCO,Robbery,123,104115,Foggy,114,8.84,8,19.889,75.32,Medium,07-04-2026
Nagpur,Civil Lines,Fraud,246,197470,Rainy,33,3.32,3,21.153,79.072,High,24-11-2025
Pune,Hadapsar,Cyber Crime,194,124971,Rainy,127,5.25,4,18.5089,73.9259,High,03-11-2024
Nagpur,Civil Lines,Theft,134,95305,Rainy,184,10.48,1,21.153,79.072,Medium,22-07-2025
Pune,Hinjewadi,Assault,230,104569,Foggy,100,13.77,11,18.5912,73.7389,High,05-08-2025
Nashik,CIDCO,Assault,82,60391,Foggy,27,13.08,5,19.9667,73.7667,Medium,27-05-2026
Chhatrapati Sambhajinagar,Osmanpura,Cyber Crime,72,158602,Sunny,62,3.19,10,19.87,75.33,Low,05-01-2025
Chhatrapati Sambhajinagar,CIDCO,Fraud,85,44029,Cloudy,150,4.75,5,19.889,75.32,Medium,04-01-2026
Nagpur,Sadar,Fraud,48,47158,Rainy,37,3.24,10,21.1642,79.0821,Low,18-08-2024
Nashik,CIDCO,Robbery,237,197022,Foggy,20,4.65,9,19.9667,73.7667,High,16-01-2025
Nagpur,Sadar,Cyber Crime,228,192341,Sunny,151,7.35,9,21.1642,79.0821,High,03-04-2026
Pune,Baner,Burglary,54,168078,Foggy,180,14.81,9,18.559,73.7868,Low,02-05-2025
Nagpur,Jaripatka,Robbery,235,88051,Sunny,35,4.22,10,21.1801,79.0955,High,20-08-2025
Pune,Hadapsar,Robbery,173,129442,Sunny,31,13.2,6,18.5089,73.9259,High,29-04-2025
Nagpur,Shankar Nagar,Assault,27,39656,Foggy,90,7.38,7,21.127,79.06,Low,17-01-2026
Mumbai,Borivali,Assault,32,89926,Sunny,130,10.86,1,19.2307,72.8567,Low,27-03-2024
Chhatrapati Sambhajinagar,Aurangpura,Assault,248,189824,Sunny,53,14.48,6,19.8762,75.3433,High,09-10-2024
Nagpur,Civil Lines,Theft,96,34660,Foggy,155,7.27,12,21.153,79.072,Medium,29-03-2025
Nagpur,Civil Lines,Assault,212,103399,Sunny,149,9.13,8,21.153,79.072,High,30-05-2026
Pune,Wakad,Theft,82,72159,Cloudy,51,4.17,7,18.5975,73.7637,Medium,14-03-2025
Pune,Hinjewadi,Fraud,133,73169,Rainy,139,12.8,11,18.5912,73.7389,Medium,07-08-2025
Nashik,Nashik Road,Cyber Crime,154,29921,Foggy,52,4.6,11,19.9975,73.7898,High,22-12-2025
Chhatrapati Sambhajinagar,CIDCO,Theft,155,103835,Cloudy,137,12.14,8,19.889,75.32,High,21-04-2026
Pune,Kothrud,Cyber Crime,57,77821,Sunny,11,11.71,5,18.5074,73.8077,Low,15-03-2024
Nashik,Gangapur Road,Cyber Crime,189,31763,Cloudy,129,3.11,10,20.011,73.75,High,29-04-2026
Mumbai,Bandra,Fraud,244,141962,Sunny,165,11.28,3,19.0596,72.8295,High,01-07-2025
Nagpur,Lakadganj,Theft,192,137755,Foggy,215,5.46,2,21.1505,79.1155,High,09-05-2025
Chhatrapati Sambhajinagar,CIDCO,Cyber Crime,122,159982,Rainy,31,7.75,12,19.889,75.32,Medium,03-12-2024
Nagpur,Sadar,Fraud,70,42422,Sunny,79,4.72,12,21.1642,79.0821,Low,16-11-2024
Nashik,Gangapur Road,Theft,169,83882,Foggy,81,6.35,3,20.011,73.75,High,28-05-2024
Nashik,CIDCO,Robbery,52,134296,Foggy,100,5.51,4,19.9667,73.7667,Low,11-02-2024
Pune,Kothrud,Burglary,20,86316,Rainy,60,9.36,3,18.5074,73.8077,Low,20-09-2024
Chhatrapati Sambhajinagar,Aurangpura,Assault,200,64591,Cloudy,16,2.3,3,19.8762,75.3433,High,26-03-2025
Pune,Hadapsar,Cyber Crime,19,178973,Rainy,205,11.59,6,18.5089,73.9259,Low,30-10-2025
Mumbai,Powai,Robbery,37,163322,Sunny,16,13.14,11,19.1176,72.906,Low,15-01-2024
Nagpur,Jaripatka,Fraud,236,27575,Rainy,131,12.22,1,21.1801,79.0955,High,25-08-2024
Nashik,Gangapur Road,Burglary,18,29897,Rainy,169,10.02,11,20.011,73.75,Low,28-12-2024
Nashik,Gangapur Road,Burglary,27,68291,Sunny,81,10.93,1,20.011,73.75,Low,01-06-2026
Chhatrapati Sambhajinagar,CIDCO,Assault,176,123023,Cloudy,216,6.19,2,19.889,75.32,High,21-03-2025
Nagpur,Shankar Nagar,Burglary,82,89987,Rainy,46,14.16,1,21.127,79.06,Medium,10-05-2025
Nashik,Nashik Road,Assault,165,62771,Cloudy,122,14,1,19.9975,73.7898,High,02-08-2024
Chhatrapati Sambhajinagar,CIDCO,Cyber Crime,90,73547,Rainy,181,13.46,7,19.889,75.32,Medium,21-03-2024
Nagpur,Dharampeth,Burglary,139,28968,Foggy,59,11.63,7,21.129,79.0588,Medium,02-07-2024
Nashik,CIDCO,Cyber Crime,115,110886,Sunny,74,9.36,8,19.9667,73.7667,Medium,20-01-2025
Mumbai,Bandra,Theft,53,100491,Sunny,151,10.77,9,19.0596,72.8295,Low,22-05-2026
Pune,Shivaji Nagar,Assault,198,83377,Rainy,150,12.32,9,18.5308,73.8475,High,02-02-2025
Pune,Kothrud,Burglary,155,72225,Rainy,24,14.63,7,18.5074,73.8077,High,25-12-2025
Nagpur,Jaripatka,Theft,177,73892,Foggy,183,7.57,9,21.1801,79.0955,High,02-04-2025
Nashik,Gangapur Road,Robbery,82,164345,Rainy,217,6.3,8,20.011,73.75,Medium,17-06-2024
Nashik,CIDCO,Cyber Crime,85,120902,Rainy,61,10.49,2,19.9667,73.7667,Medium,23-10-2025
Pune,Wakad,Robbery,201,157962,Cloudy,37,14.68,2,18.5975,73.7637,High,20-12-2024
Chhatrapati Sambhajinagar,CIDCO,Assault,249,61316,Foggy,196,6.11,2,19.889,75.32,High,12-03-2026
Chhatrapati Sambhajinagar,Aurangpura,Fraud,205,28399,Sunny,16,2.49,4,19.8762,75.3433,High,26-03-2026
Mumbai,Dadar,Assault,213,185158,Rainy,202,2.75,6,19.0178,72.8478,High,11-11-2025
Nashik,Nashik Road,Cyber Crime,222,168421,Foggy,198,14.96,1,19.9975,73.7898,High,02-04-2026
Pune,Hinjewadi,Cyber Crime,204,173198,Sunny,73,13.22,6,18.5912,73.7389,High,20-10-2025
Nagpur,Lakadganj,Fraud,212,39504,Sunny,132,12.74,4,21.1505,79.1155,High,13-07-2024
Mumbai,Dadar,Robbery,155,93643,Cloudy,109,6.43,10,19.0178,72.8478,High,15-08-2024
Chhatrapati Sambhajinagar,Aurangpura,Cyber Crime,220,40984,Foggy,141,2.79,12,19.8762,75.3433,High,26-08-2025
Chhatrapati Sambhajinagar,Aurangpura,Fraud,217,148468,Foggy,89,9.22,4,19.8762,75.3433,High,25-05-2024
Nagpur,Civil Lines,Cyber Crime,49,99984,Foggy,183,13.23,9,21.153,79.072,Low,25-04-2025
Mumbai,Bandra,Theft,151,38225,Foggy,197,2.2,9,19.0596,72.8295,High,10-01-2024
Chhatrapati Sambhajinagar,Aurangpura,Cyber Crime,141,154330,Foggy,166,3.41,7,19.8762,75.3433,Medium,17-05-2025
Chhatrapati Sambhajinagar,CIDCO,Robbery,168,68717,Rainy,187,8.59,1,19.889,75.32,High,20-07-2024
Nashik,CIDCO,Burglary,156,62170,Rainy,163,12.29,5,19.9667,73.7667,High,20-03-2025
Nagpur,Sadar,Robbery,155,131390,Sunny,116,14.29,6,21.1642,79.0821,High,04-03-2024
Chhatrapati Sambhajinagar,Osmanpura,Theft,152,52198,Rainy,132,14.48,10,19.87,75.33,High,22-10-2025
Pune,Shivaji Nagar,Burglary,196,126535,Cloudy,172,13.72,4,18.5308,73.8475,High,29-09-2025
Chhatrapati Sambhajinagar,CIDCO,Burglary,28,180981,Rainy,191,10.13,9,19.889,75.32,Low,06-01-2026
Nashik,Nashik Road,Assault,161,49991,Sunny,149,13.52,4,19.9975,73.7898,High,07-01-2025
Nagpur,Lakadganj,Theft,109,66510,Sunny,141,12.3,7,21.1505,79.1155,Medium,13-05-2024
Nagpur,Dharampeth,Assault,250,135144,Cloudy,143,10.99,8,21.129,79.0588,High,08-04-2024
Nagpur,Dharampeth,Assault,24,92019,Cloudy,97,14.06,3,21.129,79.0588,Low,25-05-2026
Chhatrapati Sambhajinagar,Aurangpura,Cyber Crime,65,126531,Foggy,192,4.34,3,19.8762,75.3433,Low,19-08-2024
Chhatrapati Sambhajinagar,Aurangpura,Theft,144,176566,Sunny,199,10.88,10,19.8762,75.3433,Medium,11-03-2026
Nagpur,Dharampeth,Theft,149,131989,Sunny,41,6.23,9,21.129,79.0588,Medium,12-09-2024
Nagpur,Shankar Nagar,Burglary,32,112927,Cloudy,120,7.11,3,21.127,79.06,Low,16-03-2026
Chhatrapati Sambhajinagar,Osmanpura,Robbery,94,124826,Foggy,16,11.22,4,19.87,75.33,Medium,09-04-2024
Nagpur,Civil Lines,Robbery,31,153391,Rainy,7,12.22,1,21.153,79.072,Low,02-08-2025
Chhatrapati Sambhajinagar,Aurangpura,Assault,99,64644,Rainy,11,13.13,10,19.8762,75.3433,Medium,10-12-2024
Chhatrapati Sambhajinagar,Osmanpura,Robbery,97,58953,Rainy,80,4.07,4,19.87,75.33,Medium,18-08-2025
Nashik,Nashik Road,Cyber Crime,227,101142,Rainy,108,8.28,11,19.9975,73.7898,High,23-04-2024
Nagpur,Sitabuldi,Fraud,172,40524,Cloudy,211,7.02,1,21.1458,79.0882,High,03-10-2025
Pune,Hadapsar,Cyber Crime,172,100990,Sunny,149,2.9,6,18.5089,73.9259,High,26-12-2025
Nashik,Gangapur Road,Fraud,104,111845,Cloudy,160,9.14,8,20.011,73.75,Medium,18-12-2024
Nagpur,Sadar,Theft,187,89443,Cloudy,180,2.15,4,21.1642,79.0821,High,06-06-2025
Nashik,Gangapur Road,Theft,14,134681,Sunny,195,7.62,1,20.011,73.75,Low,12-06-2025
Chhatrapati Sambhajinagar,CIDCO,Cyber Crime,91,132979,Sunny,168,11.64,5,19.889,75.32,Medium,05-04-2024
Mumbai,Dadar,Cyber Crime,211,188230,Foggy,129,11.95,7,19.0178,72.8478,High,07-01-2026
Mumbai,Bandra,Theft,104,119074,Sunny,134,2.66,2,19.0596,72.8295,Medium,03-06-2025
Mumbai,Powai,Robbery,85,82187,Foggy,87,6.42,11,19.1176,72.906,Medium,27-06-2025
Nagpur,Civil Lines,Cyber Crime,174,43481,Foggy,206,5.35,5,21.153,79.072,High,26-05-2024
Nashik,Nashik Road,Fraud,115,115354,Foggy,88,7.31,10,19.9975,73.7898,Medium,13-05-2025
Nagpur,Jaripatka,Fraud,119,102680,Foggy,109,2.01,8,21.1801,79.0955,Medium,05-05-2026
Nagpur,Dharampeth,Theft,250,166024,Cloudy,203,13.07,8,21.129,79.0588,High,18-01-2024
Chhatrapati Sambhajinagar,Aurangpura,Burglary,134,69714,Sunny,123,10.24,10,19.8762,75.3433,Medium,25-05-2025
Chhatrapati Sambhajinagar,CIDCO,Theft,189,94900,Foggy,141,9,12,19.889,75.32,High,11-05-2024
Nagpur,Civil Lines,Robbery,33,98500,Cloudy,41,3.31,11,21.153,79.072,Low,18-03-2024
Chhatrapati Sambhajinagar,Osmanpura,Cyber Crime,34,121219,Rainy,170,2.22,6,19.87,75.33,Low,26-02-2026
Chhatrapati Sambhajinagar,CIDCO,Cyber Crime,195,167508,Sunny,63,4.3,12,19.889,75.32,High,04-12-2025
Nashik,CIDCO,Robbery,130,83190,Cloudy,194,3.27,6,19.9667,73.7667,Medium,25-08-2024
Nagpur,Jaripatka,Robbery,181,26645,Foggy,51,10.95,12,21.1801,79.0955,High,28-05-2026
Mumbai,Colaba,Fraud,211,185564,Foggy,162,3.79,3,18.9067,72.8147,High,24-04-2025
Nashik,Nashik Road,Fraud,162,179640,Cloudy,195,4.97,2,19.9975,73.7898,High,28-04-2024
Chhatrapati Sambhajinagar,Osmanpura,Assault,17,163743,Sunny,199,8.98,4,19.87,75.33,Low,16-10-2025
Nashik,Nashik Road,Cyber Crime,19,85993,Rainy,72,10,3,19.9975,73.7898,Low,22-08-2024
Nashik,CIDCO,Assault,38,138721,Cloudy,191,4.05,12,19.9667,73.7667,Low,16-06-2024
Pune,Kothrud,Cyber Crime,198,164444,Foggy,124,4.12,2,18.5074,73.8077,High,21-09-2025
Nashik,Gangapur Road,Burglary,46,182420,Sunny,36,13.45,10,20.011,73.75,Low,06-09-2024
Mumbai,Bandra,Burglary,86,38489,Foggy,12,11.9,6,19.0596,72.8295,Medium,14-12-2025
Nashik,Gangapur Road,Fraud,157,65780,Sunny,214,8.51,11,20.011,73.75,High,13-09-2024
Mumbai,Andheri,Robbery,107,38593,Rainy,143,14.92,5,19.1136,72.8697,Medium,12-01-2025
Chhatrapati Sambhajinagar,CIDCO,Fraud,57,133054,Rainy,123,5.27,12,19.889,75.32,Low,14-12-2024
Pune,Wakad,Burglary,191,155359,Foggy,95,14.94,7,18.5975,73.7637,High,17-01-2024
Nashik,Nashik Road,Fraud,110,171626,Sunny,57,6.21,1,19.9975,73.7898,Medium,12-01-2026
Nashik,Nashik Road,Fraud,100,168517,Rainy,55,8.72,12,19.9975,73.7898,Medium,31-05-2026
Nashik,Gangapur Road,Theft,78,60974,Rainy,23,4.47,11,20.011,73.75,Medium,15-03-2024
Nagpur,Civil Lines,Theft,89,162667,Cloudy,95,12.73,12,21.153,79.072,Medium,25-02-2026
Nagpur,Lakadganj,Theft,164,53626,Rainy,89,4.47,6,21.1505,79.1155,High,25-04-2024
Nashik,Nashik Road,Burglary,215,174364,Foggy,156,12.98,1,19.9975,73.7898,High,22-04-2025
Chhatrapati Sambhajinagar,CIDCO,Assault,180,107831,Sunny,168,12.35,5,19.889,75.32,High,08-02-2024
Chhatrapati Sambhajinagar,Aurangpura,Assault,232,197400,Foggy,161,9.28,11,19.8762,75.3433,High,21-03-2026
Nagpur,Civil Lines,Burglary,35,74033,Foggy,179,6.03,5,21.153,79.072,Low,02-12-2025
Nagpur,Jaripatka,Robbery,48,38389,Foggy,12,11.47,1,21.1801,79.0955,Low,06-03-2026
Chhatrapati Sambhajinagar,Aurangpura,Assault,211,128344,Cloudy,145,9.93,5,19.8762,75.3433,High,20-06-2025
Nagpur,Lakadganj,Robbery,133,102481,Cloudy,184,9.69,3,21.1505,79.1155,Medium,07-04-2026
Nashik,Nashik Road,Fraud,45,103121,Foggy,72,6.59,12,19.9975,73.7898,Low,27-10-2024
Mumbai,Borivali,Assault,51,179622,Sunny,154,4.61,4,19.2307,72.8567,Low,27-12-2025
Pune,Kothrud,Robbery,35,130287,Sunny,129,13.96,7,18.5074,73.8077,Low,08-08-2024
Pune,Hadapsar,Theft,197,132747,Foggy,86,4.35,2,18.5089,73.9259,High,08-08-2025
Nashik,CIDCO,Cyber Crime,188,195952,Rainy,188,4.14,1,19.9667,73.7667,High,20-04-2025
Mumbai,Borivali,Cyber Crime,19,185981,Foggy,220,7.77,5,19.2307,72.8567,Low,24-01-2024
Nashik,Nashik Road,Robbery,143,63748,Cloudy,69,8.85,3,19.9975,73.7898,Medium,21-07-2024
Mumbai,Bandra,Burglary,103,121376,Sunny,46,8.93,12,19.0596,72.8295,Medium,16-03-2025
Mumbai,Borivali,Theft,16,83453,Foggy,27,10.86,8,19.2307,72.8567,Low,31-03-2024
Chhatrapati Sambhajinagar,Aurangpura,Theft,163,51075,Foggy,22,13.96,9,19.8762,75.3433,High,01-06-2024
Pune,Shivaji Nagar,Cyber Crime,178,74600,Cloudy,126,7.79,8,18.5308,73.8475,High,21-03-2024
Mumbai,Powai,Fraud,234,31536,Sunny,190,11.34,11,19.1176,72.906,High,04-02-2025
Mumbai,Borivali,Burglary,179,28640,Cloudy,92,4.28,11,19.2307,72.8567,High,08-12-2024
Pune,Shivaji Nagar,Burglary,214,159750,Foggy,77,5.13,10,18.5308,73.8475,High,06-10-2024
Chhatrapati Sambhajinagar,CIDCO,Assault,166,75277,Cloudy,42,9.68,11,19.889,75.32,High,28-10-2024
Pune,Kothrud,Assault,172,91688,Foggy,64,3.12,6,18.5074,73.8077,High,23-11-2025
Nagpur,Jaripatka,Assault,56,48796,Rainy,220,3.72,4,21.1801,79.0955,Low,17-12-2024
Chhatrapati Sambhajinagar,Aurangpura,Cyber Crime,51,75728,Rainy,50,3.46,3,19.8762,75.3433,Low,17-03-2026
Pune,Kothrud,Fraud,246,53328,Rainy,106,9.24,8,18.5074,73.8077,High,19-09-2024
Pune,Wakad,Cyber Crime,161,199077,Foggy,197,4.32,6,18.5975,73.7637,High,14-10-2025
Pune,Baner,Robbery,244,195821,Rainy,10,13.92,6,18.559,73.7868,High,21-07-2025
Pune,Hinjewadi,Robbery,234,163277,Sunny,19,5.58,3,18.5912,73.7389,High,31-05-2025
Nagpur,Lakadganj,Assault,218,187048,Cloudy,37,10.7,6,21.1505,79.1155,High,01-12-2024
Nagpur,Dharampeth,Cyber Crime,229,188275,Foggy,135,2.44,12,21.129,79.0588,High,04-06-2026
Mumbai,Bandra,Cyber Crime,13,194560,Cloudy,49,14.58,3,19.0596,72.8295,Low,18-10-2025
Chhatrapati Sambhajinagar,CIDCO,Fraud,116,71205,Cloudy,218,3.99,12,19.889,75.32,Medium,12-02-2024
Nagpur,Civil Lines,Fraud,11,186242,Foggy,122,3.28,3,21.153,79.072,Low,19-09-2024
Nagpur,Jaripatka,Assault,157,125432,Cloudy,53,2.4,7,21.1801,79.0955,High,02-03-2025
Chhatrapati Sambhajinagar,Aurangpura,Theft,235,107336,Foggy,7,3.22,10,19.8762,75.3433,High,29-09-2025
Mumbai,Colaba,Theft,146,55225,Cloudy,29,9.59,9,18.9067,72.8147,Medium,21-02-2024
Nagpur,Civil Lines,Cyber Crime,164,172715,Cloudy,200,4.23,7,21.153,79.072,High,26-02-2024
Pune,Shivaji Nagar,Burglary,26,25599,Cloudy,172,8.51,1,18.5308,73.8475,Low,13-11-2024
Mumbai,Colaba,Assault,169,86949,Sunny,20,14.65,10,18.9067,72.8147,High,27-07-2025
Nashik,Gangapur Road,Theft,13,78503,Cloudy,12,6.09,5,20.011,73.75,Low,29-05-2026
Mumbai,Powai,Cyber Crime,118,55904,Foggy,84,11.77,2,19.1176,72.906,Medium,03-10-2024
Chhatrapati Sambhajinagar,Osmanpura,Burglary,100,165141,Rainy,173,13.56,6,19.87,75.33,Medium,06-03-2026
Mumbai,Powai,Fraud,244,122601,Sunny,56,10.94,12,19.1176,72.906,High,10-02-2026
Chhatrapati Sambhajinagar,CIDCO,Fraud,67,108676,Cloudy,12,9.04,5,19.889,75.32,Low,10-08-2024
Mumbai,Dadar,Theft,152,90898,Sunny,18,8.71,2,19.0178,72.8478,High,22-05-2026
Nashik,CIDCO,Assault,223,92311,Cloudy,145,12.73,3,19.9667,73.7667,High,10-06-2025
Mumbai,Bandra,Assault,141,118383,Foggy,19,9.06,1,19.0596,72.8295,Medium,06-12-2024
Chhatrapati Sambhajinagar,Osmanpura,Burglary,250,148867,Sunny,108,4.93,1,19.87,75.33,High,09-04-2024
Mumbai,Bandra,Fraud,190,165988,Sunny,218,8.53,11,19.0596,72.8295,High,12-04-2026
Pune,Kothrud,Assault,31,38993,Foggy,69,9.33,8,18.5074,73.8077,Low,10-03-2024
Nashik,CIDCO,Robbery,118,140687,Rainy,164,12.84,6,19.9667,73.7667,Medium,23-05-2026
Chhatrapati Sambhajinagar,Aurangpura,Robbery,84,183680,Rainy,37,12.99,10,19.8762,75.3433,Medium,08-01-2025
Chhatrapati Sambhajinagar,CIDCO,Theft,53,189304,Cloudy,89,9.11,3,19.889,75.32,Low,07-03-2025
Chhatrapati Sambhajinagar,CIDCO,Fraud,10,182492,Foggy,122,12.71,11,19.889,75.32,Low,22-08-2025
Mumbai,Dadar,Robbery,233,125331,Sunny,127,6.35,6,19.0178,72.8478,High,24-02-2025
Pune,Hadapsar,Theft,163,158733,Rainy,125,3.68,9,18.5089,73.9259,High,22-09-2025
Chhatrapati Sambhajinagar,CIDCO,Robbery,160,53380,Cloudy,168,11.08,7,19.889,75.32,High,03-04-2025
Nagpur,Sitabuldi,Robbery,137,142926,Rainy,148,5.79,12,21.1458,79.0882,Medium,28-03-2024
Nagpur,Sadar,Robbery,223,183403,Foggy,190,6.98,1,21.1642,79.0821,High,23-02-2025
Chhatrapati Sambhajinagar,Osmanpura,Burglary,151,152735,Cloudy,131,3.5,1,19.87,75.33,High,29-06-2024
Nagpur,Civil Lines,Robbery,23,166928,Foggy,5,4.9,5,21.153,79.072,Low,25-07-2024
Pune,Baner,Assault,130,66400,Cloudy,161,11.24,4,18.559,73.7868,Medium,18-09-2024
Nashik,Nashik Road,Cyber Crime,191,170069,Foggy,216,13.3,4,19.9975,73.7898,High,20-05-2026
Chhatrapati Sambhajinagar,Osmanpura,Cyber Crime,205,127501,Foggy,21,11,3,19.87,75.33,High,08-11-2025
Nashik,CIDCO,Cyber Crime,250,37431,Foggy,129,8.61,2,19.9667,73.7667,High,17-09-2025
Chhatrapati Sambhajinagar,CIDCO,Burglary,111,45619,Sunny,138,9.93,2,19.889,75.32,Medium,03-12-2024
Nashik,Gangapur Road,Theft,95,25017,Foggy,32,2.49,6,20.011,73.75,Medium,11-04-2026
Mumbai,Dadar,Assault,128,106414,Foggy,160,9.96,6,19.0178,72.8478,Medium,05-12-2024
Pune,Shivaji Nagar,Assault,117,155745,Rainy,136,7.44,2,18.5308,73.8475,Medium,01-12-2025
Chhatrapati Sambhajinagar,CIDCO,Assault,72,73299,Rainy,71,14.69,9,19.889,75.32,Low,30-04-2025
Chhatrapati Sambhajinagar,Osmanpura,Cyber Crime,246,93847,Sunny,121,10.29,3,19.87,75.33,High,20-05-2026
Nagpur,Sitabuldi,Cyber Crime,160,167852,Cloudy,17,5.32,7,21.1458,79.0882,High,05-03-2025
Nagpur,Sitabuldi,Burglary,156,107354,Sunny,129,7.58,3,21.1458,79.0882,High,22-08-2025
Nashik,CIDCO,Burglary,183,153520,Cloudy,200,3.79,11,19.9667,73.7667,High,04-11-2024
Nagpur,Shankar Nagar,Burglary,14,61530,Cloudy,154,10.74,3,21.127,79.06,Low,05-09-2024
Nagpur,Jaripatka,Fraud,240,31059,Rainy,38,9.32,10,21.1801,79.0955,High,06-08-2024
Mumbai,Dadar,Robbery,181,87589,Sunny,179,5.14,2,19.0178,72.8478,High,13-05-2025
Nagpur,Dharampeth,Robbery,26,157306,Rainy,154,7.9,4,21.129,79.0588,Low,02-11-2025
Pune,Shivaji Nagar,Theft,240,181616,Foggy,141,14.33,6,18.5308,73.8475,High,16-06-2025
Nagpur,Sitabuldi,Burglary,222,149676,Foggy,95,9.52,10,21.1458,79.0882,High,29-08-2024
Pune,Baner,Burglary,209,157353,Cloudy,116,11.71,8,18.559,73.7868,High,08-10-2024
Nagpur,Sadar,Fraud,245,177814,Foggy,61,7.52,7,21.1642,79.0821,High,25-02-2024
Nashik,CIDCO,Cyber Crime,103,70469,Cloudy,104,4.93,3,19.9667,73.7667,Medium,12-02-2024
Nagpur,Sitabuldi,Fraud,90,89316,Foggy,53,10.11,8,21.1458,79.0882,Medium,14-06-2025
Nashik,Nashik Road,Burglary,94,112848,Foggy,190,6.12,11,19.9975,73.7898,Medium,03-05-2026
Pune,Kothrud,Cyber Crime,206,48082,Sunny,206,13.54,12,18.5074,73.8077,High,01-09-2025
Chhatrapati Sambhajinagar,CIDCO,Theft,183,176166,Cloudy,165,11.62,10,19.889,75.32,High,13-04-2024
Nagpur,Sitabuldi,Cyber Crime,228,49193,Rainy,175,3.96,2,21.1458,79.0882,High,16-08-2025
Nagpur,Lakadganj,Robbery,177,142328,Sunny,117,14.92,1,21.1505,79.1155,High,30-05-2025
Nagpur,Civil Lines,Fraud,103,110457,Sunny,105,11.29,11,21.153,79.072,Medium,30-01-2025
Mumbai,Dadar,Assault,199,79377,Sunny,45,14.43,9,19.0178,72.8478,High,26-04-2024
Mumbai,Colaba,Assault,38,174513,Cloudy,186,9.16,8,18.9067,72.8147,Low,10-04-2025
Pune,Kothrud,Fraud,230,82465,Sunny,63,4.92,6,18.5074,73.8077,High,09-12-2024
Nagpur,Sadar,Assault,108,27120,Foggy,185,6.88,2,21.1642,79.0821,Medium,16-04-2026
Nashik,CIDCO,Burglary,146,45778,Foggy,217,12.16,11,19.9667,73.7667,Medium,14-05-2025
Pune,Wakad,Robbery,138,166553,Cloudy,125,8.51,7,18.5975,73.7637,Medium,30-05-2026
Nagpur,Lakadganj,Burglary,33,103499,Foggy,29,7.65,9,21.1505,79.1155,Low,10-05-2024
Pune,Baner,Robbery,224,73210,Sunny,206,13.26,7,18.559,73.7868,High,19-10-2025
Nagpur,Jaripatka,Burglary,216,90151,Foggy,198,7.58,12,21.1801,79.0955,High,03-04-2025
Nagpur,Lakadganj,Cyber Crime,44,151740,Rainy,30,12.4,11,21.1505,79.1155,Low,28-10-2024
Chhatrapati Sambhajinagar,Aurangpura,Theft,194,40930,Sunny,189,7.86,10,19.8762,75.3433,High,25-04-2025
Chhatrapati Sambhajinagar,CIDCO,Cyber Crime,220,90359,Sunny,181,14.53,4,19.889,75.32,High,17-05-2026
Nashik,Gangapur Road,Theft,126,127813,Sunny,112,5.24,9,20.011,73.75,Medium,10-07-2025
Chhatrapati Sambhajinagar,Osmanpura,Theft,226,179585,Cloudy,76,3.67,4,19.87,75.33,High,21-03-2025
Nagpur,Civil Lines,Robbery,167,132303,Cloudy,150,5.35,12,21.153,79.072,High,29-09-2025
Nagpur,Shankar Nagar,Fraud,52,44775,Cloudy,57,2.29,3,21.127,79.06,Low,16-06-2024
Pune,Wakad,Assault,180,159233,Rainy,213,7.67,1,18.5975,73.7637,High,23-12-2025
Nashik,Nashik Road,Assault,127,164858,Sunny,114,3.76,3,19.9975,73.7898,Medium,01-02-2025
Mumbai,Dadar,Assault,152,28115,Rainy,175,10.34,9,19.0178,72.8478,High,06-06-2025
Mumbai,Borivali,Burglary,20,126011,Cloudy,144,2.42,2,19.2307,72.8567,Low,14-11-2024
Pune,Hinjewadi,Burglary,112,107012,Cloudy,128,10.41,8,18.5912,73.7389,Medium,17-02-2025
Chhatrapati Sambhajinagar,Aurangpura,Robbery,91,115844,Foggy,148,14.03,4,19.8762,75.3433,Medium,01-03-2024
Pune,Wakad,Assault,168,30972,Cloudy,144,6.77,8,18.5975,73.7637,High,14-10-2025
Pune,Shivaji Nagar,Fraud,115,61416,Cloudy,166,8.19,9,18.5308,73.8475,Medium,29-10-2025
Nagpur,Jaripatka,Cyber Crime,78,130593,Cloudy,114,4.95,1,21.1801,79.0955,Medium,12-11-2024
Nagpur,Sadar,Robbery,47,90098,Rainy,71,14.95,4,21.1642,79.0821,Low,17-02-2024
Chhatrapati Sambhajinagar,CIDCO,Assault,231,195587,Rainy,41,14.01,9,19.889,75.32,High,20-04-2024
Nagpur,Jaripatka,Assault,240,73931,Rainy,130,4.7,12,21.1801,79.0955,High,05-07-2025
Mumbai,Borivali,Burglary,199,186924,Foggy,136,2.99,7,19.2307,72.8567,High,23-08-2024
Nashik,Gangapur Road,Assault,104,158747,Sunny,94,7.81,3,20.011,73.75,Medium,27-04-2025
Nagpur,Lakadganj,Assault,76,138163,Foggy,17,14.97,6,21.1505,79.1155,Medium,19-02-2025
Nashik,Gangapur Road,Assault,210,99187,Sunny,31,5.14,7,20.011,73.75,High,14-07-2025
Nagpur,Sadar,Assault,179,95380,Cloudy,123,9.18,3,21.1642,79.0821,High,13-10-2025
Nashik,Nashik Road,Burglary,245,47089,Foggy,50,4.1,4,19.9975,73.7898,High,02-09-2024
Nagpur,Jaripatka,Burglary,112,199673,Foggy,206,5.07,1,21.1801,79.0955,Medium,10-03-2024
Nagpur,Lakadganj,Burglary,42,65205,Foggy,209,14.74,12,21.1505,79.1155,Low,14-06-2024
Chhatrapati Sambhajinagar,CIDCO,Assault,175,157632,Cloudy,183,2.9,3,19.889,75.32,High,09-06-2025
Pune,Wakad,Theft,54,60075,Cloudy,170,11.27,10,18.5975,73.7637,Low,18-07-2024
Nashik,Gangapur Road,Assault,153,158677,Foggy,35,7.97,10,20.011,73.75,High,17-03-2024
Chhatrapati Sambhajinagar,Aurangpura,Burglary,16,197500,Rainy,12,4.2,2,19.8762,75.3433,Low,26-12-2024
Pune,Baner,Cyber Crime,243,35626,Rainy,81,12.66,2,18.559,73.7868,High,31-12-2024
Nashik,Gangapur Road,Assault,209,107408,Foggy,157,11.68,7,20.011,73.75,High,27-05-2026
Mumbai,Dadar,Theft,162,48360,Sunny,53,13.74,4,19.0178,72.8478,High,27-11-2025
Nagpur,Sitabuldi,Theft,59,77264,Cloudy,89,9.62,5,21.1458,79.0882,Low,17-03-2026
Mumbai,Andheri,Burglary,171,28165,Cloudy,205,7.42,5,19.1136,72.8697,High,26-06-2025
Chhatrapati Sambhajinagar,Aurangpura,Cyber Crime,32,183015,Cloudy,158,13.42,11,19.8762,75.3433,Low,22-02-2025
Nagpur,Sitabuldi,Cyber Crime,148,33896,Sunny,177,9.77,2,21.1458,79.0882,Medium,18-07-2025
Pune,Kothrud,Burglary,43,166493,Foggy,163,5.15,9,18.5074,73.8077,Low,01-12-2024
Pune,Hinjewadi,Assault,86,92137,Sunny,193,2.22,11,18.5912,73.7389,Medium,12-09-2025
Nagpur,Sitabuldi,Fraud,90,72220,Foggy,188,2.85,6,21.1458,79.0882,Medium,31-05-2025
Nashik,Nashik Road,Burglary,33,163317,Cloudy,151,5.73,7,19.9975,73.7898,Low,07-07-2025
Nagpur,Jaripatka,Assault,177,72387,Foggy,161,10.26,11,21.1801,79.0955,High,07-09-2025
Nagpur,Civil Lines,Assault,24,105737,Rainy,109,4.07,1,21.153,79.072,Low,20-04-2026
Nashik,Gangapur Road,Fraud,245,37393,Rainy,115,8.05,7,20.011,73.75,High,06-04-2025
Pune,Hadapsar,Robbery,114,131355,Rainy,73,6.16,6,18.5089,73.9259,Medium,28-04-2025
Mumbai,Bandra,Robbery,248,159991,Cloudy,9,9.12,4,19.0596,72.8295,High,02-02-2026
Pune,Hadapsar,Assault,101,120323,Cloudy,26,10.73,10,18.5089,73.9259,Medium,21-01-2025
Chhatrapati Sambhajinagar,Aurangpura,Assault,237,140783,Foggy,5,10.82,3,19.8762,75.3433,High,15-09-2025
Mumbai,Bandra,Robbery,33,68436,Foggy,177,8.41,8,19.0596,72.8295,Low,05-04-2025
Nashik,Gangapur Road,Assault,56,96974,Foggy,158,7.5,8,20.011,73.75,Low,11-04-2026
Mumbai,Colaba,Cyber Crime,129,133272,Cloudy,170,9.02,3,18.9067,72.8147,Medium,08-05-2024
Chhatrapati Sambhajinagar,Aurangpura,Assault,190,26120,Sunny,163,7.66,11,19.8762,75.3433,High,21-08-2025
Mumbai,Bandra,Assault,212,124629,Rainy,100,13.81,6,19.0596,72.8295,High,13-12-2024
Mumbai,Borivali,Theft,242,88836,Rainy,57,4.68,12,19.2307,72.8567,High,11-11-2024
Mumbai,Dadar,Burglary,94,75912,Rainy,202,4.82,9,19.0178,72.8478,Medium,15-08-2025
Nagpur,Sitabuldi,Cyber Crime,137,25907,Foggy,27,4.67,10,21.1458,79.0882,Medium,20-02-2025
Pune,Wakad,Robbery,21,28778,Sunny,66,9.16,3,18.5975,73.7637,Low,09-10-2025
Pune,Wakad,Robbery,90,161743,Cloudy,194,8.54,7,18.5975,73.7637,Medium,06-02-2026
Mumbai,Borivali,Fraud,193,45815,Sunny,45,10.06,7,19.2307,72.8567,High,12-10-2025
Chhatrapati Sambhajinagar,Aurangpura,Theft,84,76702,Foggy,95,14.52,1,19.8762,75.3433,Medium,30-08-2025
Mumbai,Bandra,Burglary,201,125094,Sunny,197,10.95,4,19.0596,72.8295,High,15-11-2025
Nagpur,Civil Lines,Theft,233,30043,Rainy,28,8.39,6,21.153,79.072,High,12-03-2026
Nashik,CIDCO,Assault,39,185674,Cloudy,117,10.69,3,19.9667,73.7667,Low,16-06-2025
Nashik,Nashik Road,Cyber Crime,152,176106,Cloudy,152,6.79,12,19.9975,73.7898,High,16-04-2025
Mumbai,Borivali,Theft,170,162930,Cloudy,27,5.84,9,19.2307,72.8567,High,24-02-2024
Chhatrapati Sambhajinagar,Osmanpura,Theft,47,177761,Cloudy,219,10.41,9,19.87,75.33,Low,04-11-2025
Mumbai,Colaba,Fraud,165,194047,Cloudy,148,3.58,1,18.9067,72.8147,High,05-06-2024
Nagpur,Sadar,Fraud,59,157673,Foggy,173,7.28,7,21.1642,79.0821,Low,23-08-2024
Nashik,Gangapur Road,Cyber Crime,180,122631,Cloudy,108,11.59,2,20.011,73.75,High,07-09-2024
Pune,Hinjewadi,Robbery,48,105226,Cloudy,187,12.74,7,18.5912,73.7389,Low,20-10-2024
Pune,Hadapsar,Burglary,204,46939,Cloudy,97,9.46,11,18.5089,73.9259,High,31-10-2025
Mumbai,Colaba,Cyber Crime,145,164906,Foggy,71,8.51,10,18.9067,72.8147,Medium,19-08-2024
Pune,Baner,Theft,102,133680,Sunny,52,13.02,2,18.559,73.7868,Medium,17-10-2025
Chhatrapati Sambhajinagar,Aurangpura,Robbery,235,84652,Foggy,219,9.95,12,19.8762,75.3433,High,17-09-2024
Nashik,Gangapur Road,Theft,92,30521,Cloudy,217,4.36,8,20.011,73.75,Medium,12-08-2024
Chhatrapati Sambhajinagar,Aurangpura,Cyber Crime,242,114510,Cloudy,88,8.31,8,19.8762,75.3433,High,11-06-2024
Nashik,Nashik Road,Theft,63,175678,Rainy,68,12.62,8,19.9975,73.7898,Low,14-07-2025
Nagpur,Lakadganj,Fraud,239,39921,Foggy,46,12.64,11,21.1505,79.1155,High,20-11-2024
Nagpur,Dharampeth,Theft,173,132341,Cloudy,24,2.72,9,21.129,79.0588,High,03-08-2024
Pune,Hinjewadi,Assault,240,168555,Foggy,161,9.8,2,18.5912,73.7389,High,26-12-2025
Pune,Baner,Robbery,174,158273,Rainy,112,14.2,7,18.559,73.7868,High,05-02-2025
Mumbai,Bandra,Robbery,153,102105,Sunny,79,12.35,7,19.0596,72.8295,High,08-11-2025
Chhatrapati Sambhajinagar,Aurangpura,Theft,23,151123,Foggy,151,5.2,1,19.8762,75.3433,Low,08-11-2024
Chhatrapati Sambhajinagar,Aurangpura,Fraud,225,27287,Sunny,37,5.05,5,19.8762,75.3433,High,03-06-2025
Nashik,Nashik Road,Theft,154,59778,Rainy,133,3.06,5,19.9975,73.7898,High,27-02-2024
Chhatrapati Sambhajinagar,Aurangpura,Burglary,138,91392,Sunny,105,13.56,6,19.8762,75.3433,Medium,26-12-2024
Nagpur,Dharampeth,Assault,75,195619,Cloudy,206,10.86,8,21.129,79.0588,Low,28-05-2024
Mumbai,Colaba,Cyber Crime,206,141058,Rainy,61,6.85,8,18.9067,72.8147,High,15-06-2026
Chhatrapati Sambhajinagar,CIDCO,Fraud,177,77410,Cloudy,180,2.76,10,19.889,75.32,High,19-04-2025
Nashik,Nashik Road,Fraud,68,139096,Cloudy,56,7.42,6,19.9975,73.7898,Low,08-04-2025
Nashik,Nashik Road,Theft,211,88718,Foggy,149,3.67,4,19.9975,73.7898,High,29-05-2025
Nashik,Nashik Road,Theft,102,51723,Rainy,195,9.92,6,19.9975,73.7898,Medium,02-04-2026
Chhatrapati Sambhajinagar,CIDCO,Fraud,70,180344,Rainy,102,9.87,2,19.889,75.32,Low,22-11-2024
Nashik,Gangapur Road,Robbery,220,199125,Foggy,45,8.73,2,20.011,73.75,High,10-05-2024
Chhatrapati Sambhajinagar,Osmanpura,Fraud,85,165935,Sunny,218,10.41,5,19.87,75.33,Medium,10-08-2025
Nagpur,Jaripatka,Robbery,71,70177,Rainy,100,2.73,12,21.1801,79.0955,Low,21-07-2025
Mumbai,Bandra,Burglary,75,167481,Rainy,112,10.41,10,19.0596,72.8295,Low,12-05-2026
Nashik,Nashik Road,Burglary,248,174276,Foggy,32,3.73,9,19.9975,73.7898,High,28-05-2024
Nashik,Gangapur Road,Robbery,56,64764,Cloudy,103,4.73,11,20.011,73.75,Low,14-12-2024
Mumbai,Powai,Assault,82,143314,Rainy,128,3.34,6,19.1176,72.906,Medium,05-05-2025
Pune,Hadapsar,Theft,156,113044,Foggy,92,12.67,1,18.5089,73.9259,High,12-08-2025
Pune,Baner,Fraud,12,107856,Cloudy,188,8.46,7,18.559,73.7868,Low,03-03-2024
Nagpur,Dharampeth,Robbery,214,63466,Foggy,149,14.72,3,21.129,79.0588,High,10-02-2025
Nagpur,Civil Lines,Assault,111,119965,Foggy,169,6.89,8,21.153,79.072,Medium,25-06-2024
Mumbai,Borivali,Assault,238,161563,Cloudy,25,10.5,11,19.2307,72.8567,High,28-03-2026
Chhatrapati Sambhajinagar,CIDCO,Fraud,113,86207,Foggy,32,2.5,6,19.889,75.32,Medium,15-08-2025
Nagpur,Jaripatka,Cyber Crime,163,152478,Sunny,27,9.51,12,21.1801,79.0955,High,29-04-2026
Chhatrapati Sambhajinagar,Aurangpura,Theft,56,112685,Cloudy,80,3.34,9,19.8762,75.3433,Low,27-09-2024
Nagpur,Lakadganj,Burglary,226,157021,Foggy,157,8.29,7,21.1505,79.1155,High,26-03-2025
Pune,Wakad,Burglary,72,48726,Cloudy,109,2.49,8,18.5975,73.7637,Low,28-04-2025
Mumbai,Andheri,Burglary,230,55544,Foggy,38,11.39,1,19.1136,72.8697,High,14-05-2024
Mumbai,Colaba,Burglary,165,49651,Rainy,37,8.71,7,18.9067,72.8147,High,15-06-2025
Nashik,Nashik Road,Assault,245,98749,Cloudy,21,14.09,12,19.9975,73.7898,High,05-02-2026
Mumbai,Dadar,Cyber Crime,180,143501,Sunny,91,2.38,3,19.0178,72.8478,High,16-07-2024
Pune,Hinjewadi,Robbery,101,86761,Cloudy,142,9.35,5,18.5912,73.7389,Medium,27-03-2024
Chhatrapati Sambhajinagar,Osmanpura,Robbery,201,28833,Sunny,132,14.68,5,19.87,75.33,High,11-03-2024
Chhatrapati Sambhajinagar,Aurangpura,Fraud,70,162976,Cloudy,53,13.57,3,19.8762,75.3433,Low,07-09-2025
Chhatrapati Sambhajinagar,Aurangpura,Robbery,39,186691,Foggy,119,11.25,3,19.8762,75.3433,Low,19-11-2024
Nashik,Gangapur Road,Theft,143,192299,Sunny,64,6.02,12,20.011,73.75,Medium,04-06-2024
Mumbai,Powai,Fraud,194,185927,Cloudy,115,7.39,2,19.1176,72.906,High,14-04-2024
Nagpur,Shankar Nagar,Fraud,125,79112,Foggy,26,5.61,8,21.127,79.06,Medium,26-10-2025
Nagpur,Lakadganj,Assault,143,83764,Foggy,113,12.57,8,21.1505,79.1155,Medium,12-04-2025
Nagpur,Shankar Nagar,Burglary,103,138961,Rainy,219,12.58,6,21.127,79.06,Medium,17-03-2026
Nagpur,Dharampeth,Assault,248,81146,Sunny,193,11.4,3,21.129,79.0588,High,02-01-2025
Nagpur,Sadar,Fraud,120,132007,Cloudy,38,9.12,11,21.1642,79.0821,Medium,31-08-2025
Chhatrapati Sambhajinagar,CIDCO,Fraud,142,33658,Cloudy,78,13.28,9,19.889,75.32,Medium,22-01-2025
Mumbai,Andheri,Theft,235,97081,Foggy,97,6.79,4,19.1136,72.8697,High,27-03-2024
Nagpur,Sitabuldi,Fraud,235,28856,Foggy,119,2.55,9,21.1458,79.0882,High,06-02-2025
Mumbai,Borivali,Fraud,238,87104,Rainy,61,2.68,10,19.2307,72.8567,High,28-01-2024
Mumbai,Powai,Cyber Crime,113,92407,Foggy,35,3.03,10,19.1176,72.906,Medium,09-08-2024
Pune,Shivaji Nagar,Fraud,66,177107,Cloudy,27,13.91,10,18.5308,73.8475,Low,24-04-2024
Nashik,Gangapur Road,Assault,240,121140,Foggy,79,10.1,10,20.011,73.75,High,06-02-2025
Nashik,CIDCO,Cyber Crime,40,156055,Sunny,201,9.76,10,19.9667,73.7667,Low,30-07-2024
Chhatrapati Sambhajinagar,Aurangpura,Robbery,10,138078,Foggy,7,4.8,1,19.8762,75.3433,Low,13-01-2025
Nashik,Nashik Road,Fraud,162,92849,Rainy,65,5.81,5,19.9975,73.7898,High,05-06-2024
Chhatrapati Sambhajinagar,CIDCO,Assault,74,137584,Sunny,55,7.44,4,19.889,75.32,Low,20-06-2025
Chhatrapati Sambhajinagar,Osmanpura,Burglary,87,69021,Cloudy,122,8.4,11,19.87,75.33,Medium,14-05-2024
Nashik,Nashik Road,Burglary,52,177177,Cloudy,210,8.68,4,19.9975,73.7898,Low,21-08-2024
Nagpur,Civil Lines,Burglary,173,114328,Rainy,43,4.32,4,21.153,79.072,High,26-01-2025
Nagpur,Lakadganj,Robbery,132,47186,Rainy,137,12.41,5,21.1505,79.1155,Medium,28-03-2025
Nashik,Gangapur Road,Fraud,38,165291,Foggy,127,12.5,8,20.011,73.75,Low,15-01-2026
Pune,Kothrud,Theft,132,171987,Foggy,167,4.73,4,18.5074,73.8077,Medium,24-08-2024
Pune,Baner,Cyber Crime,147,87767,Rainy,217,4.58,2,18.559,73.7868,Medium,11-06-2024
Mumbai,Dadar,Burglary,157,120845,Sunny,110,14.25,1,19.0178,72.8478,High,03-08-2024
Pune,Shivaji Nagar,Cyber Crime,128,117377,Sunny,112,2.17,4,18.5308,73.8475,Medium,13-07-2024
Pune,Kothrud,Fraud,250,115450,Sunny,194,7.58,9,18.5074,73.8077,High,18-01-2026
Chhatrapati Sambhajinagar,CIDCO,Fraud,107,83657,Foggy,97,4.93,11,19.889,75.32,Medium,13-04-2024
Nashik,CIDCO,Theft,109,196386,Foggy,150,5.72,12,19.9667,73.7667,Medium,20-11-2024
Pune,Hadapsar,Cyber Crime,143,64893,Foggy,24,5.44,4,18.5089,73.9259,Medium,10-12-2024
Nashik,CIDCO,Burglary,139,93491,Rainy,145,9.64,5,19.9667,73.7667,Medium,16-01-2024
Pune,Hinjewadi,Assault,108,133671,Foggy,134,7.27,7,18.5912,73.7389,Medium,27-06-2025
Chhatrapati Sambhajinagar,Aurangpura,Burglary,45,195711,Rainy,88,3.7,6,19.8762,75.3433,Low,11-05-2026
Chhatrapati Sambhajinagar,Osmanpura,Burglary,201,169153,Cloudy,44,7.18,10,19.87,75.33,High,11-10-2024
Chhatrapati Sambhajinagar,CIDCO,Robbery,122,124387,Rainy,64,4.76,12,19.889,75.32,Medium,15-02-2024
Mumbai,Andheri,Assault,240,30088,Cloudy,182,12.82,2,19.1136,72.8697,High,01-02-2026
Pune,Hadapsar,Fraud,237,43922,Cloudy,125,7.25,8,18.5089,73.9259,High,07-05-2024
Nagpur,Dharampeth,Fraud,248,57196,Foggy,99,8.77,9,21.129,79.0588,High,09-04-2025
Mumbai,Andheri,Theft,198,64809,Cloudy,69,9.5,11,19.1136,72.8697,High,01-02-2024
Mumbai,Borivali,Robbery,93,69313,Cloudy,109,13.19,11,19.2307,72.8567,Medium,07-06-2026
Nagpur,Jaripatka,Burglary,47,135263,Cloudy,113,2,4,21.1801,79.0955,Low,09-12-2024
Mumbai,Bandra,Assault,182,172151,Rainy,217,6.97,9,19.0596,72.8295,High,05-05-2025
Chhatrapati Sambhajinagar,Osmanpura,Theft,160,68818,Sunny,152,2.61,10,19.87,75.33,High,09-01-2025
Chhatrapati Sambhajinagar,Aurangpura,Cyber Crime,185,32250,Rainy,132,4.86,2,19.8762,75.3433,High,04-07-2025
Chhatrapati Sambhajinagar,Aurangpura,Robbery,209,32084,Sunny,50,6.91,4,19.8762,75.3433,High,14-05-2026
Chhatrapati Sambhajinagar,Aurangpura,Burglary,50,67293,Sunny,196,11.76,10,19.8762,75.3433,Low,20-07-2025
Pune,Shivaji Nagar,Fraud,186,140036,Sunny,21,5.25,10,18.5308,73.8475,High,20-12-2024
Nagpur,Sadar,Robbery,226,189275,Rainy,135,4.79,6,21.1642,79.0821,High,22-12-2024
Nagpur,Civil Lines,Burglary,165,153085,Rainy,209,10.25,12,21.153,79.072,High,29-05-2024
Nashik,Gangapur Road,Burglary,118,56524,Rainy,86,7.32,10,20.011,73.75,Medium,16-03-2024
Chhatrapati Sambhajinagar,Aurangpura,Assault,242,90272,Sunny,51,12.14,11,19.8762,75.3433,High,13-03-2025
Mumbai,Dadar,Theft,74,34938,Rainy,62,14.85,11,19.0178,72.8478,Low,02-12-2024
Chhatrapati Sambhajinagar,Aurangpura,Fraud,33,139261,Sunny,142,4.87,6,19.8762,75.3433,Low,30-04-2024
Chhatrapati Sambhajinagar,Aurangpura,Fraud,246,140324,Cloudy,153,10.46,11,19.8762,75.3433,High,25-12-2025
Nashik,Nashik Road,Fraud,163,126881,Sunny,91,3.93,1,19.9975,73.7898,High,20-05-2026
Pune,Hadapsar,Fraud,241,85872,Cloudy,205,8.84,8,18.5089,73.9259,High,04-04-2026
Nagpur,Dharampeth,Assault,210,140697,Foggy,132,2.05,10,21.129,79.0588,High,01-05-2026
Chhatrapati Sambhajinagar,Aurangpura,Burglary,159,136404,Foggy,218,5.56,7,19.8762,75.3433,High,27-06-2024
Mumbai,Colaba,Assault,35,62223,Sunny,36,7.22,7,18.9067,72.8147,Low,25-12-2025
Chhatrapati Sambhajinagar,CIDCO,Robbery,99,188191,Rainy,219,8.4,12,19.889,75.32,Medium,18-03-2026
Chhatrapati Sambhajinagar,Osmanpura,Fraud,18,130236,Sunny,63,8.51,1,19.87,75.33,Low,17-06-2024
Nashik,Gangapur Road,Assault,81,193978,Rainy,5,6.9,8,20.011,73.75,Medium,15-07-2024
Mumbai,Dadar,Robbery,37,114164,Rainy,138,2.51,3,19.0178,72.8478,Low,24-05-2024
Nashik,CIDCO,Burglary,26,118021,Sunny,63,8.95,9,19.9667,73.7667,Low,07-05-2026
Mumbai,Andheri,Robbery,145,31210,Sunny,65,8.27,3,19.1136,72.8697,Medium,11-10-2025
Nashik,Nashik Road,Robbery,19,83049,Cloudy,112,3.04,7,19.9975,73.7898,Low,01-03-2024
Mumbai,Borivali,Cyber Crime,15,159927,Foggy,66,8.2,12,19.2307,72.8567,Low,12-06-2026
Nashik,CIDCO,Fraud,161,107812,Rainy,20,10.81,11,19.9667,73.7667,High,01-12-2025
Chhatrapati Sambhajinagar,CIDCO,Assault,203,170852,Sunny,174,14.41,12,19.889,75.32,High,30-03-2024
Mumbai,Colaba,Fraud,206,145930,Rainy,177,11.7,11,18.9067,72.8147,High,05-08-2025
Nagpur,Shankar Nagar,Robbery,170,188842,Cloudy,216,13.29,1,21.127,79.06,High,29-07-2024
Nagpur,Dharampeth,Burglary,211,142409,Cloudy,72,2.09,6,21.129,79.0588,High,22-08-2025
Chhatrapati Sambhajinagar,CIDCO,Robbery,115,170762,Sunny,117,5.94,10,19.889,75.32,Medium,14-04-2024
Pune,Kothrud,Fraud,119,199719,Rainy,214,5.92,7,18.5074,73.8077,Medium,13-09-2024
Pune,Shivaji Nagar,Cyber Crime,201,179701,Foggy,27,14.07,6,18.5308,73.8475,High,06-06-2024
Nashik,Nashik Road,Fraud,234,168176,Foggy,217,5.87,9,19.9975,73.7898,High,14-06-2026
Nagpur,Dharampeth,Cyber Crime,79,119508,Rainy,5,11.86,8,21.129,79.0588,Medium,11-12-2024
Chhatrapati Sambhajinagar,Osmanpura,Robbery,69,125004,Sunny,100,13.38,5,19.87,75.33,Low,25-01-2024
Pune,Shivaji Nagar,Burglary,95,175035,Rainy,116,10.83,5,18.5308,73.8475,Medium,07-08-2024
Nashik,CIDCO,Burglary,102,65376,Foggy,25,9.22,5,19.9667,73.7667,Medium,21-05-2024
Mumbai,Borivali,Fraud,150,62881,Foggy,80,13.75,12,19.2307,72.8567,Medium,25-05-2024
Nagpur,Sadar,Burglary,152,86605,Sunny,219,14.07,6,21.1642,79.0821,High,28-08-2024
Nashik,Gangapur Road,Cyber Crime,135,186962,Foggy,176,6.89,3,20.011,73.75,Medium,30-11-2024
Chhatrapati Sambhajinagar,Aurangpura,Theft,228,53190,Sunny,198,12.79,1,19.8762,75.3433,High,10-06-2025
Mumbai,Andheri,Assault,205,73497,Foggy,130,6.99,11,19.1136,72.8697,High,04-03-2025
Nagpur,Shankar Nagar,Cyber Crime,21,31227,Sunny,170,13.33,10,21.127,79.06,Low,26-05-2026
Pune,Wakad,Theft,12,76379,Rainy,125,9.4,8,18.5975,73.7637,Low,22-04-2025
Pune,Hinjewadi,Cyber Crime,83,176785,Rainy,213,6.76,2,18.5912,73.7389,Medium,13-04-2026
Nagpur,Lakadganj,Burglary,56,106891,Cloudy,41,12.45,8,21.1505,79.1155,Low,06-11-2025
Nashik,Nashik Road,Robbery,250,29247,Sunny,163,5.09,8,19.9975,73.7898,High,30-09-2025
Mumbai,Powai,Fraud,221,36241,Sunny,155,13.09,10,19.1176,72.906,High,06-05-2024
Pune,Hadapsar,Cyber Crime,162,77331,Rainy,136,12.85,12,18.5089,73.9259,High,21-12-2024
Nagpur,Dharampeth,Fraud,148,191546,Sunny,130,13.66,6,21.129,79.0588,Medium,22-12-2024
Nashik,CIDCO,Burglary,127,171562,Sunny,157,4.8,6,19.9667,73.7667,Medium,27-09-2024
Nashik,Nashik Road,Cyber Crime,110,135815,Sunny,185,2.99,12,19.9975,73.7898,Medium,20-06-2024
Nagpur,Jaripatka,Assault,59,192297,Rainy,204,9.13,1,21.1801,79.0955,Low,22-10-2024
Pune,Hinjewadi,Burglary,181,76939,Foggy,205,6.87,4,18.5912,73.7389,High,10-04-2025
Pune,Baner,Robbery,210,30780,Cloudy,202,3.96,5,18.559,73.7868,High,25-05-2024
Nashik,Gangapur Road,Theft,96,117450,Rainy,203,3.46,3,20.011,73.75,Medium,29-07-2024
Chhatrapati Sambhajinagar,Osmanpura,Cyber Crime,16,118188,Sunny,184,10.6,11,19.87,75.33,Low,16-10-2024
Nashik,Gangapur Road,Cyber Crime,11,119225,Cloudy,111,2.6,2,20.011,73.75,Low,13-11-2025
Nashik,Gangapur Road,Theft,127,141902,Foggy,72,14.18,11,20.011,73.75,Medium,24-01-2024
Nagpur,Sadar,Fraud,86,60638,Foggy,182,2.78,10,21.1642,79.0821,Medium,02-07-2025
Mumbai,Borivali,Burglary,66,139704,Foggy,47,4.5,3,19.2307,72.8567,Low,26-04-2025
Nagpur,Civil Lines,Robbery,29,176562,Rainy,99,13.33,3,21.153,79.072,Low,19-01-2026
Pune,Hinjewadi,Theft,74,134097,Sunny,206,4.34,12,18.5912,73.7389,Low,11-12-2025
Pune,Kothrud,Assault,178,54559,Foggy,120,3.8,3,18.5074,73.8077,High,07-09-2024
Mumbai,Dadar,Cyber Crime,186,88357,Rainy,202,13.58,1,19.0178,72.8478,High,02-07-2024
Pune,Baner,Cyber Crime,231,27535,Sunny,30,12.73,10,18.559,73.7868,High,14-01-2025
Mumbai,Powai,Robbery,228,68494,Rainy,149,6.01,8,19.1176,72.906,High,19-09-2024
Mumbai,Colaba,Cyber Crime,87,38244,Sunny,56,10.64,3,18.9067,72.8147,Medium,01-10-2024
Mumbai,Bandra,Fraud,244,97782,Rainy,123,13.96,1,19.0596,72.8295,High,01-10-2024
Mumbai,Colaba,Burglary,235,75003,Cloudy,107,4.83,10,18.9067,72.8147,High,31-01-2026
Nashik,CIDCO,Theft,118,45648,Rainy,98,5.51,1,19.9667,73.7667,Medium,07-01-2025
Pune,Hadapsar,Robbery,18,195363,Cloudy,155,2.57,8,18.5089,73.9259,Low,24-10-2024
Chhatrapati Sambhajinagar,Aurangpura,Robbery,207,109847,Rainy,192,7.1,3,19.8762,75.3433,High,15-05-2026
Nashik,CIDCO,Assault,135,93729,Cloudy,195,2.75,3,19.9667,73.7667,Medium,17-10-2025
Nagpur,Sitabuldi,Burglary,60,128647,Sunny,56,8.82,3,21.1458,79.0882,Low,24-02-2025
Pune,Hadapsar,Assault,217,29333,Foggy,39,10.91,11,18.5089,73.9259,High,16-06-2025
Nagpur,Civil Lines,Cyber Crime,53,170376,Sunny,110,13.48,1,21.153,79.072,Low,01-07-2024
Nashik,Nashik Road,Assault,54,67653,Foggy,98,7.94,2,19.9975,73.7898,Low,06-03-2025
Mumbai,Colaba,Assault,61,170804,Sunny,103,4.87,11,18.9067,72.8147,Low,05-09-2025
Pune,Hadapsar,Assault,240,158412,Foggy,29,4.24,2,18.5089,73.9259,High,05-01-2025
Nagpur,Sadar,Assault,223,53688,Foggy,76,9.61,3,21.1642,79.0821,High,28-01-2025
Nagpur,Shankar Nagar,Assault,119,118071,Foggy,98,6.74,9,21.127,79.06,Medium,08-12-2025
Nagpur,Sitabuldi,Burglary,182,187952,Foggy,28,13.94,12,21.1458,79.0882,High,29-10-2024
Pune,Baner,Cyber Crime,29,196972,Cloudy,202,14.88,10,18.559,73.7868,Low,01-10-2024
Nagpur,Civil Lines,Cyber Crime,55,26887,Sunny,12,11.01,9,21.153,79.072,Low,20-10-2025
Nagpur,Sadar,Robbery,51,119444,Cloudy,158,12.43,3,21.1642,79.0821,Low,18-02-2026
Chhatrapati Sambhajinagar,CIDCO,Fraud,202,59544,Cloudy,67,4.29,11,19.889,75.32,High,19-05-2025
Chhatrapati Sambhajinagar,CIDCO,Assault,191,43027,Foggy,214,7.06,6,19.889,75.32,High,18-03-2024
Mumbai,Borivali,Fraud,31,82162,Foggy,193,6.56,12,19.2307,72.8567,Low,26-01-2024
Mumbai,Borivali,Cyber Crime,151,174964,Foggy,86,3.41,11,19.2307,72.8567,High,23-11-2024
Chhatrapati Sambhajinagar,Aurangpura,Theft,43,128231,Rainy,124,3.54,9,19.8762,75.3433,Low,28-05-2025
Chhatrapati Sambhajinagar,Osmanpura,Fraud,154,97094,Cloudy,7,14.46,11,19.87,75.33,High,27-05-2026
Chhatrapati Sambhajinagar,Aurangpura,Fraud,115,92953,Cloudy,69,7.79,6,19.8762,75.3433,Medium,12-02-2025
Mumbai,Andheri,Assault,89,31271,Foggy,52,14.49,1,19.1136,72.8697,Medium,06-11-2025
Nashik,Gangapur Road,Burglary,79,61317,Foggy,217,6.27,11,20.011,73.75,Medium,04-07-2025
Pune,Kothrud,Robbery,110,65846,Sunny,196,2.47,5,18.5074,73.8077,Medium,28-12-2024
Nashik,Gangapur Road,Robbery,15,37082,Foggy,179,2.05,10,20.011,73.75,Low,27-12-2024
Nashik,Gangapur Road,Assault,21,156631,Cloudy,108,5.5,8,20.011,73.75,Low,10-01-2026
Nagpur,Jaripatka,Robbery,248,182342,Rainy,25,11.86,11,21.1801,79.0955,High,01-04-2026
Nashik,Nashik Road,Fraud,79,113240,Foggy,71,5.89,9,19.9975,73.7898,Medium,02-08-2024
Nashik,Nashik Road,Robbery,165,49441,Cloudy,117,5.78,3,19.9975,73.7898,High,18-08-2024
Nagpur,Lakadganj,Theft,75,190880,Sunny,143,14.42,9,21.1505,79.1155,Low,27-07-2025
Nashik,CIDCO,Theft,23,153004,Rainy,146,12.69,7,19.9667,73.7667,Low,02-03-2025
Pune,Kothrud,Fraud,39,181887,Foggy,143,8.93,10,18.5074,73.8077,Low,29-07-2025
Mumbai,Colaba,Assault,24,108606,Cloudy,207,9.83,11,18.9067,72.8147,Low,25-04-2026
Pune,Hadapsar,Robbery,137,118105,Rainy,114,7.06,4,18.5089,73.9259,Medium,08-01-2025
Chhatrapati Sambhajinagar,CIDCO,Theft,87,148824,Cloudy,111,9.97,3,19.889,75.32,Medium,15-04-2025
Nagpur,Sitabuldi,Assault,48,152835,Foggy,74,10.86,5,21.1458,79.0882,Low,22-03-2024
Nagpur,Sitabuldi,Theft,186,131815,Cloudy,193,10.05,4,21.1458,79.0882,High,20-09-2025
Nashik,Gangapur Road,Assault,235,135956,Foggy,151,4.59,10,20.011,73.75,High,23-03-2025
Pune,Kothrud,Assault,161,196945,Cloudy,189,7.83,7,18.5074,73.8077,High,15-02-2026
Mumbai,Andheri,Fraud,154,166366,Rainy,92,11.1,5,19.1136,72.8697,High,24-01-2025
Nagpur,Dharampeth,Theft,128,43329,Rainy,151,4.69,5,21.129,79.0588,Medium,22-12-2025
Chhatrapati Sambhajinagar,CIDCO,Assault,100,94619,Foggy,6,3.22,8,19.889,75.32,Medium,16-02-2026
Nashik,CIDCO,Theft,167,135653,Sunny,39,14.39,9,19.9667,73.7667,High,08-04-2025
Mumbai,Colaba,Cyber Crime,97,84551,Sunny,93,8.53,3,18.9067,72.8147,Medium,06-06-2024
Nagpur,Jaripatka,Theft,105,193595,Foggy,56,9.38,2,21.1801,79.0955,Medium,14-08-2024
Nashik,Gangapur Road,Cyber Crime,109,29441,Cloudy,90,12.04,11,20.011,73.75,Medium,04-02-2025
Chhatrapati Sambhajinagar,CIDCO,Cyber Crime,164,163575,Sunny,34,11.18,4,19.889,75.32,High,03-06-2024
Mumbai,Bandra,Robbery,196,70045,Cloudy,138,10.19,9,19.0596,72.8295,High,22-10-2025
Mumbai,Dadar,Cyber Crime,169,114707,Cloudy,163,13.4,12,19.0178,72.8478,High,31-08-2024
Mumbai,Dadar,Theft,206,110331,Rainy,208,5,7,19.0178,72.8478,High,05-04-2026
Chhatrapati Sambhajinagar,Aurangpura,Robbery,97,51085,Rainy,163,4.45,2,19.8762,75.3433,Medium,29-10-2025
Nashik,Gangapur Road,Fraud,109,197857,Foggy,97,6.06,6,20.011,73.75,Medium,28-11-2024
Mumbai,Powai,Assault,234,149924,Rainy,124,2.96,1,19.1176,72.906,High,02-05-2026
Chhatrapati Sambhajinagar,Osmanpura,Assault,109,142227,Cloudy,108,2.9,5,19.87,75.33,Medium,03-04-2024
Nashik,Gangapur Road,Robbery,243,190608,Sunny,47,4.07,1,20.011,73.75,High,09-01-2026
Pune,Kothrud,Fraud,222,73496,Sunny,50,3.46,3,18.5074,73.8077,High,13-02-2025
Mumbai,Colaba,Burglary,209,40679,Cloudy,63,6.07,11,18.9067,72.8147,High,10-10-2024
Mumbai,Powai,Cyber Crime,210,128755,Sunny,26,10.91,10,19.1176,72.906,High,30-05-2025
Nagpur,Dharampeth,Cyber Crime,90,177918,Cloudy,68,11.83,2,21.129,79.0588,Medium,01-08-2025
Nagpur,Lakadganj,Burglary,183,169696,Foggy,114,11.23,9,21.1505,79.1155,High,03-03-2026
Mumbai,Bandra,Burglary,228,190481,Foggy,174,12.28,8,19.0596,72.8295,High,29-03-2026
Nagpur,Shankar Nagar,Fraud,172,65504,Sunny,219,12.83,8,21.127,79.06,High,12-01-2025
Chhatrapati Sambhajinagar,Osmanpura,Robbery,235,43161,Rainy,155,12.92,8,19.87,75.33,High,12-08-2025
Pune,Baner,Fraud,24,119613,Rainy,61,14.21,1,18.559,73.7868,Low,11-04-2024
Mumbai,Colaba,Robbery,148,110152,Sunny,195,2.51,4,18.9067,72.8147,Medium,10-09-2025
Nagpur,Dharampeth,Burglary,140,168217,Rainy,87,12.49,8,21.129,79.0588,Medium,19-02-2025
Mumbai,Dadar,Robbery,209,46112,Foggy,75,12.52,12,19.0178,72.8478,High,22-12-2025
Chhatrapati Sambhajinagar,Osmanpura,Robbery,193,78665,Foggy,220,7.58,12,19.87,75.33,High,16-03-2025
Nashik,Nashik Road,Burglary,95,69917,Sunny,150,6.22,7,19.9975,73.7898,Medium,15-12-2024
Nashik,Nashik Road,Theft,86,149013,Rainy,163,6.61,5,19.9975,73.7898,Medium,21-02-2026
Nagpur,Dharampeth,Cyber Crime,83,114415,Cloudy,22,12.39,2,21.129,79.0588,Medium,23-04-2024
Chhatrapati Sambhajinagar,Osmanpura,Assault,210,37276,Cloudy,197,14.57,7,19.87,75.33,High,19-04-2024
Nashik,Gangapur Road,Robbery,16,166484,Foggy,130,8.05,4,20.011,73.75,Low,07-09-2025
Nashik,Gangapur Road,Cyber Crime,65,84322,Cloudy,68,10.01,10,20.011,73.75,Low,15-02-2024
Nashik,Gangapur Road,Burglary,151,151019,Rainy,34,7.4,5,20.011,73.75,High,27-03-2024
Chhatrapati Sambhajinagar,Aurangpura,Fraud,177,63184,Sunny,140,6.09,8,19.8762,75.3433,High,21-02-2026
Nashik,CIDCO,Assault,32,164017,Rainy,182,10.64,6,19.9667,73.7667,Low,09-08-2024
Nagpur,Lakadganj,Burglary,57,111235,Cloudy,187,7.37,5,21.1505,79.1155,Low,07-05-2026
Mumbai,Andheri,Cyber Crime,217,143863,Rainy,160,4.18,4,19.1136,72.8697,High,10-06-2024
Mumbai,Powai,Assault,152,115071,Cloudy,174,10.76,7,19.1176,72.906,High,20-11-2025
Pune,Hinjewadi,Fraud,119,32495,Rainy,138,6.98,7,18.5912,73.7389,Medium,13-06-2024
Nashik,CIDCO,Assault,157,50116,Cloudy,82,7.79,12,19.9667,73.7667,High,24-05-2024
Nashik,Gangapur Road,Assault,140,74465,Rainy,99,12.61,2,20.011,73.75,Medium,01-04-2026
Nagpur,Civil Lines,Theft,190,83992,Foggy,68,3.43,1,21.153,79.072,High,19-02-2025
Chhatrapati Sambhajinagar,Osmanpura,Fraud,211,187383,Sunny,211,4.63,2,19.87,75.33,High,24-12-2024
Chhatrapati Sambhajinagar,Osmanpura,Theft,19,48935,Foggy,206,4.74,1,19.87,75.33,Low,06-02-2024
Nagpur,Shankar Nagar,Cyber Crime,17,126118,Foggy,164,3.1,2,21.127,79.06,Low,17-07-2024
Nagpur,Sadar,Cyber Crime,92,100005,Cloudy,201,9.45,8,21.1642,79.0821,Medium,07-06-2026
Chhatrapati Sambhajinagar,Osmanpura,Assault,46,138223,Foggy,63,2.1,8,19.87,75.33,Low,03-08-2024
Mumbai,Andheri,Fraud,112,170897,Rainy,215,6.43,4,19.1136,72.8697,Medium,31-10-2024
Nashik,CIDCO,Robbery,131,166963,Foggy,99,10.49,12,19.9667,73.7667,Medium,15-01-2024
Chhatrapati Sambhajinagar,Aurangpura,Robbery,82,147993,Foggy,65,12.95,11,19.8762,75.3433,Medium,27-10-2025
Nashik,Nashik Road,Assault,145,54816,Rainy,198,7.55,7,19.9975,73.7898,Medium,04-07-2024
Pune,Hinjewadi,Assault,143,196947,Rainy,30,6.99,11,18.5912,73.7389,Medium,06-12-2024
Mumbai,Borivali,Fraud,134,116420,Cloudy,85,4.09,7,19.2307,72.8567,Medium,26-01-2026
Pune,Wakad,Robbery,242,158229,Foggy,27,13.03,7,18.5975,73.7637,High,08-04-2026
Nagpur,Dharampeth,Assault,173,85798,Rainy,71,12.1,10,21.129,79.0588,High,02-03-2026
Mumbai,Borivali,Theft,137,139389,Sunny,57,10.81,10,19.2307,72.8567,Medium,16-03-2026
Nashik,Gangapur Road,Burglary,20,139208,Rainy,14,11.35,10,20.011,73.75,Low,25-04-2024
Pune,Kothrud,Burglary,85,128339,Foggy,101,10.92,3,18.5074,73.8077,Medium,06-02-2024
Chhatrapati Sambhajinagar,CIDCO,Fraud,202,70280,Cloudy,56,3.44,8,19.889,75.32,High,14-07-2024
Chhatrapati Sambhajinagar,CIDCO,Theft,63,50919,Cloudy,179,3.78,6,19.889,75.32,Low,03-06-2026
Nagpur,Lakadganj,Theft,27,154706,Cloudy,138,7.94,4,21.1505,79.1155,Low,18-05-2025
Nashik,Gangapur Road,Theft,140,191896,Rainy,73,12.55,5,20.011,73.75,Medium,12-07-2024
Mumbai,Borivali,Fraud,86,123442,Foggy,11,2.4,11,19.2307,72.8567,Medium,08-04-2024
Pune,Hinjewadi,Fraud,79,68735,Foggy,186,7.36,8,18.5912,73.7389,Medium,20-06-2025
Pune,Shivaji Nagar,Assault,237,161707,Foggy,34,11.98,3,18.5308,73.8475,High,09-01-2024
Mumbai,Borivali,Burglary,50,69816,Foggy,203,13.62,2,19.2307,72.8567,Low,20-03-2025
Pune,Shivaji Nagar,Fraud,190,186615,Cloudy,93,2.5,9,18.5308,73.8475,High,01-01-2026
Mumbai,Dadar,Assault,59,115809,Cloudy,105,2.47,1,19.0178,72.8478,Low,03-06-2026
Nashik,Gangapur Road,Cyber Crime,64,70005,Foggy,6,4.72,8,20.011,73.75,Low,24-03-2025
Nagpur,Civil Lines,Burglary,202,132624,Cloudy,134,14.74,9,21.153,79.072,High,27-09-2025
Chhatrapati Sambhajinagar,CIDCO,Cyber Crime,175,70258,Foggy,68,11.04,1,19.889,75.32,High,12-12-2024
Pune,Hadapsar,Theft,231,91074,Foggy,32,9.23,5,18.5089,73.9259,High,22-10-2024
Nagpur,Lakadganj,Cyber Crime,241,118512,Sunny,28,7.83,2,21.1505,79.1155,High,08-01-2024
Mumbai,Andheri,Cyber Crime,159,160729,Sunny,57,8.03,10,19.1136,72.8697,High,30-03-2026
Chhatrapati Sambhajinagar,Aurangpura,Theft,91,109568,Foggy,110,13.33,7,19.8762,75.3433,Medium,11-05-2024
Pune,Wakad,Burglary,78,79709,Rainy,127,9.42,4,18.5975,73.7637,Medium,14-07-2024
Pune,Baner,Theft,21,125968,Foggy,53,13.15,2,18.559,73.7868,Low,06-02-2025
Nashik,CIDCO,Cyber Crime,107,157433,Rainy,87,11.36,6,19.9667,73.7667,Medium,24-03-2026
Chhatrapati Sambhajinagar,CIDCO,Cyber Crime,42,97089,Foggy,187,2.8,4,19.889,75.32,Low,25-11-2024
Chhatrapati Sambhajinagar,Osmanpura,Robbery,187,146739,Foggy,192,14.65,6,19.87,75.33,High,16-09-2024
Mumbai,Andheri,Cyber Crime,218,183608,Sunny,185,6.17,1,19.1136,72.8697,High,18-12-2024
Mumbai,Dadar,Theft,157,158925,Cloudy,74,13.76,2,19.0178,72.8478,High,19-06-2025
Nashik,CIDCO,Cyber Crime,48,134457,Foggy,27,7.97,11,19.9667,73.7667,Low,29-04-2025
Mumbai,Andheri,Fraud,137,145673,Foggy,78,13.68,3,19.1136,72.8697,Medium,24-08-2025
Pune,Hadapsar,Cyber Crime,73,37504,Cloudy,215,9.57,10,18.5089,73.9259,Low,23-02-2026
Nagpur,Shankar Nagar,Assault,152,127390,Rainy,115,9.8,6,21.127,79.06,High,20-08-2025
Nashik,CIDCO,Theft,70,194315,Sunny,174,9.65,10,19.9667,73.7667,Low,04-01-2024
Pune,Kothrud,Cyber Crime,224,43111,Sunny,165,3.01,2,18.5074,73.8077,High,03-11-2025
Nashik,Gangapur Road,Robbery,146,65388,Sunny,132,2.12,9,20.011,73.75,Medium,20-04-2024
Nagpur,Shankar Nagar,Robbery,58,125139,Cloudy,94,10.99,8,21.127,79.06,Low,24-08-2024
Nashik,CIDCO,Cyber Crime,86,85656,Sunny,145,10.1,9,19.9667,73.7667,Medium,30-12-2024
Pune,Wakad,Robbery,119,73824,Sunny,155,14.54,11,18.5975,73.7637,Medium,05-04-2026
Chhatrapati Sambhajinagar,CIDCO,Fraud,134,76757,Sunny,106,7.13,2,19.889,75.32,Medium,05-02-2024
Pune,Hinjewadi,Assault,109,78997,Foggy,151,7.26,1,18.5912,73.7389,Medium,14-06-2025
Pune,Hinjewadi,Robbery,133,98425,Sunny,63,9.51,1,18.5912,73.7389,Medium,22-08-2024
Chhatrapati Sambhajinagar,CIDCO,Fraud,168,178453,Rainy,29,12.55,5,19.889,75.32,High,11-08-2024
Pune,Hinjewadi,Fraud,75,72036,Cloudy,99,3.98,6,18.5912,73.7389,Low,30-05-2025
Pune,Hadapsar,Burglary,135,38312,Sunny,99,14.43,10,18.5089,73.9259,Medium,13-06-2024
Pune,Kothrud,Cyber Crime,28,103517,Foggy,172,14.72,4,18.5074,73.8077,Low,28-06-2025
Chhatrapati Sambhajinagar,Aurangpura,Theft,207,62536,Cloudy,19,2.25,5,19.8762,75.3433,High,01-08-2024
Nagpur,Jaripatka,Assault,209,163173,Foggy,36,8.03,5,21.1801,79.0955,High,07-02-2026
Pune,Hinjewadi,Cyber Crime,92,85489,Foggy,56,9.52,10,18.5912,73.7389,Medium,28-03-2025
Pune,Baner,Burglary,69,74836,Foggy,196,9.03,7,18.559,73.7868,Low,15-02-2025
Chhatrapati Sambhajinagar,CIDCO,Burglary,74,162208,Foggy,99,2.16,8,19.889,75.32,Low,28-04-2026
Nashik,Nashik Road,Assault,62,90977,Foggy,108,5.38,8,19.9975,73.7898,Low,31-10-2025
Nagpur,Lakadganj,Burglary,108,129503,Rainy,146,7.28,7,21.1505,79.1155,Medium,06-11-2025
Nashik,Nashik Road,Robbery,46,85876,Rainy,128,6.55,4,19.9975,73.7898,Low,08-02-2025
Nagpur,Shankar Nagar,Theft,27,44410,Rainy,192,12.82,10,21.127,79.06,Low,07-11-2025
Mumbai,Colaba,Burglary,135,51158,Cloudy,181,2.92,3,18.9067,72.8147,Medium,10-12-2025
Pune,Shivaji Nagar,Assault,184,50479,Rainy,104,11.22,8,18.5308,73.8475,High,11-10-2024
Nashik,Nashik Road,Assault,113,116307,Rainy,144,3.49,3,19.9975,73.7898,Medium,21-04-2025
Nashik,Nashik Road,Theft,181,116627,Rainy,29,12.74,7,19.9975,73.7898,High,20-09-2025
Nashik,Gangapur Road,Theft,204,157032,Sunny,168,11.91,7,20.011,73.75,High,12-04-2026
Chhatrapati Sambhajinagar,Osmanpura,Fraud,207,144203,Foggy,174,9.69,9,19.87,75.33,High,12-01-2024
Mumbai,Colaba,Cyber Crime,64,176031,Cloudy,64,12.94,4,18.9067,72.8147,Low,26-07-2025
Mumbai,Colaba,Burglary,86,97757,Sunny,125,7.02,6,18.9067,72.8147,Medium,13-05-2026
Nashik,Gangapur Road,Theft,160,67825,Sunny,134,9.18,10,20.011,73.75,High,08-08-2024
Chhatrapati Sambhajinagar,Osmanpura,Assault,103,114200,Foggy,19,10.1,10,19.87,75.33,Medium,11-03-2026
Pune,Hinjewadi,Fraud,72,183338,Rainy,107,8.97,7,18.5912,73.7389,Low,06-04-2025
Mumbai,Colaba,Burglary,26,159733,Sunny,113,13.25,12,18.9067,72.8147,Low,06-08-2024
Chhatrapati Sambhajinagar,Osmanpura,Robbery,19,35784,Rainy,21,5.36,7,19.87,75.33,Low,19-05-2025
Mumbai,Andheri,Fraud,124,176742,Foggy,172,5.2,5,19.1136,72.8697,Medium,19-12-2025
Nashik,CIDCO,Burglary,114,57969,Rainy,211,12.01,4,19.9667,73.7667,Medium,24-08-2025
Chhatrapati Sambhajinagar,Osmanpura,Burglary,247,179695,Foggy,66,9.75,3,19.87,75.33,High,06-11-2024
Mumbai,Powai,Assault,93,106847,Sunny,88,2.06,3,19.1176,72.906,Medium,07-03-2024
Mumbai,Bandra,Cyber Crime,206,72219,Sunny,15,9.25,12,19.0596,72.8295,High,16-08-2025
Nashik,Gangapur Road,Burglary,133,131852,Cloudy,163,4.4,7,20.011,73.75,Medium,27-09-2024
Mumbai,Dadar,Assault,109,154626,Cloudy,74,11.08,5,19.0178,72.8478,Medium,18-11-2025
Chhatrapati Sambhajinagar,CIDCO,Theft,154,138167,Cloudy,62,6.1,3,19.889,75.32,High,04-07-2024
Pune,Kothrud,Theft,145,63598,Foggy,149,10.57,10,18.5074,73.8077,Medium,21-11-2025
Mumbai,Colaba,Theft,159,82398,Rainy,31,9.8,10,18.9067,72.8147,High,04-02-2024
Mumbai,Dadar,Burglary,149,103540,Foggy,93,4.13,8,19.0178,72.8478,Medium,19-05-2026
Pune,Kothrud,Cyber Crime,106,52930,Sunny,200,6.94,12,18.5074,73.8077,Medium,22-01-2024
Mumbai,Powai,Assault,102,64435,Cloudy,150,12.97,12,19.1176,72.906,Medium,03-04-2024
Nashik,Gangapur Road,Robbery,233,150537,Rainy,38,9.8,7,20.011,73.75,High,07-01-2025
Mumbai,Borivali,Robbery,118,161095,Cloudy,108,7.75,10,19.2307,72.8567,Medium,13-01-2025
Nagpur,Civil Lines,Robbery,124,87056,Rainy,150,14.04,2,21.153,79.072,Medium,13-11-2025
Nashik,Nashik Road,Assault,153,63687,Sunny,211,8.33,3,19.9975,73.7898,High,13-05-2026
Pune,Kothrud,Theft,215,136615,Sunny,172,11.2,11,18.5074,73.8077,High,17-11-2025
Mumbai,Bandra,Cyber Crime,174,52222,Rainy,42,13.64,12,19.0596,72.8295,High,20-08-2025
Pune,Wakad,Cyber Crime,124,50686,Rainy,58,11.19,2,18.5975,73.7637,Medium,02-03-2025
Chhatrapati Sambhajinagar,CIDCO,Burglary,200,138341,Rainy,152,4.43,10,19.889,75.32,High,22-12-2024
Nashik,Nashik Road,Robbery,217,99524,Foggy,95,14.4,4,19.9975,73.7898,High,09-02-2026
Nashik,CIDCO,Cyber Crime,60,168497,Rainy,150,6.68,10,19.9667,73.7667,Low,13-05-2025
Mumbai,Dadar,Theft,135,191240,Sunny,205,7.87,2,19.0178,72.8478,Medium,02-03-2024
Chhatrapati Sambhajinagar,Osmanpura,Robbery,202,43336,Cloudy,172,2.99,11,19.87,75.33,High,03-04-2025
Nagpur,Lakadganj,Fraud,19,88706,Rainy,40,9.81,6,21.1505,79.1155,Low,12-08-2024
Nagpur,Dharampeth,Burglary,160,32424,Sunny,193,10.89,10,21.129,79.0588,High,12-03-2024
Nagpur,Sadar,Fraud,22,164636,Foggy,55,3.72,4,21.1642,79.0821,Low,30-10-2024
Chhatrapati Sambhajinagar,CIDCO,Cyber Crime,73,184931,Cloudy,30,5.91,2,19.889,75.32,Low,29-04-2026
Pune,Wakad,Robbery,62,190441,Cloudy,135,11.48,2,18.5975,73.7637,Low,07-11-2024
Mumbai,Andheri,Robbery,60,108351,Foggy,10,6.19,8,19.1136,72.8697,Low,10-05-2024
Chhatrapati Sambhajinagar,Aurangpura,Fraud,198,37901,Rainy,132,6.08,2,19.8762,75.3433,High,16-11-2024
Chhatrapati Sambhajinagar,Aurangpura,Fraud,221,177576,Cloudy,192,6,4,19.8762,75.3433,High,31-12-2024
Nashik,Gangapur Road,Assault,249,108151,Cloudy,172,14.72,7,20.011,73.75,High,01-08-2024
Nagpur,Sadar,Burglary,35,63145,Rainy,72,12.2,11,21.1642,79.0821,Low,10-04-2025
Mumbai,Bandra,Assault,78,167950,Rainy,51,14.85,7,19.0596,72.8295,Medium,30-04-2025
Pune,Hadapsar,Theft,70,89349,Cloudy,5,9.86,9,18.5089,73.9259,Low,01-05-2026
Pune,Kothrud,Theft,43,38104,Cloudy,191,8.26,7,18.5074,73.8077,Low,26-03-2025
Pune,Shivaji Nagar,Theft,149,109064,Foggy,84,13.81,1,18.5308,73.8475,Medium,19-03-2026
Nashik,Nashik Road,Cyber Crime,107,185689,Cloudy,7,2.79,1,19.9975,73.7898,Medium,26-03-2026
Chhatrapati Sambhajinagar,Osmanpura,Burglary,231,163481,Cloudy,98,13.61,2,19.87,75.33,High,06-11-2024
Nashik,Gangapur Road,Burglary,61,152269,Rainy,212,4.67,11,20.011,73.75,Low,03-05-2025
Mumbai,Borivali,Cyber Crime,36,68892,Rainy,48,4.12,2,19.2307,72.8567,Low,29-10-2024
Nashik,Gangapur Road,Assault,137,46676,Foggy,154,2.35,4,20.011,73.75,Medium,28-01-2024
Chhatrapati Sambhajinagar,CIDCO,Robbery,63,177761,Cloudy,88,12.86,6,19.889,75.32,Low,26-08-2025
Nashik,Gangapur Road,Cyber Crime,53,60095,Foggy,220,14.2,12,20.011,73.75,Low,09-11-2025
Chhatrapati Sambhajinagar,Osmanpura,Assault,189,190664,Sunny,102,6.79,5,19.87,75.33,High,17-01-2025
Nagpur,Lakadganj,Cyber Crime,176,63971,Cloudy,175,5.56,4,21.1505,79.1155,High,10-03-2024
Nashik,Nashik Road,Burglary,47,175089,Foggy,220,14.25,9,19.9975,73.7898,Low,13-08-2024
Pune,Baner,Burglary,18,119549,Cloudy,87,2.26,10,18.559,73.7868,Low,14-09-2025
Pune,Baner,Robbery,50,199956,Cloudy,71,2.65,11,18.559,73.7868,Low,19-07-2025
Nashik,Gangapur Road,Fraud,116,27200,Foggy,82,13.5,4,20.011,73.75,Medium,05-12-2024
Pune,Baner,Cyber Crime,217,43205,Sunny,204,3.47,2,18.559,73.7868,High,04-12-2025
Chhatrapati Sambhajinagar,Aurangpura,Burglary,169,180856,Foggy,198,14.42,9,19.8762,75.3433,High,15-10-2024
Pune,Kothrud,Burglary,192,125732,Rainy,150,14.38,4,18.5074,73.8077,High,18-01-2024
Pune,Baner,Theft,105,47414,Cloudy,70,4.41,4,18.559,73.7868,Medium,11-10-2025
Mumbai,Borivali,Cyber Crime,200,84769,Cloudy,155,9.16,9,19.2307,72.8567,High,15-02-2026
Nagpur,Shankar Nagar,Theft,125,123273,Cloudy,178,11.05,6,21.127,79.06,Medium,08-09-2024
Pune,Kothrud,Fraud,108,187198,Cloudy,151,7.9,12,18.5074,73.8077,Medium,06-01-2025
Chhatrapati Sambhajinagar,Osmanpura,Theft,159,66677,Sunny,67,8.57,8,19.87,75.33,High,18-12-2025
Mumbai,Borivali,Robbery,62,101495,Sunny,13,9.87,2,19.2307,72.8567,Low,24-08-2025
Nashik,Gangapur Road,Assault,213,185012,Sunny,136,6.15,3,20.011,73.75,High,08-05-2024
Nashik,Gangapur Road,Assault,238,57929,Cloudy,135,8.17,8,20.011,73.75,High,19-08-2024
Nagpur,Sitabuldi,Cyber Crime,92,135220,Sunny,175,13.63,4,21.1458,79.0882,Medium,06-07-2025
Chhatrapati Sambhajinagar,Aurangpura,Theft,244,26921,Foggy,139,11.09,4,19.8762,75.3433,High,13-07-2025
Pune,Hinjewadi,Cyber Crime,242,25770,Rainy,166,11.99,2,18.5912,73.7389,High,12-01-2026
Chhatrapati Sambhajinagar,Osmanpura,Cyber Crime,78,95428,Cloudy,103,2.33,6,19.87,75.33,Medium,09-09-2024
Nashik,CIDCO,Assault,10,179091,Rainy,40,5.21,4,19.9667,73.7667,Low,15-09-2024
Pune,Hinjewadi,Fraud,189,76910,Sunny,111,8.18,6,18.5912,73.7389,High,10-03-2026
Pune,Hinjewadi,Burglary,115,74029,Cloudy,218,14.85,1,18.5912,73.7389,Medium,23-08-2025
Nagpur,Sadar,Cyber Crime,44,181576,Foggy,110,9.07,10,21.1642,79.0821,Low,28-08-2024
Nagpur,Civil Lines,Burglary,133,198798,Cloudy,134,13.77,9,21.153,79.072,Medium,23-02-2024
Chhatrapati Sambhajinagar,Aurangpura,Theft,153,84355,Cloudy,126,6.52,6,19.8762,75.3433,High,09-10-2025
Nagpur,Sitabuldi,Burglary,240,61009,Foggy,40,14.98,11,21.1458,79.0882,High,19-05-2024
Mumbai,Andheri,Cyber Crime,155,73691,Rainy,37,8.26,6,19.1136,72.8697,High,09-12-2024
Nashik,Gangapur Road,Assault,218,48417,Rainy,159,10.59,5,20.011,73.75,High,12-07-2024
Nashik,Gangapur Road,Burglary,13,65415,Sunny,22,3.2,1,20.011,73.75,Low,28-05-2025
Mumbai,Powai,Cyber Crime,195,82663,Cloudy,68,3.46,4,19.1176,72.906,High,09-01-2026
Mumbai,Borivali,Robbery,130,69239,Foggy,207,10.04,6,19.2307,72.8567,Medium,06-02-2026
Nashik,Nashik Road,Theft,214,151085,Foggy,16,4.24,3,19.9975,73.7898,High,04-01-2026
Nashik,Nashik Road,Burglary,190,26422,Sunny,204,12.9,1,19.9975,73.7898,High,25-07-2024
Mumbai,Dadar,Robbery,178,122027,Foggy,200,12.49,12,19.0178,72.8478,High,09-07-2025
Mumbai,Powai,Burglary,192,90537,Cloudy,119,6.54,9,19.1176,72.906,High,22-03-2026
Mumbai,Bandra,Theft,57,133186,Cloudy,212,9.96,2,19.0596,72.8295,Low,26-01-2024
Mumbai,Andheri,Theft,188,43659,Cloudy,13,6.32,4,19.1136,72.8697,High,08-06-2026
Pune,Hinjewadi,Robbery,150,188737,Rainy,214,6.71,9,18.5912,73.7389,Medium,16-12-2024
Nashik,CIDCO,Burglary,197,197831,Cloudy,212,5.7,8,19.9667,73.7667,High,29-10-2024
Chhatrapati Sambhajinagar,CIDCO,Robbery,111,63249,Cloudy,189,14.5,3,19.889,75.32,Medium,15-02-2025
Chhatrapati Sambhajinagar,CIDCO,Burglary,29,86396,Rainy,21,5.27,1,19.889,75.32,Low,25-02-2024
Chhatrapati Sambhajinagar,Aurangpura,Fraud,44,148235,Foggy,109,14.54,11,19.8762,75.3433,Low,28-11-2025
Nashik,Nashik Road,Assault,47,73066,Sunny,92,5.3,8,19.9975,73.7898,Low,25-06-2024
Chhatrapati Sambhajinagar,CIDCO,Assault,199,65199,Sunny,98,14.21,2,19.889,75.32,High,31-01-2025
Pune,Kothrud,Assault,22,55781,Rainy,159,10.76,10,18.5074,73.8077,Low,08-06-2025
Pune,Baner,Robbery,12,120771,Cloudy,214,7.38,4,18.559,73.7868,Low,16-06-2026
Nashik,Gangapur Road,Burglary,199,78338,Rainy,101,14.67,12,20.011,73.75,High,03-11-2024
Pune,Kothrud,Theft,168,121665,Cloudy,27,14.26,3,18.5074,73.8077,High,01-03-2024
Nashik,CIDCO,Burglary,179,175132,Rainy,219,14.04,4,19.9667,73.7667,High,30-03-2025
Nagpur,Civil Lines,Fraud,59,119076,Cloudy,137,10.79,10,21.153,79.072,Low,04-05-2025
Chhatrapati Sambhajinagar,Aurangpura,Burglary,183,139553,Rainy,155,11.13,10,19.8762,75.3433,High,28-05-2025
Pune,Wakad,Burglary,136,124789,Rainy,212,7.22,8,18.5975,73.7637,Medium,30-10-2025
Nashik,Gangapur Road,Fraud,16,74168,Foggy,137,14.53,5,20.011,73.75,Low,23-10-2024
Chhatrapati Sambhajinagar,CIDCO,Cyber Crime,207,111536,Rainy,77,2.94,7,19.889,75.32,High,11-06-2025
Pune,Shivaji Nagar,Fraud,235,115010,Rainy,152,10.02,1,18.5308,73.8475,High,09-11-2025
Pune,Baner,Burglary,145,33168,Sunny,181,11.76,9,18.559,73.7868,Medium,07-02-2025
Nagpur,Shankar Nagar,Assault,156,36663,Cloudy,57,12.86,4,21.127,79.06,High,14-02-2026
Pune,Kothrud,Robbery,122,47863,Foggy,100,12.44,10,18.5074,73.8077,Medium,11-05-2025
Nagpur,Sitabuldi,Assault,134,127680,Rainy,119,5.24,2,21.1458,79.0882,Medium,17-06-2024
Chhatrapati Sambhajinagar,Aurangpura,Cyber Crime,63,102540,Sunny,14,3.33,4,19.8762,75.3433,Low,04-10-2025
Nagpur,Shankar Nagar,Cyber Crime,68,189289,Cloudy,90,11.52,9,21.127,79.06,Low,15-04-2026
Mumbai,Powai,Theft,25,194848,Rainy,208,13.41,11,19.1176,72.906,Low,07-05-2026
Nagpur,Lakadganj,Cyber Crime,100,97253,Rainy,90,14.64,1,21.1505,79.1155,Medium,23-08-2025
Nashik,CIDCO,Robbery,159,122794,Rainy,217,6.22,1,19.9667,73.7667,High,03-02-2026
Pune,Wakad,Theft,181,116894,Cloudy,7,12.36,10,18.5975,73.7637,High,08-11-2024
Pune,Wakad,Fraud,184,99045,Sunny,63,3.19,1,18.5975,73.7637,High,16-10-2025
Nagpur,Lakadganj,Assault,169,49100,Rainy,7,8.17,8,21.1505,79.1155,High,11-03-2024
Mumbai,Andheri,Cyber Crime,201,132667,Rainy,184,3.3,11,19.1136,72.8697,High,04-01-2026
Mumbai,Borivali,Assault,223,120458,Cloudy,177,13.36,7,19.2307,72.8567,High,28-01-2026
Mumbai,Bandra,Cyber Crime,235,47742,Cloudy,38,11.29,10,19.0596,72.8295,High,10-01-2024
Nashik,CIDCO,Assault,54,155651,Sunny,169,13.45,10,19.9667,73.7667,Low,05-11-2025
Nashik,Nashik Road,Robbery,199,196820,Sunny,12,3.57,12,19.9975,73.7898,High,29-04-2026
Mumbai,Bandra,Fraud,182,193545,Cloudy,153,10.43,2,19.0596,72.8295,High,17-10-2025
Nashik,Nashik Road,Burglary,30,31414,Sunny,189,5.29,4,19.9975,73.7898,Low,29-01-2024
Pune,Shivaji Nagar,Burglary,177,153881,Foggy,89,11.14,10,18.5308,73.8475,High,15-04-2026
Chhatrapati Sambhajinagar,CIDCO,Assault,30,72364,Sunny,157,8.37,4,19.889,75.32,Low,01-09-2024
Mumbai,Powai,Theft,184,153032,Foggy,104,5.48,12,19.1176,72.906,High,03-01-2024
Nashik,CIDCO,Cyber Crime,203,163038,Foggy,121,12.56,2,19.9667,73.7667,High,14-01-2024
Mumbai,Borivali,Assault,63,194633,Cloudy,12,6.21,7,19.2307,72.8567,Low,01-12-2025
Mumbai,Borivali,Burglary,148,68480,Rainy,17,3.11,3,19.2307,72.8567,Medium,15-07-2025
Nashik,CIDCO,Burglary,147,77861,Rainy,93,4.29,8,19.9667,73.7667,Medium,25-07-2024
Mumbai,Colaba,Cyber Crime,59,131448,Cloudy,89,11.79,12,18.9067,72.8147,Low,10-03-2024
Pune,Hadapsar,Theft,39,56512,Foggy,206,11.61,7,18.5089,73.9259,Low,07-08-2025
Nashik,CIDCO,Robbery,143,45224,Cloudy,11,8.7,5,19.9667,73.7667,Medium,18-12-2024
Nashik,Nashik Road,Assault,99,81170,Foggy,196,4.78,6,19.9975,73.7898,Medium,04-03-2025
Chhatrapati Sambhajinagar,CIDCO,Robbery,101,186072,Rainy,204,9.75,6,19.889,75.32,Medium,16-09-2024
Nagpur,Civil Lines,Cyber Crime,171,158180,Sunny,153,3.92,10,21.153,79.072,High,02-02-2025
Mumbai,Borivali,Assault,115,60065,Rainy,131,5.49,6,19.2307,72.8567,Medium,04-05-2024
Nagpur,Lakadganj,Fraud,206,68014,Sunny,38,11.48,3,21.1505,79.1155,High,13-12-2024
Pune,Kothrud,Robbery,234,181882,Rainy,143,5.02,4,18.5074,73.8077,High,02-02-2026
Mumbai,Andheri,Robbery,76,40158,Foggy,40,13.07,7,19.1136,72.8697,Medium,02-09-2025
Nagpur,Civil Lines,Assault,106,51047,Rainy,180,11.92,12,21.153,79.072,Medium,12-04-2025
Mumbai,Andheri,Fraud,113,164870,Foggy,34,7.55,6,19.1136,72.8697,Medium,16-01-2025
Mumbai,Colaba,Robbery,224,37806,Sunny,23,5.29,8,18.9067,72.8147,High,21-05-2024
Chhatrapati Sambhajinagar,Aurangpura,Theft,88,95342,Foggy,131,10.52,11,19.8762,75.3433,Medium,05-05-2026
Nashik,CIDCO,Robbery,197,173269,Rainy,166,11.71,8,19.9667,73.7667,High,13-01-2026
Nashik,Nashik Road,Theft,158,130827,Sunny,118,13.53,9,19.9975,73.7898,High,01-07-2024
Nashik,Gangapur Road,Fraud,91,92153,Sunny,207,13.93,4,20.011,73.75,Medium,24-10-2025
Nagpur,Sitabuldi,Theft,30,110853,Cloudy,51,13.1,1,21.1458,79.0882,Low,12-09-2025
Pune,Baner,Cyber Crime,173,128193,Foggy,15,2.34,3,18.559,73.7868,High,29-06-2024
Pune,Baner,Burglary,187,67712,Cloudy,132,5.11,3,18.559,73.7868,High,25-08-2025
Mumbai,Andheri,Theft,135,47992,Sunny,80,12.05,9,19.1136,72.8697,Medium,04-01-2026
Pune,Wakad,Assault,80,188761,Cloudy,42,14.12,12,18.5975,73.7637,Medium,20-12-2025
Pune,Hadapsar,Assault,49,62657,Rainy,90,10.12,3,18.5089,73.9259,Low,31-12-2024
Mumbai,Borivali,Assault,210,90314,Cloudy,173,6.92,6,19.2307,72.8567,High,12-06-2026
Nashik,Gangapur Road,Robbery,205,149573,Sunny,163,3.95,4,20.011,73.75,High,21-07-2024
Mumbai,Andheri,Cyber Crime,118,189503,Rainy,210,6.62,3,19.1136,72.8697,Medium,09-11-2024
Pune,Hinjewadi,Burglary,233,173388,Sunny,77,12.65,4,18.5912,73.7389,High,28-04-2025
Nagpur,Dharampeth,Burglary,151,130577,Sunny,208,8.32,10,21.129,79.0588,High,06-04-2024
Nagpur,Sadar,Burglary,230,146126,Sunny,44,13.3,6,21.1642,79.0821,High,03-07-2025
Nashik,CIDCO,Robbery,34,117558,Sunny,103,7.45,3,19.9667,73.7667,Low,04-04-2025
Nashik,Gangapur Road,Cyber Crime,79,30539,Foggy,127,12.75,11,20.011,73.75,Medium,07-11-2025
Nashik,CIDCO,Theft,177,90677,Cloudy,188,6.45,8,19.9667,73.7667,High,28-06-2024
Chhatrapati Sambhajinagar,Osmanpura,Burglary,103,55324,Sunny,137,4.77,7,19.87,75.33,Medium,28-07-2025
Nagpur,Shankar Nagar,Theft,126,143066,Rainy,51,12.99,6,21.127,79.06,Medium,14-05-2026
Pune,Hinjewadi,Robbery,117,99864,Foggy,91,5.4,12,18.5912,73.7389,Medium,25-05-2025
Mumbai,Andheri,Robbery,41,143500,Rainy,201,11.05,1,19.1136,72.8697,Low,12-06-2025
Nagpur,Sitabuldi,Burglary,207,75091,Cloudy,128,9.85,9,21.1458,79.0882,High,06-10-2024
Pune,Shivaji Nagar,Robbery,200,190521,Rainy,124,10.64,4,18.5308,73.8475,High,08-09-2024
Nashik,CIDCO,Assault,179,63791,Cloudy,157,2.51,9,19.9667,73.7667,High,15-12-2024
Nashik,Gangapur Road,Burglary,98,136090,Foggy,173,10.66,9,20.011,73.75,Medium,14-02-2024
Nagpur,Dharampeth,Burglary,133,172040,Rainy,167,2.52,10,21.129,79.0588,Medium,27-02-2024
Nashik,Nashik Road,Robbery,21,37696,Rainy,201,8.73,7,19.9975,73.7898,Low,17-05-2026
Pune,Hadapsar,Theft,34,95962,Rainy,209,14.31,6,18.5089,73.9259,Low,17-12-2025
Chhatrapati Sambhajinagar,Aurangpura,Cyber Crime,131,29358,Cloudy,20,13.44,4,19.8762,75.3433,Medium,25-01-2024
Pune,Kothrud,Assault,94,96829,Foggy,151,11.16,1,18.5074,73.8077,Medium,22-11-2024
Chhatrapati Sambhajinagar,Aurangpura,Fraud,178,31008,Foggy,51,2.3,1,19.8762,75.3433,High,21-11-2025
Pune,Kothrud,Robbery,150,78669,Rainy,78,13.92,1,18.5074,73.8077,Medium,25-02-2024
Chhatrapati Sambhajinagar,Aurangpura,Burglary,231,124608,Cloudy,21,13.02,8,19.8762,75.3433,High,27-07-2025
Nagpur,Jaripatka,Fraud,91,124609,Sunny,46,2.89,8,21.1801,79.0955,Medium,28-02-2026
Nashik,CIDCO,Burglary,156,130270,Rainy,218,2.08,7,19.9667,73.7667,High,31-12-2025
Mumbai,Bandra,Cyber Crime,26,37029,Cloudy,47,12.65,11,19.0596,72.8295,Low,20-02-2025
Nashik,Nashik Road,Fraud,238,91238,Foggy,159,3.24,8,19.9975,73.7898,High,18-02-2025
Nashik,CIDCO,Assault,88,198038,Cloudy,162,4.67,3,19.9667,73.7667,Medium,07-08-2025
Mumbai,Bandra,Cyber Crime,249,135829,Foggy,186,2.54,9,19.0596,72.8295,High,01-03-2025
Chhatrapati Sambhajinagar,CIDCO,Burglary,14,171147,Cloudy,121,10.69,7,19.889,75.32,Low,04-11-2025
Nagpur,Sitabuldi,Robbery,232,181152,Rainy,179,9.19,4,21.1458,79.0882,High,10-01-2025
Mumbai,Colaba,Burglary,204,173984,Foggy,8,2.12,6,18.9067,72.8147,High,10-10-2025
Chhatrapati Sambhajinagar,Aurangpura,Theft,93,96267,Cloudy,87,9.27,5,19.8762,75.3433,Medium,23-11-2025
Nagpur,Jaripatka,Fraud,161,99638,Cloudy,189,6.79,6,21.1801,79.0955,High,31-03-2026
Nagpur,Sadar,Fraud,140,160468,Sunny,81,7.86,8,21.1642,79.0821,Medium,18-02-2024
Nashik,Nashik Road,Theft,175,165196,Foggy,60,10.98,5,19.9975,73.7898,High,28-05-2026
Nagpur,Jaripatka,Burglary,228,127975,Cloudy,87,8.73,4,21.1801,79.0955,High,23-05-2026
Nashik,Nashik Road,Burglary,135,170742,Foggy,108,14.76,6,19.9975,73.7898,Medium,07-11-2024
Chhatrapati Sambhajinagar,CIDCO,Burglary,208,59832,Sunny,121,8.12,7,19.889,75.32,High,18-11-2024
Pune,Baner,Cyber Crime,156,125102,Foggy,40,11.71,6,18.559,73.7868,High,01-04-2025
Nagpur,Dharampeth,Cyber Crime,30,63631,Cloudy,200,5.39,4,21.129,79.0588,Low,06-02-2024
Nashik,CIDCO,Theft,172,108172,Sunny,20,2.24,7,19.9667,73.7667,High,20-09-2024
Chhatrapati Sambhajinagar,CIDCO,Theft,155,54186,Foggy,78,8.53,11,19.889,75.32,High,09-09-2025
Nagpur,Jaripatka,Cyber Crime,171,133639,Foggy,26,14.42,3,21.1801,79.0955,High,03-04-2025
Pune,Hinjewadi,Theft,195,116035,Foggy,9,2.13,9,18.5912,73.7389,High,04-05-2024
Chhatrapati Sambhajinagar,Osmanpura,Assault,55,165182,Foggy,158,3.85,12,19.87,75.33,Low,18-02-2026
Pune,Shivaji Nagar,Fraud,231,179719,Cloudy,188,12.75,4,18.5308,73.8475,High,11-06-2025
Mumbai,Colaba,Theft,192,80378,Foggy,68,14.32,2,18.9067,72.8147,High,26-08-2025
Nashik,Gangapur Road,Burglary,59,45976,Sunny,89,11.87,8,20.011,73.75,Low,12-07-2025
Pune,Kothrud,Fraud,58,155515,Foggy,195,11.04,2,18.5074,73.8077,Low,26-11-2025
Chhatrapati Sambhajinagar,CIDCO,Burglary,240,166212,Rainy,195,3.18,10,19.889,75.32,High,04-02-2026
Mumbai,Andheri,Robbery,234,182766,Sunny,50,3.62,5,19.1136,72.8697,High,18-05-2024
Pune,Shivaji Nagar,Cyber Crime,74,183276,Foggy,62,11.71,5,18.5308,73.8475,Low,22-12-2024
Nashik,Nashik Road,Theft,104,46029,Rainy,22,11.69,10,19.9975,73.7898,Medium,13-05-2026
Nagpur,Sadar,Robbery,54,151737,Foggy,120,4.5,1,21.1642,79.0821,Low,21-02-2026
Nashik,Nashik Road,Assault,209,191474,Foggy,97,6.97,4,19.9975,73.7898,High,02-12-2024
Nagpur,Lakadganj,Theft,79,29293,Foggy,23,5.45,2,21.1505,79.1155,Medium,23-02-2025
Pune,Hadapsar,Theft,108,40274,Sunny,146,2.16,12,18.5089,73.9259,Medium,25-09-2024
Mumbai,Powai,Cyber Crime,224,69681,Sunny,184,10.49,7,19.1176,72.906,High,31-03-2024
Nashik,Nashik Road,Robbery,76,138183,Rainy,153,10.44,10,19.9975,73.7898,Medium,13-11-2024
Mumbai,Andheri,Cyber Crime,67,54656,Cloudy,52,3.34,4,19.1136,72.8697,Low,04-01-2025
Mumbai,Dadar,Robbery,93,105626,Sunny,161,12.81,9,19.0178,72.8478,Medium,22-05-2024
Nagpur,Shankar Nagar,Assault,208,54719,Cloudy,6,4.48,11,21.127,79.06,High,15-10-2024
Chhatrapati Sambhajinagar,Aurangpura,Theft,220,186556,Cloudy,156,11.76,9,19.8762,75.3433,High,14-02-2026
Nagpur,Civil Lines,Theft,165,49561,Sunny,122,12.06,1,21.153,79.072,High,23-02-2025
Mumbai,Powai,Robbery,127,154110,Rainy,128,5.8,6,19.1176,72.906,Medium,31-12-2024
Nagpur,Jaripatka,Assault,211,86320,Rainy,77,13.15,9,21.1801,79.0955,High,14-07-2025
Pune,Baner,Theft,174,191649,Rainy,6,6.38,11,18.559,73.7868,High,28-10-2025
Mumbai,Bandra,Theft,63,127740,Rainy,35,13.11,11,19.0596,72.8295,Low,11-04-2026
Nashik,Gangapur Road,Burglary,88,104164,Sunny,136,14.1,3,20.011,73.75,Medium,08-03-2026
Mumbai,Andheri,Theft,229,44860,Foggy,95,5.98,2,19.1136,72.8697,High,02-02-2026
Nashik,Gangapur Road,Cyber Crime,104,56401,Sunny,156,9.73,10,20.011,73.75,Medium,07-11-2024
Chhatrapati Sambhajinagar,Aurangpura,Burglary,104,154923,Sunny,116,3.19,11,19.8762,75.3433,Medium,18-01-2026
Pune,Hadapsar,Burglary,118,129879,Cloudy,155,14.43,7,18.5089,73.9259,Medium,18-12-2025
Pune,Kothrud,Fraud,93,35394,Rainy,168,8.77,3,18.5074,73.8077,Medium,25-02-2026
Mumbai,Powai,Cyber Crime,195,106552,Rainy,23,4.27,8,19.1176,72.906,High,28-01-2024
Chhatrapati Sambhajinagar,Aurangpura,Theft,215,179543,Cloudy,85,4.45,7,19.8762,75.3433,High,20-08-2024
Nagpur,Sitabuldi,Fraud,188,139805,Cloudy,57,13.29,5,21.1458,79.0882,High,26-04-2026
Pune,Baner,Robbery,87,110577,Rainy,70,14.43,9,18.559,73.7868,Medium,10-07-2024
Mumbai,Andheri,Assault,154,31978,Rainy,63,8.41,3,19.1136,72.8697,High,25-05-2024
Nagpur,Shankar Nagar,Fraud,98,147995,Foggy,171,10.27,2,21.127,79.06,Medium,22-08-2025
Nagpur,Lakadganj,Burglary,189,129680,Foggy,197,10.3,4,21.1505,79.1155,High,14-01-2026
Mumbai,Dadar,Robbery,65,55624,Sunny,163,7.73,4,19.0178,72.8478,Low,27-02-2026
Mumbai,Powai,Burglary,217,129232,Rainy,42,4.27,1,19.1176,72.906,High,03-04-2024
Nashik,CIDCO,Cyber Crime,206,185398,Foggy,130,2.5,9,19.9667,73.7667,High,31-10-2024
Nashik,CIDCO,Fraud,20,193932,Cloudy,137,8.93,12,19.9667,73.7667,Low,12-01-2025
Pune,Wakad,Assault,46,98115,Foggy,106,9.6,1,18.5975,73.7637,Low,30-10-2024
Chhatrapati Sambhajinagar,Osmanpura,Robbery,116,47195,Sunny,83,12.09,2,19.87,75.33,Medium,26-01-2024
Nashik,CIDCO,Cyber Crime,177,79732,Foggy,39,9.47,1,19.9667,73.7667,High,05-08-2024
Nashik,Gangapur Road,Cyber Crime,178,159884,Foggy,171,12.52,2,20.011,73.75,High,23-04-2024
Chhatrapati Sambhajinagar,Aurangpura,Burglary,188,53925,Rainy,214,9.8,11,19.8762,75.3433,High,24-09-2025
Chhatrapati Sambhajinagar,Osmanpura,Robbery,104,44570,Sunny,79,14.96,3,19.87,75.33,Medium,21-10-2024
Nashik,CIDCO,Burglary,121,50438,Sunny,38,2.93,11,19.9667,73.7667,Medium,05-01-2026
Chhatrapati Sambhajinagar,CIDCO,Burglary,120,167533,Foggy,161,9.67,1,19.889,75.32,Medium,21-04-2025
Chhatrapati Sambhajinagar,CIDCO,Theft,39,199197,Cloudy,78,2.82,11,19.889,75.32,Low,21-03-2025
Mumbai,Bandra,Burglary,136,50681,Foggy,6,7.54,4,19.0596,72.8295,Medium,29-10-2025
Nagpur,Civil Lines,Robbery,113,113538,Cloudy,195,11.13,1,21.153,79.072,Medium,07-05-2024
Nashik,Gangapur Road,Fraud,135,115873,Foggy,162,12.63,12,20.011,73.75,Medium,14-12-2025
Mumbai,Andheri,Robbery,106,40261,Rainy,61,6.28,12,19.1136,72.8697,Medium,20-03-2024
Chhatrapati Sambhajinagar,Aurangpura,Burglary,160,29772,Cloudy,127,10.42,2,19.8762,75.3433,High,06-07-2025
Nagpur,Sadar,Assault,172,111412,Cloudy,130,8.7,10,21.1642,79.0821,High,25-06-2025
Pune,Hinjewadi,Robbery,48,186435,Sunny,195,3.16,4,18.5912,73.7389,Low,14-12-2025
Mumbai,Borivali,Theft,230,184817,Sunny,50,13.36,10,19.2307,72.8567,High,24-03-2026
Pune,Kothrud,Fraud,81,54068,Foggy,141,11.2,12,18.5074,73.8077,Medium,08-04-2024
Nashik,Nashik Road,Theft,127,163198,Cloudy,8,6.13,8,19.9975,73.7898,Medium,05-04-2025
Pune,Hadapsar,Fraud,137,184891,Foggy,172,2.07,4,18.5089,73.9259,Medium,30-05-2025
Pune,Hadapsar,Theft,188,135814,Rainy,80,9.43,1,18.5089,73.9259,High,27-12-2024
Chhatrapati Sambhajinagar,Aurangpura,Robbery,204,189717,Cloudy,10,7.52,8,19.8762,75.3433,High,03-09-2024
Chhatrapati Sambhajinagar,CIDCO,Fraud,120,193832,Sunny,102,7.02,1,19.889,75.32,Medium,06-02-2026
Mumbai,Bandra,Assault,48,25055,Cloudy,20,9.75,11,19.0596,72.8295,Low,16-02-2025
Mumbai,Bandra,Robbery,100,117046,Cloudy,67,13.71,5,19.0596,72.8295,Medium,19-11-2025
Nagpur,Dharampeth,Fraud,200,83805,Rainy,112,8.68,4,21.129,79.0588,High,31-12-2024
Chhatrapati Sambhajinagar,CIDCO,Assault,90,101369,Sunny,18,11.1,7,19.889,75.32,Medium,18-02-2025
Nagpur,Shankar Nagar,Robbery,37,199325,Sunny,31,8.25,4,21.127,79.06,Low,05-07-2024
Pune,Hinjewadi,Theft,71,52168,Rainy,48,4.2,4,18.5912,73.7389,Low,04-05-2025
Chhatrapati Sambhajinagar,Osmanpura,Burglary,193,143320,Sunny,108,7.43,9,19.87,75.33,High,13-11-2024
Nashik,Gangapur Road,Theft,83,192155,Sunny,220,11.55,9,20.011,73.75,Medium,08-02-2024
Nashik,Nashik Road,Theft,226,99850,Foggy,130,2.78,8,19.9975,73.7898,High,23-03-2025
Nashik,CIDCO,Robbery,74,32739,Rainy,46,5.03,8,19.9667,73.7667,Low,05-07-2025
Pune,Baner,Cyber Crime,170,191774,Cloudy,140,5.76,8,18.559,73.7868,High,10-08-2025
Chhatrapati Sambhajinagar,CIDCO,Cyber Crime,33,41183,Cloudy,172,6.4,4,19.889,75.32,Low,14-12-2025
Chhatrapati Sambhajinagar,Aurangpura,Burglary,32,174063,Foggy,206,10.01,12,19.8762,75.3433,Low,12-03-2026
Pune,Kothrud,Theft,193,178286,Cloudy,194,13.47,10,18.5074,73.8077,High,22-05-2026
Pune,Kothrud,Assault,166,60326,Rainy,89,11.25,8,18.5074,73.8077,High,20-02-2025
Pune,Hinjewadi,Burglary,106,47131,Sunny,94,12.42,7,18.5912,73.7389,Medium,15-08-2025
Nashik,Gangapur Road,Theft,94,51285,Foggy,110,10.7,11,20.011,73.75,Medium,15-12-2025
Nashik,Gangapur Road,Robbery,17,112080,Sunny,213,13.84,10,20.011,73.75,Low,07-10-2025
Nashik,Nashik Road,Cyber Crime,122,62877,Cloudy,71,2.56,9,19.9975,73.7898,Medium,17-04-2025
Nashik,CIDCO,Robbery,100,64793,Foggy,114,11.04,4,19.9667,73.7667,Medium,04-01-2025
Nagpur,Dharampeth,Cyber Crime,78,60780,Cloudy,29,3.03,6,21.129,79.0588,Medium,16-06-2026
Nashik,CIDCO,Cyber Crime,55,107177,Cloudy,156,4.68,1,19.9667,73.7667,Low,04-06-2026
Nagpur,Dharampeth,Theft,188,108405,Sunny,203,7.13,7,21.129,79.0588,High,11-01-2025
Pune,Hinjewadi,Theft,147,80500,Rainy,209,12.53,2,18.5912,73.7389,Medium,19-02-2024
Pune,Hinjewadi,Cyber Crime,41,37797,Foggy,74,9.14,11,18.5912,73.7389,Low,11-09-2025
Pune,Shivaji Nagar,Burglary,163,137707,Foggy,133,3.9,9,18.5308,73.8475,High,19-04-2024
Pune,Hadapsar,Assault,110,33630,Cloudy,186,8.22,11,18.5089,73.9259,Medium,12-11-2024
Mumbai,Andheri,Burglary,16,68759,Sunny,190,8.37,1,19.1136,72.8697,Low,26-05-2024
Pune,Kothrud,Cyber Crime,153,45688,Rainy,40,12.59,6,18.5074,73.8077,High,03-03-2025
Chhatrapati Sambhajinagar,Osmanpura,Assault,101,93235,Cloudy,132,4.57,10,19.87,75.33,Medium,02-03-2024
Chhatrapati Sambhajinagar,Osmanpura,Fraud,87,66552,Cloudy,33,10.46,7,19.87,75.33,Medium,11-01-2024
Nagpur,Dharampeth,Cyber Crime,74,54854,Sunny,27,4.98,6,21.129,79.0588,Low,27-05-2025
Nagpur,Dharampeth,Robbery,167,140465,Cloudy,203,9.49,6,21.129,79.0588,High,02-05-2026
Chhatrapati Sambhajinagar,Osmanpura,Cyber Crime,106,104436,Cloudy,56,14.14,12,19.87,75.33,Medium,10-10-2025
Nashik,Nashik Road,Theft,136,128004,Cloudy,8,5.44,9,19.9975,73.7898,Medium,30-01-2024
Mumbai,Borivali,Robbery,205,77598,Foggy,143,4.93,8,19.2307,72.8567,High,18-06-2025
Chhatrapati Sambhajinagar,Osmanpura,Fraud,76,120125,Rainy,48,2.5,7,19.87,75.33,Medium,18-09-2024
Mumbai,Andheri,Assault,69,132210,Rainy,130,7.25,1,19.1136,72.8697,Low,29-11-2024
Pune,Kothrud,Burglary,52,99976,Cloudy,203,8.17,12,18.5074,73.8077,Low,25-01-2025
Chhatrapati Sambhajinagar,Osmanpura,Burglary,53,35243,Sunny,93,9.42,11,19.87,75.33,Low,06-12-2024
Nagpur,Dharampeth,Cyber Crime,53,89605,Rainy,67,4.55,11,21.129,79.0588,Low,30-03-2026
Nagpur,Lakadganj,Assault,100,123769,Foggy,44,5.52,8,21.1505,79.1155,Medium,01-06-2025
Mumbai,Borivali,Assault,187,80072,Foggy,208,10.61,4,19.2307,72.8567,High,14-05-2026
Pune,Hinjewadi,Burglary,124,115778,Sunny,122,11.48,6,18.5912,73.7389,Medium,20-06-2024
Pune,Hinjewadi,Theft,220,100488,Foggy,109,3.29,3,18.5912,73.7389,High,16-05-2026
Nashik,Nashik Road,Cyber Crime,96,46848,Cloudy,162,4.67,3,19.9975,73.7898,Medium,25-03-2024
Nagpur,Jaripatka,Cyber Crime,124,43604,Foggy,31,7.17,10,21.1801,79.0955,Medium,02-03-2025
Nagpur,Sadar,Cyber Crime,73,62342,Rainy,37,2.51,10,21.1642,79.0821,Low,21-01-2024
Chhatrapati Sambhajinagar,CIDCO,Cyber Crime,91,91026,Cloudy,9,5.63,10,19.889,75.32,Medium,12-02-2026
Pune,Baner,Assault,201,117787,Cloudy,16,8.65,10,18.559,73.7868,High,13-07-2024
Mumbai,Colaba,Burglary,46,75835,Sunny,206,6.66,11,18.9067,72.8147,Low,26-01-2026
Chhatrapati Sambhajinagar,CIDCO,Fraud,68,98135,Foggy,67,12.14,9,19.889,75.32,Low,29-04-2026
Mumbai,Colaba,Theft,183,129938,Cloudy,84,4.98,4,18.9067,72.8147,High,10-09-2024
Mumbai,Borivali,Assault,51,138593,Sunny,42,4.77,8,19.2307,72.8567,Low,04-07-2024
Nashik,Gangapur Road,Assault,132,78601,Cloudy,88,4.73,4,20.011,73.75,Medium,19-10-2025
Pune,Hadapsar,Robbery,39,140779,Cloudy,204,5.82,2,18.5089,73.9259,Low,01-12-2024
Pune,Hinjewadi,Robbery,247,120077,Rainy,71,13.75,8,18.5912,73.7389,High,25-06-2024
Chhatrapati Sambhajinagar,Aurangpura,Cyber Crime,15,169600,Cloudy,16,11.92,5,19.8762,75.3433,Low,29-12-2024
Nagpur,Lakadganj,Assault,61,148150,Sunny,65,5.08,9,21.1505,79.1155,Low,05-08-2025
Nashik,Nashik Road,Theft,112,183690,Rainy,141,12.45,4,19.9975,73.7898,Medium,30-06-2024
Chhatrapati Sambhajinagar,Aurangpura,Fraud,215,134660,Cloudy,220,8.96,7,19.8762,75.3433,High,09-01-2026
Nagpur,Dharampeth,Assault,33,61896,Foggy,195,9.02,9,21.129,79.0588,Low,02-09-2024
Mumbai,Powai,Assault,15,171308,Foggy,170,11.29,5,19.1176,72.906,Low,03-08-2024
Nashik,CIDCO,Fraud,136,48858,Cloudy,26,12.85,3,19.9667,73.7667,Medium,25-09-2024
Pune,Hadapsar,Assault,159,167166,Cloudy,18,8.43,1,18.5089,73.9259,High,29-12-2024
Mumbai,Bandra,Theft,183,102503,Foggy,52,9.99,4,19.0596,72.8295,High,07-03-2025
Nashik,CIDCO,Robbery,238,71253,Cloudy,218,2.21,1,19.9667,73.7667,High,11-06-2024
Nagpur,Shankar Nagar,Fraud,72,60574,Rainy,14,6.87,3,21.127,79.06,Low,28-09-2025
Nashik,Gangapur Road,Assault,36,51249,Cloudy,131,9.7,5,20.011,73.75,Low,26-03-2025
Nashik,Gangapur Road,Burglary,60,190783,Rainy,127,13.1,11,20.011,73.75,Low,09-05-2025
Mumbai,Andheri,Fraud,239,192906,Foggy,93,13.65,5,19.1136,72.8697,High,15-04-2025
Nagpur,Lakadganj,Fraud,113,163594,Foggy,99,3.98,4,21.1505,79.1155,Medium,09-10-2024
Nashik,CIDCO,Assault,145,82068,Cloudy,79,7.75,11,19.9667,73.7667,Medium,08-04-2026
Mumbai,Borivali,Burglary,171,124423,Sunny,73,2.8,5,19.2307,72.8567,High,18-02-2025
Nashik,CIDCO,Theft,250,176238,Rainy,10,11.44,4,19.9667,73.7667,High,04-08-2025
Mumbai,Borivali,Burglary,71,63607,Sunny,98,5.93,4,19.2307,72.8567,Low,11-10-2024
Nashik,Gangapur Road,Assault,33,113882,Cloudy,12,9.09,6,20.011,73.75,Low,25-01-2025
Nagpur,Civil Lines,Cyber Crime,195,89907,Rainy,12,12.48,1,21.153,79.072,High,20-09-2025
Chhatrapati Sambhajinagar,Aurangpura,Assault,94,177009,Rainy,53,4.72,8,19.8762,75.3433,Medium,11-02-2026
Pune,Hadapsar,Assault,102,145811,Cloudy,163,14.78,12,18.5089,73.9259,Medium,28-02-2024
Pune,Kothrud,Robbery,99,120457,Rainy,74,10.73,7,18.5074,73.8077,Medium,22-06-2024
Nashik,Nashik Road,Fraud,196,40186,Foggy,164,9.56,3,19.9975,73.7898,High,18-06-2026
Chhatrapati Sambhajinagar,CIDCO,Robbery,18,85488,Rainy,97,3.52,3,19.889,75.32,Low,07-07-2025
Nashik,CIDCO,Theft,113,178158,Foggy,203,11.15,9,19.9667,73.7667,Medium,19-02-2025
Nashik,Nashik Road,Burglary,170,141742,Foggy,146,14.19,12,19.9975,73.7898,High,26-02-2026
Mumbai,Andheri,Burglary,233,184039,Rainy,135,10.43,7,19.1136,72.8697,High,27-05-2026
Nagpur,Lakadganj,Assault,90,27428,Foggy,33,14.95,12,21.1505,79.1155,Medium,30-06-2025
Chhatrapati Sambhajinagar,Aurangpura,Fraud,197,199581,Cloudy,178,8.13,4,19.8762,75.3433,High,19-06-2024
Mumbai,Colaba,Burglary,248,139268,Sunny,148,6.59,11,18.9067,72.8147,High,27-10-2024
Chhatrapati Sambhajinagar,Osmanpura,Cyber Crime,190,99382,Cloudy,27,10.45,1,19.87,75.33,High,22-08-2025
Mumbai,Bandra,Theft,224,85946,Cloudy,91,14.37,2,19.0596,72.8295,High,03-11-2024
Pune,Shivaji Nagar,Burglary,23,185202,Cloudy,75,9.16,1,18.5308,73.8475,Low,01-11-2025
Nagpur,Sitabuldi,Cyber Crime,86,89386,Foggy,106,7.55,12,21.1458,79.0882,Medium,25-02-2025
Nashik,Gangapur Road,Cyber Crime,229,197708,Cloudy,24,8.29,7,20.011,73.75,High,14-08-2024
Pune,Kothrud,Theft,232,94876,Cloudy,101,13.83,8,18.5074,73.8077,High,26-04-2026
Chhatrapati Sambhajinagar,Aurangpura,Theft,174,179000,Foggy,137,13.27,7,19.8762,75.3433,High,11-06-2025
Nashik,Nashik Road,Assault,164,119504,Cloudy,172,12.81,12,19.9975,73.7898,High,21-10-2024
Pune,Kothrud,Robbery,54,64259,Sunny,100,13.98,10,18.5074,73.8077,Low,14-06-2025
Chhatrapati Sambhajinagar,Aurangpura,Assault,203,122715,Sunny,186,10.01,5,19.8762,75.3433,High,06-11-2025
Pune,Kothrud,Cyber Crime,108,178898,Rainy,25,14.95,5,18.5074,73.8077,Medium,14-04-2026
Mumbai,Bandra,Theft,35,59180,Rainy,125,10.26,3,19.0596,72.8295,Low,15-12-2024
Pune,Shivaji Nagar,Theft,37,80599,Foggy,110,11.65,9,18.5308,73.8475,Low,13-10-2025
Nagpur,Jaripatka,Cyber Crime,166,173543,Cloudy,153,8.49,6,21.1801,79.0955,High,22-01-2026
Nagpur,Lakadganj,Fraud,223,65485,Foggy,148,14.06,11,21.1505,79.1155,High,18-07-2024
Mumbai,Dadar,Robbery,86,30485,Cloudy,196,4.92,9,19.0178,72.8478,Medium,10-01-2026
Pune,Kothrud,Fraud,59,71957,Rainy,98,2.17,9,18.5074,73.8077,Low,21-09-2025
Nagpur,Jaripatka,Burglary,22,129296,Foggy,153,7.92,6,21.1801,79.0955,Low,13-05-2025
Nashik,Gangapur Road,Fraud,23,174402,Cloudy,85,2.14,1,20.011,73.75,Low,12-10-2024
Nagpur,Lakadganj,Assault,39,36415,Cloudy,58,6.05,8,21.1505,79.1155,Low,26-06-2024
Pune,Kothrud,Cyber Crime,158,168960,Foggy,181,2.6,5,18.5074,73.8077,High,13-03-2024
Nashik,Gangapur Road,Assault,221,142130,Sunny,18,14.35,5,20.011,73.75,High,23-12-2024
Pune,Hadapsar,Theft,51,116446,Rainy,72,4.08,9,18.5089,73.9259,Low,09-07-2025
Nagpur,Civil Lines,Cyber Crime,97,77244,Foggy,127,3.69,2,21.153,79.072,Medium,04-12-2024
Pune,Hinjewadi,Fraud,12,111009,Rainy,198,2.63,10,18.5912,73.7389,Low,26-05-2026
Pune,Wakad,Burglary,25,146177,Cloudy,220,3.73,6,18.5975,73.7637,Low,11-04-2024
Chhatrapati Sambhajinagar,Aurangpura,Cyber Crime,147,182694,Rainy,43,5.77,11,19.8762,75.3433,Medium,24-07-2024
Chhatrapati Sambhajinagar,Aurangpura,Theft,56,106991,Cloudy,160,14.72,8,19.8762,75.3433,Low,24-03-2026
Nashik,Gangapur Road,Theft,67,154203,Rainy,163,2.28,1,20.011,73.75,Low,09-03-2026
Pune,Hadapsar,Assault,87,133286,Rainy,75,13.07,12,18.5089,73.9259,Medium,06-03-2024
Mumbai,Andheri,Fraud,149,137642,Foggy,68,13.35,7,19.1136,72.8697,Medium,01-04-2026
Pune,Wakad,Robbery,222,144306,Foggy,46,3.34,1,18.5975,73.7637,High,13-02-2026
Nashik,CIDCO,Burglary,152,40674,Foggy,130,3.43,1,19.9667,73.7667,High,23-05-2026
Nashik,Nashik Road,Cyber Crime,220,151964,Cloudy,76,6.35,5,19.9975,73.7898,High,23-04-2025
Mumbai,Andheri,Fraud,117,54184,Foggy,177,11.82,12,19.1136,72.8697,Medium,25-06-2025
Mumbai,Dadar,Burglary,72,176534,Cloudy,6,13.27,4,19.0178,72.8478,Low,01-04-2025
Nagpur,Civil Lines,Robbery,227,99355,Cloudy,59,12.13,5,21.153,79.072,High,27-09-2024
Nagpur,Jaripatka,Fraud,20,87921,Rainy,217,2.21,12,21.1801,79.0955,Low,19-05-2024
Pune,Hadapsar,Robbery,217,152454,Cloudy,218,3.04,12,18.5089,73.9259,High,29-05-2025
Chhatrapati Sambhajinagar,CIDCO,Burglary,39,99377,Rainy,178,12.22,12,19.889,75.32,Low,31-01-2024
Mumbai,Dadar,Cyber Crime,96,150563,Rainy,137,14.15,12,19.0178,72.8478,Medium,19-01-2024
Pune,Kothrud,Cyber Crime,79,88193,Cloudy,200,13.39,7,18.5074,73.8077,Medium,19-07-2025
Mumbai,Andheri,Cyber Crime,47,87108,Rainy,25,9.84,6,19.1136,72.8697,Low,26-10-2025
Pune,Kothrud,Fraud,202,39306,Cloudy,165,3.63,2,18.5074,73.8077,High,15-02-2025
Chhatrapati Sambhajinagar,CIDCO,Cyber Crime,234,133411,Sunny,197,9.35,12,19.889,75.32,High,24-09-2024
Pune,Shivaji Nagar,Assault,167,44438,Rainy,67,6.32,7,18.5308,73.8475,High,15-03-2025
Pune,Wakad,Theft,19,167538,Cloudy,27,7.36,1,18.5975,73.7637,Low,28-05-2026
Chhatrapati Sambhajinagar,Aurangpura,Assault,250,160879,Foggy,92,12.38,12,19.8762,75.3433,High,11-02-2024
Chhatrapati Sambhajinagar,Aurangpura,Burglary,98,190365,Rainy,59,9.07,1,19.8762,75.3433,Medium,29-09-2024
Chhatrapati Sambhajinagar,Aurangpura,Assault,193,97442,Cloudy,161,5.5,9,19.8762,75.3433,High,20-12-2024
Mumbai,Bandra,Theft,238,64007,Sunny,99,7.04,12,19.0596,72.8295,High,18-12-2025
Pune,Baner,Burglary,44,117795,Cloudy,45,3.33,6,18.559,73.7868,Low,30-08-2024
Nagpur,Sadar,Cyber Crime,112,103615,Rainy,65,9.46,3,21.1642,79.0821,Medium,02-04-2024
Pune,Kothrud,Assault,26,193861,Sunny,12,12.45,11,18.5074,73.8077,Low,02-05-2025
Pune,Hadapsar,Theft,159,133401,Sunny,218,13.61,7,18.5089,73.9259,High,25-03-2025
Nagpur,Dharampeth,Burglary,181,198903,Cloudy,99,4.66,4,21.129,79.0588,High,16-04-2024
Nashik,Gangapur Road,Robbery,138,132477,Cloudy,152,12.34,5,20.011,73.75,Medium,23-04-2024
Mumbai,Andheri,Theft,17,148252,Rainy,116,11.16,6,19.1136,72.8697,Low,08-12-2025
Chhatrapati Sambhajinagar,CIDCO,Fraud,64,36601,Rainy,160,2.29,6,19.889,75.32,Low,09-06-2025
Pune,Shivaji Nagar,Burglary,146,113973,Cloudy,41,11.75,1,18.5308,73.8475,Medium,27-10-2024
Mumbai,Dadar,Assault,150,46746,Foggy,220,6.33,9,19.0178,72.8478,Medium,22-11-2024
Mumbai,Andheri,Robbery,72,61411,Rainy,112,12.52,4,19.1136,72.8697,Low,22-11-2025
Pune,Kothrud,Theft,67,137882,Sunny,70,7.19,11,18.5074,73.8077,Low,19-07-2024
Nagpur,Lakadganj,Theft,88,142764,Sunny,73,14.4,9,21.1505,79.1155,Medium,25-02-2026
Nashik,Gangapur Road,Cyber Crime,183,90564,Sunny,9,6.36,2,20.011,73.75,High,06-10-2025
Chhatrapati Sambhajinagar,CIDCO,Theft,150,89832,Sunny,107,5.9,2,19.889,75.32,Medium,09-06-2024
Nashik,Gangapur Road,Robbery,124,118581,Sunny,54,10.69,12,20.011,73.75,Medium,21-01-2024
Nashik,Nashik Road,Assault,182,94586,Cloudy,8,2.83,12,19.9975,73.7898,High,03-11-2025
Nashik,CIDCO,Theft,231,178509,Rainy,20,9.65,7,19.9667,73.7667,High,18-07-2024
Nagpur,Dharampeth,Cyber Crime,29,154396,Sunny,84,14.28,11,21.129,79.0588,Low,07-02-2026
Mumbai,Bandra,Assault,58,121749,Cloudy,9,5.49,3,19.0596,72.8295,Low,11-09-2025
Pune,Shivaji Nagar,Theft,175,133417,Cloudy,184,8.92,7,18.5308,73.8475,High,11-10-2025
Nagpur,Dharampeth,Robbery,45,36476,Rainy,97,2.93,2,21.129,79.0588,Low,19-03-2026
Nashik,Nashik Road,Robbery,92,52054,Cloudy,10,9.98,11,19.9975,73.7898,Medium,28-03-2024
Pune,Kothrud,Cyber Crime,72,90626,Cloudy,203,14.39,4,18.5074,73.8077,Low,08-02-2026
Chhatrapati Sambhajinagar,CIDCO,Assault,204,146360,Sunny,6,4.74,7,19.889,75.32,High,02-03-2024
Mumbai,Powai,Burglary,115,59596,Cloudy,32,7.94,5,19.1176,72.906,Medium,17-10-2024
Pune,Hinjewadi,Theft,18,71599,Sunny,126,10.83,1,18.5912,73.7389,Low,10-11-2024
Pune,Hinjewadi,Burglary,100,126126,Rainy,132,11.19,6,18.5912,73.7389,Medium,29-06-2025
Mumbai,Powai,Theft,173,62397,Sunny,111,6.62,3,19.1176,72.906,High,04-07-2024
Pune,Hadapsar,Assault,59,101698,Foggy,44,10.56,5,18.5089,73.9259,Low,20-02-2025
Chhatrapati Sambhajinagar,CIDCO,Theft,147,144595,Cloudy,103,11.73,10,19.889,75.32,Medium,04-05-2026
Mumbai,Andheri,Theft,96,43837,Foggy,19,8.07,7,19.1136,72.8697,Medium,22-12-2025
Mumbai,Powai,Cyber Crime,10,87441,Foggy,195,12.72,5,19.1176,72.906,Low,18-08-2025
Pune,Hadapsar,Burglary,227,45039,Foggy,56,9.07,7,18.5089,73.9259,High,01-11-2024
Nagpur,Lakadganj,Burglary,94,192411,Rainy,132,2.54,11,21.1505,79.1155,Medium,29-07-2024
Nashik,Nashik Road,Burglary,191,61005,Rainy,103,5.69,10,19.9975,73.7898,High,30-11-2024
Nagpur,Dharampeth,Assault,89,37061,Sunny,23,8.35,11,21.129,79.0588,Medium,15-03-2026
Nagpur,Lakadganj,Burglary,62,43926,Cloudy,37,4.05,1,21.1505,79.1155,Low,24-03-2025
Nashik,Gangapur Road,Assault,239,130760,Cloudy,113,4.59,6,20.011,73.75,High,30-11-2024
Pune,Baner,Fraud,173,25978,Cloudy,40,12.47,12,18.559,73.7868,High,06-08-2024
Pune,Baner,Assault,45,98227,Foggy,132,11.19,1,18.559,73.7868,Low,23-01-2024
Nagpur,Civil Lines,Burglary,189,116526,Cloudy,17,5.28,12,21.153,79.072,High,06-03-2026
Chhatrapati Sambhajinagar,Aurangpura,Fraud,247,177508,Foggy,213,4.66,11,19.8762,75.3433,High,04-01-2024
Pune,Baner,Assault,64,78949,Foggy,66,9.57,9,18.559,73.7868,Low,22-10-2024
Nagpur,Dharampeth,Fraud,157,103229,Foggy,57,5.1,8,21.129,79.0588,High,04-06-2026
Pune,Wakad,Robbery,44,178181,Foggy,111,7.42,3,18.5975,73.7637,Low,06-06-2025
Chhatrapati Sambhajinagar,CIDCO,Assault,247,93327,Sunny,39,6.55,3,19.889,75.32,High,17-08-2024
Mumbai,Powai,Robbery,154,152914,Sunny,6,9.02,1,19.1176,72.906,High,25-11-2025
Nashik,Nashik Road,Cyber Crime,72,75185,Rainy,116,4.6,3,19.9975,73.7898,Low,16-05-2024
Chhatrapati Sambhajinagar,CIDCO,Theft,206,88009,Cloudy,202,6.91,11,19.889,75.32,High,16-02-2025
Nagpur,Sitabuldi,Cyber Crime,68,141401,Foggy,16,10.69,4,21.1458,79.0882,Low,26-08-2025
Chhatrapati Sambhajinagar,CIDCO,Cyber Crime,208,32087,Sunny,31,5.72,6,19.889,75.32,High,27-03-2026
Nashik,Gangapur Road,Burglary,116,116640,Rainy,34,10.87,8,20.011,73.75,Medium,11-05-2025
Mumbai,Powai,Fraud,119,135721,Sunny,135,9.75,8,19.1176,72.906,Medium,10-08-2025
Pune,Hinjewadi,Theft,125,43205,Sunny,16,5.02,1,18.5912,73.7389,Medium,01-05-2024
Pune,Wakad,Robbery,49,70054,Foggy,199,11.41,1,18.5975,73.7637,Low,29-07-2024
Nashik,CIDCO,Theft,59,92368,Sunny,23,10.6,8,19.9667,73.7667,Low,29-06-2025
Mumbai,Bandra,Cyber Crime,134,183227,Cloudy,126,6.61,7,19.0596,72.8295,Medium,01-05-2026
Chhatrapati Sambhajinagar,Aurangpura,Burglary,143,156932,Foggy,77,3.61,10,19.8762,75.3433,Medium,05-03-2025
Nagpur,Lakadganj,Theft,52,97435,Rainy,73,12.34,4,21.1505,79.1155,Low,19-11-2025
Nashik,Gangapur Road,Robbery,174,143443,Foggy,83,4.03,4,20.011,73.75,High,12-11-2024
Chhatrapati Sambhajinagar,Osmanpura,Cyber Crime,191,82950,Sunny,135,5.95,3,19.87,75.33,High,15-08-2024
Pune,Hadapsar,Robbery,89,30298,Cloudy,152,13,10,18.5089,73.9259,Medium,27-12-2024
Mumbai,Andheri,Cyber Crime,186,88363,Foggy,219,4.4,1,19.1136,72.8697,High,24-11-2025
Nashik,CIDCO,Robbery,67,44178,Cloudy,48,6.9,12,19.9667,73.7667,Low,03-11-2024
Nashik,Nashik Road,Theft,145,44874,Cloudy,109,11.46,10,19.9975,73.7898,Medium,13-06-2026
Pune,Hinjewadi,Burglary,208,139686,Sunny,78,7.34,9,18.5912,73.7389,High,27-11-2024
Nashik,CIDCO,Fraud,170,154031,Cloudy,35,14.78,5,19.9667,73.7667,High,27-08-2025
Pune,Shivaji Nagar,Cyber Crime,152,172541,Sunny,39,4.92,1,18.5308,73.8475,High,03-11-2025
Pune,Kothrud,Cyber Crime,74,104998,Cloudy,52,13.68,9,18.5074,73.8077,Low,16-04-2026
Nagpur,Shankar Nagar,Assault,227,77472,Cloudy,63,10.37,11,21.127,79.06,High,21-02-2026
Chhatrapati Sambhajinagar,CIDCO,Robbery,44,174303,Rainy,174,2.21,7,19.889,75.32,Low,03-01-2024
Nashik,CIDCO,Burglary,27,163094,Cloudy,47,2.37,3,19.9667,73.7667,Low,22-07-2025
Chhatrapati Sambhajinagar,Aurangpura,Theft,219,131310,Cloudy,75,13.7,4,19.8762,75.3433,High,01-07-2025
Nagpur,Civil Lines,Assault,90,146807,Sunny,172,13.95,10,21.153,79.072,Medium,12-09-2025
Pune,Hinjewadi,Burglary,62,46568,Cloudy,89,10.98,11,18.5912,73.7389,Low,22-09-2024
Mumbai,Borivali,Theft,37,98334,Sunny,131,11.07,10,19.2307,72.8567,Low,03-10-2024
Chhatrapati Sambhajinagar,Aurangpura,Theft,138,197286,Sunny,18,14.91,5,19.8762,75.3433,Medium,21-01-2025
Nagpur,Dharampeth,Assault,143,190088,Foggy,166,10.06,10,21.129,79.0588,Medium,17-11-2024
Mumbai,Borivali,Fraud,122,114002,Foggy,143,10.3,8,19.2307,72.8567,Medium,03-12-2024
Pune,Wakad,Assault,167,142504,Rainy,164,12.96,6,18.5975,73.7637,High,07-02-2025
Nagpur,Dharampeth,Assault,58,185124,Foggy,28,6.3,7,21.129,79.0588,Low,15-11-2024
Chhatrapati Sambhajinagar,Osmanpura,Cyber Crime,113,44661,Cloudy,73,6.78,8,19.87,75.33,Medium,29-03-2025
Nagpur,Shankar Nagar,Cyber Crime,199,108634,Sunny,41,10.34,10,21.127,79.06,High,27-07-2025
Nagpur,Dharampeth,Cyber Crime,229,186531,Foggy,203,4.66,7,21.129,79.0588,High,25-04-2026
Mumbai,Dadar,Cyber Crime,114,197548,Foggy,41,10.93,8,19.0178,72.8478,Medium,15-03-2025
Mumbai,Colaba,Theft,172,94065,Foggy,16,5.87,3,18.9067,72.8147,High,20-12-2024
Pune,Hadapsar,Theft,64,78926,Cloudy,207,7.93,1,18.5089,73.9259,Low,13-01-2026
Nashik,CIDCO,Burglary,147,121961,Cloudy,10,8.1,7,19.9667,73.7667,Medium,21-06-2024
Nashik,Nashik Road,Fraud,216,145238,Rainy,212,4.02,9,19.9975,73.7898,High,19-07-2025
Chhatrapati Sambhajinagar,Osmanpura,Assault,72,148059,Rainy,80,12.2,12,19.87,75.33,Low,18-07-2024
Nagpur,Lakadganj,Cyber Crime,236,69251,Rainy,5,7.96,4,21.1505,79.1155,High,13-03-2024
Nashik,CIDCO,Robbery,133,111843,Cloudy,154,11,10,19.9667,73.7667,Medium,12-12-2024
Nagpur,Lakadganj,Burglary,189,76984,Sunny,192,8.11,11,21.1505,79.1155,High,13-01-2024
Nagpur,Sitabuldi,Assault,193,32669,Cloudy,33,14.96,9,21.1458,79.0882,High,24-12-2024
Chhatrapati Sambhajinagar,Osmanpura,Assault,168,25664,Rainy,193,11.03,2,19.87,75.33,High,31-03-2024
Nashik,CIDCO,Cyber Crime,162,140718,Rainy,116,5.8,8,19.9667,73.7667,High,09-08-2025
Chhatrapati Sambhajinagar,Aurangpura,Cyber Crime,198,188890,Cloudy,205,13.3,5,19.8762,75.3433,High,08-06-2026
Nagpur,Sitabuldi,Cyber Crime,196,147216,Sunny,14,8.22,5,21.1458,79.0882,High,11-02-2026
Chhatrapati Sambhajinagar,Osmanpura,Cyber Crime,70,184839,Cloudy,40,4.2,8,19.87,75.33,Low,24-12-2025
Pune,Shivaji Nagar,Theft,214,144306,Cloudy,79,14.16,10,18.5308,73.8475,High,21-07-2024
Nagpur,Lakadganj,Theft,161,164154,Cloudy,10,8.95,7,21.1505,79.1155,High,07-05-2026
Nashik,Gangapur Road,Cyber Crime,92,86156,Cloudy,12,8.56,12,20.011,73.75,Medium,16-06-2026
Nagpur,Sadar,Fraud,187,96309,Foggy,117,10.61,6,21.1642,79.0821,High,11-05-2026
Mumbai,Dadar,Cyber Crime,178,178988,Cloudy,69,3.37,3,19.0178,72.8478,High,08-08-2025
Nagpur,Dharampeth,Burglary,232,183161,Sunny,44,4.97,8,21.129,79.0588,High,01-02-2026
Pune,Hadapsar,Fraud,154,120053,Sunny,123,10.44,8,18.5089,73.9259,High,07-12-2025
Nagpur,Dharampeth,Cyber Crime,189,80807,Sunny,132,13.63,1,21.129,79.0588,High,21-02-2024
Nagpur,Lakadganj,Burglary,56,125589,Cloudy,59,6.85,7,21.1505,79.1155,Low,06-10-2025
Nashik,Nashik Road,Robbery,108,134001,Sunny,150,5.64,6,19.9975,73.7898,Medium,11-04-2026
Pune,Hadapsar,Theft,82,163882,Sunny,150,10.35,3,18.5089,73.9259,Medium,17-02-2024
Chhatrapati Sambhajinagar,Osmanpura,Fraud,208,179344,Sunny,206,8.24,4,19.87,75.33,High,27-04-2026
Nashik,Nashik Road,Theft,19,38110,Sunny,141,2.26,12,19.9975,73.7898,Low,24-07-2024
Mumbai,Dadar,Burglary,221,33981,Foggy,201,10.54,12,19.0178,72.8478,High,06-06-2025
Chhatrapati Sambhajinagar,CIDCO,Theft,39,193452,Sunny,69,9.69,12,19.889,75.32,Low,30-03-2025
Chhatrapati Sambhajinagar,CIDCO,Robbery,49,85172,Sunny,155,5.15,7,19.889,75.32,Low,17-08-2025
Nagpur,Jaripatka,Burglary,134,146221,Foggy,128,14.1,4,21.1801,79.0955,Medium,10-05-2025
Pune,Baner,Burglary,40,34114,Cloudy,133,14.08,2,18.559,73.7868,Low,11-03-2025
Mumbai,Colaba,Cyber Crime,127,194494,Sunny,77,4.3,5,18.9067,72.8147,Medium,19-04-2025
Chhatrapati Sambhajinagar,Aurangpura,Cyber Crime,56,154738,Cloudy,120,11.85,7,19.8762,75.3433,Low,31-05-2025
Mumbai,Powai,Assault,182,149502,Cloudy,131,9.23,8,19.1176,72.906,High,19-06-2025
Nashik,Nashik Road,Cyber Crime,131,135122,Sunny,84,8.31,7,19.9975,73.7898,Medium,30-05-2024
Nashik,Gangapur Road,Theft,114,141742,Cloudy,97,4.1,4,20.011,73.75,Medium,08-01-2024
Nashik,Gangapur Road,Burglary,223,117517,Sunny,127,10.87,10,20.011,73.75,High,27-02-2025
Nashik,Gangapur Road,Burglary,42,116474,Sunny,116,3.88,8,20.011,73.75,Low,14-02-2025
Nashik,CIDCO,Robbery,116,115199,Rainy,158,8.24,1,19.9667,73.7667,Medium,25-04-2024
Nagpur,Sitabuldi,Fraud,154,87195,Cloudy,97,3.61,6,21.1458,79.0882,High,29-08-2025
Nashik,Gangapur Road,Cyber Crime,173,105588,Foggy,180,6.38,3,20.011,73.75,High,12-09-2024
Pune,Wakad,Robbery,161,25369,Foggy,151,3.36,1,18.5975,73.7637,High,20-02-2025
Pune,Hadapsar,Fraud,177,119617,Sunny,15,8.26,2,18.5089,73.9259,High,08-06-2024
Nashik,Gangapur Road,Cyber Crime,29,84258,Foggy,144,3.33,10,20.011,73.75,Low,21-06-2025
Nagpur,Civil Lines,Burglary,52,62228,Foggy,58,14.54,8,21.153,79.072,Low,25-10-2025
Pune,Hadapsar,Fraud,230,67211,Sunny,136,5.37,6,18.5089,73.9259,High,05-06-2026
Pune,Hadapsar,Burglary,220,114656,Foggy,142,8.62,7,18.5089,73.9259,High,29-02-2024
Mumbai,Borivali,Assault,71,149785,Sunny,87,10.59,11,19.2307,72.8567,Low,07-05-2026
Nagpur,Dharampeth,Robbery,117,82296,Sunny,64,5.1,11,21.129,79.0588,Medium,15-08-2025
Pune,Hadapsar,Cyber Crime,203,151307,Foggy,219,12.25,7,18.5089,73.9259,High,16-05-2025
Nashik,Nashik Road,Fraud,163,119834,Foggy,174,7.02,8,19.9975,73.7898,High,14-05-2026
Nagpur,Lakadganj,Cyber Crime,191,125759,Foggy,208,13.97,9,21.1505,79.1155,High,03-05-2026
Pune,Hinjewadi,Theft,157,176150,Cloudy,36,14.27,10,18.5912,73.7389,High,07-08-2025
Pune,Hadapsar,Theft,149,179065,Sunny,64,11.94,12,18.5089,73.9259,Medium,09-12-2025
Nagpur,Lakadganj,Burglary,241,68215,Cloudy,183,9.66,2,21.1505,79.1155,High,04-06-2026
Nagpur,Sadar,Robbery,45,26675,Foggy,115,6.04,3,21.1642,79.0821,Low,22-08-2024
Chhatrapati Sambhajinagar,CIDCO,Assault,92,101440,Foggy,148,8.44,11,19.889,75.32,Medium,29-12-2025
Pune,Shivaji Nagar,Cyber Crime,151,149499,Foggy,177,10.55,4,18.5308,73.8475,High,01-08-2024
Nashik,Nashik Road,Burglary,171,25148,Sunny,205,2.99,1,19.9975,73.7898,High,11-11-2024
Mumbai,Andheri,Cyber Crime,82,115184,Rainy,64,14.6,4,19.1136,72.8697,Medium,05-09-2025
Chhatrapati Sambhajinagar,CIDCO,Burglary,16,39459,Rainy,70,9,9,19.889,75.32,Low,27-01-2024
Mumbai,Bandra,Robbery,152,183303,Sunny,168,8.14,11,19.0596,72.8295,High,22-12-2024
Nagpur,Sitabuldi,Theft,126,158424,Sunny,22,7.98,4,21.1458,79.0882,Medium,16-05-2026
Nashik,CIDCO,Fraud,45,39203,Sunny,64,6.19,10,19.9667,73.7667,Low,11-05-2026
Nashik,Nashik Road,Assault,225,113994,Sunny,13,5.73,2,19.9975,73.7898,High,07-12-2025
Nashik,Gangapur Road,Assault,202,198932,Foggy,207,3.61,5,20.011,73.75,High,29-06-2024
Mumbai,Powai,Robbery,205,146095,Sunny,171,9.06,3,19.1176,72.906,High,08-03-2024
Pune,Hinjewadi,Fraud,25,154550,Foggy,181,14.56,10,18.5912,73.7389,Low,27-09-2024
Mumbai,Dadar,Robbery,63,144199,Sunny,53,11.38,11,19.0178,72.8478,Low,26-01-2026
Mumbai,Andheri,Fraud,89,73413,Sunny,149,3.69,3,19.1136,72.8697,Medium,31-01-2024
Mumbai,Powai,Assault,52,112958,Rainy,30,14.15,11,19.1176,72.906,Low,14-02-2025
Nashik,Gangapur Road,Robbery,15,105916,Sunny,132,6.51,11,20.011,73.75,Low,02-12-2024
Nagpur,Sitabuldi,Theft,32,36085,Sunny,18,14.81,3,21.1458,79.0882,Low,20-03-2026
Chhatrapati Sambhajinagar,CIDCO,Burglary,39,158321,Cloudy,73,8.67,5,19.889,75.32,Low,15-01-2025
Chhatrapati Sambhajinagar,Osmanpura,Fraud,211,161691,Cloudy,56,12.44,3,19.87,75.33,High,07-09-2024
Pune,Baner,Robbery,77,165819,Rainy,78,5.52,2,18.559,73.7868,Medium,26-05-2024
Nagpur,Jaripatka,Burglary,180,44422,Rainy,136,11.9,1,21.1801,79.0955,High,28-09-2025
Nashik,CIDCO,Cyber Crime,125,121681,Rainy,141,12.99,5,19.9667,73.7667,Medium,27-05-2025
Nagpur,Jaripatka,Theft,238,130687,Foggy,82,4.83,5,21.1801,79.0955,High,13-09-2024
Pune,Hadapsar,Burglary,210,110099,Cloudy,155,14.13,5,18.5089,73.9259,High,09-07-2025
Nagpur,Dharampeth,Fraud,16,196297,Rainy,176,7.61,2,21.129,79.0588,Low,11-10-2024
Nashik,Gangapur Road,Assault,131,33160,Sunny,180,11.19,2,20.011,73.75,Medium,07-01-2025
Mumbai,Powai,Burglary,108,123783,Sunny,183,5.5,10,19.1176,72.906,Medium,23-01-2026
Nagpur,Lakadganj,Cyber Crime,73,72774,Cloudy,215,8.44,5,21.1505,79.1155,Low,03-01-2026
Chhatrapati Sambhajinagar,CIDCO,Theft,141,75620,Cloudy,43,9.57,8,19.889,75.32,Medium,24-07-2025
Chhatrapati Sambhajinagar,Osmanpura,Theft,102,110554,Sunny,17,11.4,1,19.87,75.33,Medium,26-02-2026
Pune,Shivaji Nagar,Fraud,229,96027,Sunny,146,2.38,1,18.5308,73.8475,High,07-07-2024
Nagpur,Sitabuldi,Assault,230,62666,Rainy,79,9.68,5,21.1458,79.0882,High,16-06-2025
Nagpur,Civil Lines,Cyber Crime,128,101994,Cloudy,76,3.67,6,21.153,79.072,Medium,05-12-2025
Nagpur,Jaripatka,Theft,241,62785,Cloudy,46,6.32,9,21.1801,79.0955,High,18-07-2024
Mumbai,Colaba,Robbery,33,41403,Rainy,48,14.01,9,18.9067,72.8147,Low,26-02-2025
Pune,Baner,Cyber Crime,183,194131,Rainy,15,7.3,1,18.559,73.7868,High,18-01-2026
Nagpur,Lakadganj,Assault,239,113947,Foggy,68,5.8,6,21.1505,79.1155,High,13-06-2024
Nagpur,Civil Lines,Cyber Crime,53,26652,Rainy,111,13.23,12,21.153,79.072,Low,29-07-2025
Pune,Wakad,Cyber Crime,137,150161,Foggy,172,13.54,12,18.5975,73.7637,Medium,19-07-2024
Pune,Hadapsar,Cyber Crime,84,164419,Sunny,168,13.4,3,18.5089,73.9259,Medium,27-10-2025
Nagpur,Sitabuldi,Fraud,119,33993,Sunny,58,9.16,5,21.1458,79.0882,Medium,24-12-2025
Nashik,Gangapur Road,Fraud,117,181441,Sunny,124,5.1,9,20.011,73.75,Medium,18-04-2026
Mumbai,Powai,Theft,27,53072,Foggy,183,7.09,6,19.1176,72.906,Low,19-05-2024
Pune,Hadapsar,Fraud,29,90511,Rainy,76,5.06,11,18.5089,73.9259,Low,15-02-2024
Chhatrapati Sambhajinagar,CIDCO,Robbery,144,78074,Sunny,138,3.46,7,19.889,75.32,Medium,15-01-2025
Mumbai,Andheri,Robbery,146,191261,Sunny,105,11.58,7,19.1136,72.8697,Medium,03-02-2026
Pune,Hinjewadi,Assault,171,95793,Cloudy,136,11.33,12,18.5912,73.7389,High,12-09-2025
Chhatrapati Sambhajinagar,Aurangpura,Fraud,170,114764,Foggy,6,13.06,8,19.8762,75.3433,High,03-03-2025
Chhatrapati Sambhajinagar,Osmanpura,Robbery,94,43595,Rainy,87,11.17,3,19.87,75.33,Medium,26-11-2024
Mumbai,Bandra,Assault,30,127233,Cloudy,183,14.03,7,19.0596,72.8295,Low,27-01-2025
Pune,Kothrud,Assault,44,119670,Rainy,199,7.95,9,18.5074,73.8077,Low,24-12-2024
Pune,Hadapsar,Burglary,123,46765,Rainy,128,13.18,1,18.5089,73.9259,Medium,14-03-2025
Pune,Wakad,Fraud,172,43740,Sunny,138,2.9,1,18.5975,73.7637,High,30-03-2025
Mumbai,Colaba,Theft,244,144727,Foggy,88,12.98,9,18.9067,72.8147,High,02-01-2026
Chhatrapati Sambhajinagar,CIDCO,Robbery,123,142858,Rainy,18,9.72,4,19.889,75.32,Medium,19-02-2024
Nashik,Gangapur Road,Theft,82,26987,Rainy,99,8.91,1,20.011,73.75,Medium,22-03-2024
Pune,Hinjewadi,Fraud,224,94580,Cloudy,9,13.72,2,18.5912,73.7389,High,13-06-2026
Nashik,Gangapur Road,Theft,224,57357,Rainy,163,9.85,9,20.011,73.75,High,29-04-2025
Nagpur,Sadar,Cyber Crime,215,53915,Rainy,133,6.01,12,21.1642,79.0821,High,27-10-2024
Nagpur,Dharampeth,Burglary,131,92615,Rainy,117,8.08,3,21.129,79.0588,Medium,22-10-2024
Mumbai,Dadar,Assault,211,141187,Cloudy,74,11.23,12,19.0178,72.8478,High,22-04-2026
Nagpur,Lakadganj,Cyber Crime,60,119667,Foggy,82,13.49,8,21.1505,79.1155,Low,11-11-2025
Nagpur,Lakadganj,Theft,24,86039,Cloudy,153,9.32,9,21.1505,79.1155,Low,19-09-2024
Mumbai,Bandra,Assault,90,35762,Foggy,88,7.07,8,19.0596,72.8295,Medium,26-02-2024
Nagpur,Dharampeth,Theft,126,145709,Cloudy,207,6.25,5,21.129,79.0588,Medium,03-01-2024
Mumbai,Colaba,Assault,42,121906,Cloudy,126,9.6,3,18.9067,72.8147,Low,06-11-2024
Chhatrapati Sambhajinagar,CIDCO,Robbery,132,49229,Cloudy,15,8.74,7,19.889,75.32,Medium,19-11-2025
Chhatrapati Sambhajinagar,Osmanpura,Theft,229,56873,Sunny,126,3.11,5,19.87,75.33,High,26-06-2024
Pune,Baner,Burglary,55,50916,Foggy,68,2.87,3,18.559,73.7868,Low,24-03-2026
Mumbai,Bandra,Cyber Crime,156,119345,Sunny,196,13.82,6,19.0596,72.8295,High,08-06-2025
Nashik,Gangapur Road,Burglary,192,75249,Cloudy,208,2.4,2,20.011,73.75,High,30-10-2024
Mumbai,Bandra,Assault,208,107399,Cloudy,66,10.29,7,19.0596,72.8295,High,27-02-2025
Mumbai,Dadar,Theft,154,97486,Rainy,124,8.16,4,19.0178,72.8478,High,03-10-2024
Chhatrapati Sambhajinagar,Osmanpura,Assault,164,59083,Sunny,137,4.01,7,19.87,75.33,High,09-02-2024
Nagpur,Shankar Nagar,Burglary,125,101959,Rainy,93,13.52,7,21.127,79.06,Medium,07-05-2026
Nashik,CIDCO,Theft,220,91335,Sunny,163,3.9,11,19.9667,73.7667,High,10-12-2025
Nashik,Gangapur Road,Fraud,159,60242,Rainy,150,13.69,1,20.011,73.75,High,02-02-2024
Chhatrapati Sambhajinagar,Osmanpura,Cyber Crime,53,199608,Cloudy,149,2.87,7,19.87,75.33,Low,20-05-2026
Nagpur,Shankar Nagar,Assault,87,158481,Sunny,94,3.09,6,21.127,79.06,Medium,30-09-2024
Chhatrapati Sambhajinagar,Osmanpura,Burglary,231,183183,Sunny,86,9.04,1,19.87,75.33,High,16-05-2024
Chhatrapati Sambhajinagar,CIDCO,Robbery,21,80628,Cloudy,136,3.06,7,19.889,75.32,Low,30-11-2024
Pune,Wakad,Cyber Crime,19,166708,Cloudy,142,12.18,2,18.5975,73.7637,Low,04-03-2024
Nagpur,Dharampeth,Robbery,170,124917,Sunny,28,14.17,8,21.129,79.0588,High,28-12-2025
Nashik,Gangapur Road,Robbery,30,55807,Rainy,216,10.26,12,20.011,73.75,Low,18-04-2024
Nashik,Nashik Road,Theft,228,112143,Cloudy,66,9.4,6,19.9975,73.7898,High,31-05-2025
Pune,Kothrud,Cyber Crime,134,139685,Rainy,182,13.4,3,18.5074,73.8077,Medium,04-06-2026
Chhatrapati Sambhajinagar,CIDCO,Theft,58,76375,Foggy,135,5.71,8,19.889,75.32,Low,08-06-2025
Nashik,CIDCO,Burglary,33,169241,Cloudy,91,7.37,10,19.9667,73.7667,Low,08-03-2024
Mumbai,Dadar,Cyber Crime,88,150951,Foggy,65,5.77,12,19.0178,72.8478,Medium,22-08-2025
Pune,Wakad,Assault,115,36777,Foggy,139,3.03,12,18.5975,73.7637,Medium,11-09-2025
Pune,Hinjewadi,Burglary,244,47919,Rainy,187,10.58,11,18.5912,73.7389,High,01-05-2026
Nashik,CIDCO,Fraud,108,136630,Sunny,178,6.69,2,19.9667,73.7667,Medium,16-08-2024
Nagpur,Lakadganj,Fraud,167,199273,Foggy,13,13.07,1,21.1505,79.1155,High,12-01-2026
Nashik,CIDCO,Cyber Crime,157,193304,Sunny,75,5.94,12,19.9667,73.7667,High,08-09-2025
Pune,Hadapsar,Theft,107,38488,Foggy,118,9.07,1,18.5089,73.9259,Medium,04-07-2025
Pune,Shivaji Nagar,Burglary,241,175426,Foggy,22,12.57,10,18.5308,73.8475,High,19-07-2025
Pune,Baner,Burglary,54,139082,Sunny,19,2.37,10,18.559,73.7868,Low,10-09-2024
Chhatrapati Sambhajinagar,Osmanpura,Cyber Crime,183,65209,Cloudy,29,2.3,8,19.87,75.33,High,09-04-2025
Chhatrapati Sambhajinagar,Aurangpura,Fraud,139,59108,Rainy,136,12.11,1,19.8762,75.3433,Medium,11-04-2024
Mumbai,Dadar,Cyber Crime,222,198052,Cloudy,101,6.62,12,19.0178,72.8478,High,18-12-2024
Mumbai,Colaba,Cyber Crime,243,99490,Sunny,120,12.53,2,18.9067,72.8147,High,22-09-2024
Nagpur,Civil Lines,Theft,65,54943,Rainy,45,11.34,11,21.153,79.072,Low,13-11-2024
Pune,Hinjewadi,Theft,177,155270,Cloudy,52,4.76,12,18.5912,73.7389,High,05-02-2025
Mumbai,Bandra,Cyber Crime,34,173405,Rainy,82,13.09,4,19.0596,72.8295,Low,10-09-2024
Chhatrapati Sambhajinagar,Osmanpura,Fraud,27,178423,Foggy,204,12.17,5,19.87,75.33,Low,28-02-2026
Nashik,Gangapur Road,Burglary,53,41578,Foggy,60,8.77,3,20.011,73.75,Low,20-02-2026
Chhatrapati Sambhajinagar,CIDCO,Fraud,177,196959,Cloudy,17,8.75,1,19.889,75.32,High,27-05-2024
Mumbai,Dadar,Robbery,179,79026,Foggy,74,14.55,11,19.0178,72.8478,High,25-08-2025
Nagpur,Sitabuldi,Assault,68,131926,Rainy,126,13.11,1,21.1458,79.0882,Low,01-04-2026
Nagpur,Civil Lines,Theft,106,131866,Sunny,219,10.64,2,21.153,79.072,Medium,28-02-2025
Nagpur,Dharampeth,Theft,201,192163,Sunny,121,2.93,9,21.129,79.0588,High,03-08-2025
Chhatrapati Sambhajinagar,Osmanpura,Assault,73,80209,Sunny,168,7.73,4,19.87,75.33,Low,25-10-2025
Mumbai,Colaba,Theft,21,159110,Sunny,161,2.41,3,18.9067,72.8147,Low,20-10-2024
Chhatrapati Sambhajinagar,CIDCO,Theft,119,25272,Rainy,28,3.7,11,19.889,75.32,Medium,25-09-2024
Nagpur,Sitabuldi,Fraud,68,169632,Sunny,159,4.86,5,21.1458,79.0882,Low,13-06-2026
Mumbai,Bandra,Assault,205,55772,Rainy,15,12.73,4,19.0596,72.8295,High,12-01-2025
Nashik,Gangapur Road,Burglary,84,153685,Sunny,92,4.99,9,20.011,73.75,Medium,30-08-2024
Chhatrapati Sambhajinagar,Osmanpura,Cyber Crime,19,169928,Foggy,67,6.22,12,19.87,75.33,Low,04-12-2024
Nashik,Nashik Road,Burglary,115,169431,Cloudy,169,9.87,12,19.9975,73.7898,Medium,11-08-2025
Nagpur,Sitabuldi,Theft,196,73910,Foggy,141,10.8,10,21.1458,79.0882,High,05-05-2025
Nagpur,Dharampeth,Assault,166,195178,Rainy,177,10.73,9,21.129,79.0588,High,12-11-2025
Mumbai,Powai,Burglary,158,159412,Foggy,101,4.56,9,19.1176,72.906,High,16-01-2024
Pune,Shivaji Nagar,Assault,34,59477,Rainy,153,12.23,5,18.5308,73.8475,Low,10-01-2025
Nagpur,Lakadganj,Fraud,240,134691,Rainy,80,4.34,7,21.1505,79.1155,High,09-04-2026
Chhatrapati Sambhajinagar,Osmanpura,Fraud,192,168619,Foggy,127,4,2,19.87,75.33,High,02-09-2025
Nashik,Gangapur Road,Assault,248,62173,Cloudy,182,11.75,2,20.011,73.75,High,05-02-2025
Mumbai,Borivali,Cyber Crime,119,79100,Rainy,49,5.25,7,19.2307,72.8567,Medium,25-01-2026
Mumbai,Colaba,Robbery,102,128098,Sunny,164,13.23,7,18.9067,72.8147,Medium,15-03-2024
Pune,Hadapsar,Assault,26,57075,Foggy,154,13.17,4,18.5089,73.9259,Low,31-03-2026
Nagpur,Shankar Nagar,Burglary,204,184175,Rainy,206,10.62,9,21.127,79.06,High,30-10-2024
Nashik,Nashik Road,Assault,199,195597,Sunny,213,4.65,3,19.9975,73.7898,High,27-08-2024
Mumbai,Bandra,Robbery,220,160183,Foggy,22,5.24,9,19.0596,72.8295,High,17-07-2024
Pune,Shivaji Nagar,Cyber Crime,92,70452,Cloudy,11,9.9,7,18.5308,73.8475,Medium,26-05-2025
Chhatrapati Sambhajinagar,Aurangpura,Robbery,185,90694,Rainy,122,14.37,12,19.8762,75.3433,High,29-05-2025
Mumbai,Bandra,Robbery,89,124931,Foggy,71,6.49,7,19.0596,72.8295,Medium,22-10-2025
Nashik,Gangapur Road,Theft,202,117781,Cloudy,8,10.25,5,20.011,73.75,High,22-06-2025
Nagpur,Lakadganj,Fraud,112,161763,Sunny,105,2.48,9,21.1505,79.1155,Medium,14-02-2025
Nashik,CIDCO,Assault,197,87877,Cloudy,95,12.13,10,19.9667,73.7667,High,23-01-2025
Mumbai,Andheri,Burglary,143,37541,Sunny,9,10.02,12,19.1136,72.8697,Medium,28-05-2025
Nagpur,Dharampeth,Robbery,248,173344,Sunny,132,10.21,12,21.129,79.0588,High,10-08-2025
Mumbai,Colaba,Burglary,108,87544,Sunny,151,14.21,1,18.9067,72.8147,Medium,03-02-2026
Mumbai,Colaba,Robbery,250,154380,Cloudy,86,14.29,6,18.9067,72.8147,High,13-02-2025
Nashik,Gangapur Road,Theft,231,169788,Foggy,107,6.99,4,20.011,73.75,High,25-03-2025
Pune,Kothrud,Assault,13,133318,Foggy,122,9.4,5,18.5074,73.8077,Low,30-09-2025
Pune,Kothrud,Fraud,38,76091,Rainy,217,5.75,4,18.5074,73.8077,Low,14-11-2025
Mumbai,Dadar,Assault,137,153437,Cloudy,91,13.43,4,19.0178,72.8478,Medium,13-03-2025
Nagpur,Sitabuldi,Robbery,206,78881,Cloudy,159,6.42,3,21.1458,79.0882,High,27-08-2024
Mumbai,Andheri,Cyber Crime,27,180730,Rainy,156,14.21,8,19.1136,72.8697,Low,21-06-2024
Mumbai,Andheri,Fraud,98,108048,Foggy,185,6.08,11,19.1136,72.8697,Medium,07-03-2026
Chhatrapati Sambhajinagar,Aurangpura,Assault,126,102882,Sunny,26,10.09,11,19.8762,75.3433,Medium,25-03-2026
Pune,Kothrud,Fraud,227,71083,Foggy,103,5.32,3,18.5074,73.8077,High,23-08-2024
Chhatrapati Sambhajinagar,Aurangpura,Robbery,211,111219,Rainy,190,5.93,12,19.8762,75.3433,High,16-03-2024
Chhatrapati Sambhajinagar,CIDCO,Assault,94,67444,Cloudy,95,4.86,8,19.889,75.32,Medium,23-01-2025
Nagpur,Sadar,Cyber Crime,210,122473,Rainy,202,14.38,3,21.1642,79.0821,High,29-10-2025
Nashik,Gangapur Road,Theft,33,142529,Cloudy,185,9.32,8,20.011,73.75,Low,17-12-2024
Nagpur,Civil Lines,Cyber Crime,206,88153,Sunny,152,14.02,5,21.153,79.072,High,06-01-2026
Chhatrapati Sambhajinagar,Osmanpura,Cyber Crime,62,27908,Sunny,140,9,8,19.87,75.33,Low,04-09-2024
Mumbai,Bandra,Burglary,156,116798,Sunny,30,10.35,4,19.0596,72.8295,High,22-03-2026
Mumbai,Powai,Robbery,72,72247,Foggy,208,13.55,10,19.1176,72.906,Low,08-04-2024
Nagpur,Jaripatka,Assault,126,162026,Foggy,9,9.87,2,21.1801,79.0955,Medium,02-12-2025
Chhatrapati Sambhajinagar,Aurangpura,Fraud,214,78392,Rainy,8,7.73,3,19.8762,75.3433,High,10-07-2025
Mumbai,Colaba,Robbery,212,153297,Sunny,86,7.92,10,18.9067,72.8147,High,26-04-2026
Nashik,CIDCO,Theft,190,62692,Foggy,213,3.86,11,19.9667,73.7667,High,29-11-2024
Mumbai,Dadar,Robbery,12,141017,Foggy,14,12.97,2,19.0178,72.8478,Low,09-11-2025
Chhatrapati Sambhajinagar,CIDCO,Theft,189,180831,Rainy,41,7.08,3,19.889,75.32,High,04-05-2025
Nashik,CIDCO,Robbery,238,179410,Foggy,114,5.43,2,19.9667,73.7667,High,20-06-2024
Pune,Kothrud,Theft,187,173106,Sunny,179,14.47,10,18.5074,73.8077,High,25-05-2024
Mumbai,Andheri,Assault,156,196311,Sunny,24,4,8,19.1136,72.8697,High,25-06-2024
Chhatrapati Sambhajinagar,Osmanpura,Assault,98,118015,Foggy,78,9.21,8,19.87,75.33,Medium,10-07-2024
Pune,Hinjewadi,Fraud,72,72242,Sunny,188,5.67,12,18.5912,73.7389,Low,22-08-2024
Nagpur,Civil Lines,Theft,201,116858,Cloudy,207,10.24,12,21.153,79.072,High,24-06-2024
Mumbai,Bandra,Fraud,170,99964,Foggy,178,8.98,1,19.0596,72.8295,High,19-12-2024
Nagpur,Jaripatka,Burglary,50,96414,Cloudy,106,3.41,9,21.1801,79.0955,Low,17-05-2026
Mumbai,Borivali,Theft,189,198479,Sunny,153,11.74,6,19.2307,72.8567,High,09-08-2025
Nagpur,Shankar Nagar,Fraud,38,64733,Cloudy,141,12.41,4,21.127,79.06,Low,01-11-2024
Pune,Hadapsar,Robbery,181,106509,Sunny,155,5.42,3,18.5089,73.9259,High,04-09-2025
Nagpur,Sadar,Fraud,97,70085,Sunny,207,12.95,3,21.1642,79.0821,Medium,18-03-2025
Pune,Shivaji Nagar,Cyber Crime,236,60945,Foggy,179,3.37,11,18.5308,73.8475,High,06-09-2025
Chhatrapati Sambhajinagar,CIDCO,Cyber Crime,129,101061,Foggy,172,10.02,8,19.889,75.32,Medium,13-11-2025
Pune,Kothrud,Fraud,210,70321,Sunny,178,8.96,12,18.5074,73.8077,High,27-03-2026
Pune,Shivaji Nagar,Robbery,196,128533,Rainy,185,13.19,10,18.5308,73.8475,High,12-07-2025
Chhatrapati Sambhajinagar,CIDCO,Assault,54,117438,Sunny,183,8.12,4,19.889,75.32,Low,12-04-2025
Chhatrapati Sambhajinagar,Osmanpura,Assault,51,186125,Foggy,56,4.84,2,19.87,75.33,Low,02-03-2026
Nashik,Gangapur Road,Robbery,242,136157,Foggy,65,14.16,7,20.011,73.75,High,21-10-2025
Chhatrapati Sambhajinagar,CIDCO,Burglary,19,118688,Rainy,64,12.78,10,19.889,75.32,Low,24-02-2024
Chhatrapati Sambhajinagar,Aurangpura,Robbery,194,121204,Foggy,185,15,4,19.8762,75.3433,High,24-09-2024
Chhatrapati Sambhajinagar,Aurangpura,Burglary,182,142443,Cloudy,162,8.33,7,19.8762,75.3433,High,20-01-2025
Mumbai,Borivali,Cyber Crime,23,152935,Cloudy,194,10.27,10,19.2307,72.8567,Low,31-05-2026
Chhatrapati Sambhajinagar,CIDCO,Burglary,205,47125,Rainy,96,3.27,7,19.889,75.32,High,01-07-2024
Pune,Hinjewadi,Cyber Crime,98,82174,Foggy,24,10.08,5,18.5912,73.7389,Medium,18-05-2024
Pune,Hadapsar,Robbery,219,56634,Rainy,65,13.91,5,18.5089,73.9259,High,21-10-2024
Nashik,CIDCO,Assault,120,163332,Foggy,214,6.81,9,19.9667,73.7667,Medium,16-01-2026
Chhatrapati Sambhajinagar,CIDCO,Theft,25,73986,Rainy,54,12.45,9,19.889,75.32,Low,08-05-2024
Nagpur,Sadar,Theft,186,114353,Rainy,168,6.48,12,21.1642,79.0821,High,22-05-2025
Mumbai,Bandra,Theft,109,110074,Cloudy,129,12.26,5,19.0596,72.8295,Medium,12-04-2024
Nagpur,Sitabuldi,Burglary,141,73719,Foggy,88,3.27,11,21.1458,79.0882,Medium,04-11-2025
Pune,Shivaji Nagar,Assault,178,100647,Rainy,67,14.26,4,18.5308,73.8475,High,01-02-2024
Pune,Kothrud,Robbery,128,31563,Sunny,39,3.37,2,18.5074,73.8077,Medium,09-03-2026
Chhatrapati Sambhajinagar,Osmanpura,Robbery,49,116232,Foggy,27,5.67,2,19.87,75.33,Low,19-05-2024
Nagpur,Shankar Nagar,Theft,87,27114,Sunny,201,10.74,12,21.127,79.06,Medium,11-05-2026
Chhatrapati Sambhajinagar,CIDCO,Theft,219,80401,Foggy,196,8.11,7,19.889,75.32,High,29-01-2025
Nagpur,Jaripatka,Assault,165,34601,Cloudy,105,12.01,1,21.1801,79.0955,High,18-04-2024
Pune,Hinjewadi,Theft,224,187182,Foggy,87,4.65,7,18.5912,73.7389,High,22-06-2025
Nashik,Nashik Road,Theft,128,169275,Foggy,45,13.09,9,19.9975,73.7898,Medium,15-05-2024
Nagpur,Sadar,Theft,71,45622,Foggy,94,9.23,10,21.1642,79.0821,Low,06-07-2024
Mumbai,Borivali,Theft,100,178103,Sunny,25,8.33,3,19.2307,72.8567,Medium,03-02-2024
Chhatrapati Sambhajinagar,CIDCO,Assault,209,150559,Rainy,197,14.67,5,19.889,75.32,High,01-02-2026
Pune,Shivaji Nagar,Burglary,184,142602,Sunny,218,11.54,11,18.5308,73.8475,High,19-05-2025
Pune,Shivaji Nagar,Robbery,74,187041,Rainy,205,4.97,5,18.5308,73.8475,Low,01-07-2025
Chhatrapati Sambhajinagar,Osmanpura,Cyber Crime,162,38682,Foggy,13,7.46,12,19.87,75.33,High,12-06-2026
Nashik,Nashik Road,Burglary,235,81863,Rainy,9,3.09,2,19.9975,73.7898,High,03-08-2025
Pune,Shivaji Nagar,Assault,29,126080,Sunny,148,5.77,12,18.5308,73.8475,Low,04-03-2025
Nagpur,Jaripatka,Assault,240,111680,Cloudy,122,9.69,11,21.1801,79.0955,High,30-04-2026
Pune,Shivaji Nagar,Burglary,248,67328,Rainy,172,10.84,3,18.5308,73.8475,High,16-09-2025
Mumbai,Powai,Theft,226,107867,Sunny,132,10.89,4,19.1176,72.906,High,17-06-2026
Nashik,Gangapur Road,Fraud,175,109801,Cloudy,118,13.69,3,20.011,73.75,High,23-12-2025
Nagpur,Sadar,Cyber Crime,16,152112,Rainy,147,2.92,7,21.1642,79.0821,Low,08-01-2026
Nashik,Gangapur Road,Cyber Crime,234,77200,Cloudy,79,12.9,3,20.011,73.75,High,01-05-2025
Mumbai,Borivali,Cyber Crime,249,84237,Sunny,136,2.07,5,19.2307,72.8567,High,19-04-2024
Nashik,Nashik Road,Fraud,159,68465,Sunny,132,4.96,7,19.9975,73.7898,High,02-03-2024
Pune,Kothrud,Assault,20,181244,Sunny,195,10.32,9,18.5074,73.8077,Low,27-05-2025
Nagpur,Shankar Nagar,Fraud,232,152704,Rainy,163,3.25,11,21.127,79.06,High,29-07-2024
Nagpur,Civil Lines,Theft,33,163809,Cloudy,119,10,8,21.153,79.072,Low,12-02-2025
Nagpur,Sitabuldi,Cyber Crime,65,61847,Rainy,55,14.99,1,21.1458,79.0882,Low,06-06-2024
Chhatrapati Sambhajinagar,Aurangpura,Fraud,173,173292,Cloudy,192,6.37,9,19.8762,75.3433,High,24-04-2026
Nagpur,Civil Lines,Cyber Crime,48,48053,Foggy,157,11.81,6,21.153,79.072,Low,07-04-2024
Mumbai,Borivali,Robbery,129,101701,Sunny,185,13.07,11,19.2307,72.8567,Medium,02-07-2024
Chhatrapati Sambhajinagar,CIDCO,Assault,162,110873,Sunny,8,9.98,12,19.889,75.32,High,31-01-2025
Chhatrapati Sambhajinagar,Aurangpura,Assault,148,127758,Foggy,40,3.4,4,19.8762,75.3433,Medium,03-06-2024
Mumbai,Powai,Burglary,189,196476,Rainy,156,10.09,9,19.1176,72.906,High,08-04-2025
Mumbai,Bandra,Assault,243,195953,Rainy,44,5.83,9,19.0596,72.8295,High,20-08-2024
Pune,Baner,Burglary,185,164362,Cloudy,33,12.13,11,18.559,73.7868,High,23-03-2025
Mumbai,Dadar,Robbery,37,83921,Rainy,105,3.95,4,19.0178,72.8478,Low,16-05-2025
Pune,Kothrud,Fraud,72,30124,Rainy,190,11.77,12,18.5074,73.8077,Low,26-07-2024
Nashik,Gangapur Road,Theft,87,143284,Rainy,101,14.96,9,20.011,73.75,Medium,01-04-2025
Nashik,Gangapur Road,Burglary,216,172610,Sunny,46,5.28,3,20.011,73.75,High,14-04-2025
Mumbai,Bandra,Theft,93,31101,Cloudy,60,8.84,12,19.0596,72.8295,Medium,19-01-2024
Chhatrapati Sambhajinagar,Osmanpura,Theft,23,83741,Cloudy,183,6.39,3,19.87,75.33,Low,23-04-2026
Mumbai,Borivali,Assault,124,28841,Cloudy,204,8.87,10,19.2307,72.8567,Medium,22-10-2025
Chhatrapati Sambhajinagar,Osmanpura,Theft,26,104445,Rainy,154,13.3,1,19.87,75.33,Low,14-08-2024
Nashik,Nashik Road,Assault,191,67452,Sunny,215,13.87,2,19.9975,73.7898,High,14-05-2026
Mumbai,Powai,Assault,224,78485,Rainy,168,11.67,12,19.1176,72.906,High,21-08-2025
Mumbai,Powai,Theft,69,91238,Rainy,5,5.73,8,19.1176,72.906,Low,19-05-2026
Mumbai,Bandra,Assault,131,97739,Foggy,53,8.32,5,19.0596,72.8295,Medium,12-05-2025
Nashik,CIDCO,Burglary,181,111679,Cloudy,139,3.84,3,19.9667,73.7667,High,11-12-2025
Chhatrapati Sambhajinagar,CIDCO,Assault,221,69390,Foggy,66,5.22,8,19.889,75.32,High,28-04-2025
Pune,Wakad,Theft,173,30042,Cloudy,143,4.54,12,18.5975,73.7637,High,15-03-2025
Nashik,Gangapur Road,Theft,34,176568,Cloudy,84,8.47,11,20.011,73.75,Low,12-11-2024
Chhatrapati Sambhajinagar,Aurangpura,Robbery,173,141775,Sunny,65,10.02,7,19.8762,75.3433,High,23-12-2024
Nagpur,Lakadganj,Assault,216,134026,Sunny,194,5.94,7,21.1505,79.1155,High,03-09-2025
Mumbai,Colaba,Cyber Crime,139,85643,Rainy,129,12.59,10,18.9067,72.8147,Medium,25-09-2025
Nagpur,Shankar Nagar,Cyber Crime,99,63212,Rainy,65,8.02,1,21.127,79.06,Medium,24-09-2025
Nashik,Nashik Road,Theft,192,30056,Rainy,96,4.33,9,19.9975,73.7898,High,01-04-2024
Chhatrapati Sambhajinagar,Osmanpura,Fraud,166,84249,Cloudy,8,4.67,6,19.87,75.33,High,29-05-2025
Mumbai,Dadar,Fraud,40,124965,Cloudy,130,5.65,1,19.0178,72.8478,Low,07-11-2024
Chhatrapati Sambhajinagar,Aurangpura,Burglary,20,194269,Cloudy,50,12.34,7,19.8762,75.3433,Low,18-11-2024
Pune,Hinjewadi,Robbery,236,178985,Cloudy,119,3.78,2,18.5912,73.7389,High,19-02-2024
Chhatrapati Sambhajinagar,Osmanpura,Assault,66,75078,Foggy,131,14.88,1,19.87,75.33,Low,23-07-2024
Pune,Kothrud,Robbery,203,177788,Sunny,127,13.61,6,18.5074,73.8077,High,05-04-2025
Mumbai,Bandra,Fraud,123,163920,Sunny,119,8.78,6,19.0596,72.8295,Medium,16-10-2025
Nashik,CIDCO,Assault,161,188252,Cloudy,8,13.16,3,19.9667,73.7667,High,26-07-2025
Mumbai,Colaba,Cyber Crime,160,97480,Sunny,143,12.16,1,18.9067,72.8147,High,17-11-2025
Nashik,CIDCO,Theft,86,147816,Cloudy,65,5.4,7,19.9667,73.7667,Medium,09-05-2025
Nagpur,Dharampeth,Cyber Crime,88,82596,Foggy,111,12.9,7,21.129,79.0588,Medium,10-04-2024
Nashik,Nashik Road,Burglary,96,93804,Cloudy,62,10.47,9,19.9975,73.7898,Medium,01-09-2025
Pune,Kothrud,Theft,183,125492,Sunny,189,11.21,9,18.5074,73.8077,High,04-12-2025
Nagpur,Shankar Nagar,Burglary,147,83114,Sunny,201,13.15,3,21.127,79.06,Medium,14-01-2024
Chhatrapati Sambhajinagar,Osmanpura,Assault,90,40007,Cloudy,92,6.01,6,19.87,75.33,Medium,10-07-2025
Nashik,CIDCO,Assault,18,107131,Rainy,102,11.69,9,19.9667,73.7667,Low,19-10-2025
Nashik,Nashik Road,Robbery,56,80379,Foggy,11,9.99,12,19.9975,73.7898,Low,06-01-2025
Mumbai,Dadar,Fraud,29,31795,Rainy,44,6.64,8,19.0178,72.8478,Low,27-05-2025
Pune,Kothrud,Fraud,45,46065,Cloudy,195,4.67,4,18.5074,73.8077,Low,03-06-2024
Mumbai,Andheri,Robbery,237,85397,Sunny,200,3.27,1,19.1136,72.8697,High,09-04-2025
Nashik,Nashik Road,Fraud,31,173148,Cloudy,159,3.78,8,19.9975,73.7898,Low,15-10-2024
Nashik,CIDCO,Fraud,202,92460,Sunny,153,2.39,7,19.9667,73.7667,High,26-11-2025
Chhatrapati Sambhajinagar,Osmanpura,Robbery,202,198728,Rainy,34,11.03,10,19.87,75.33,High,28-04-2025
Pune,Shivaji Nagar,Theft,186,94058,Foggy,131,10.11,2,18.5308,73.8475,High,18-10-2024
Pune,Kothrud,Theft,117,182422,Cloudy,97,12.74,7,18.5074,73.8077,Medium,21-07-2025
Nagpur,Civil Lines,Burglary,141,193530,Rainy,215,12.73,7,21.153,79.072,Medium,12-09-2025
Pune,Wakad,Burglary,129,169212,Rainy,112,10.37,3,18.5975,73.7637,Medium,08-08-2024
Chhatrapati Sambhajinagar,CIDCO,Burglary,195,51622,Foggy,101,6.76,7,19.889,75.32,High,22-11-2024
Nagpur,Dharampeth,Fraud,208,105840,Cloudy,79,12.28,11,21.129,79.0588,High,25-10-2025
Chhatrapati Sambhajinagar,Aurangpura,Assault,38,189571,Sunny,125,7.67,9,19.8762,75.3433,Low,18-09-2025
Pune,Baner,Assault,128,144149,Sunny,31,9.7,9,18.559,73.7868,Medium,15-10-2024
Chhatrapati Sambhajinagar,Aurangpura,Cyber Crime,72,38239,Cloudy,53,12.19,1,19.8762,75.3433,Low,18-04-2024
Nashik,Gangapur Road,Burglary,244,136142,Cloudy,90,4.83,3,20.011,73.75,High,02-11-2025
Mumbai,Powai,Robbery,29,49826,Sunny,115,7.09,9,19.1176,72.906,Low,20-10-2025
Nashik,Gangapur Road,Robbery,234,173340,Sunny,136,6.31,8,20.011,73.75,High,09-02-2024
Nagpur,Sitabuldi,Robbery,211,199717,Foggy,6,11,8,21.1458,79.0882,High,19-05-2024
Pune,Kothrud,Assault,110,29576,Sunny,193,4.07,2,18.5074,73.8077,Medium,05-01-2026
Nashik,Gangapur Road,Fraud,98,66616,Sunny,41,2.32,5,20.011,73.75,Medium,26-12-2024
Nashik,Gangapur Road,Theft,20,124401,Cloudy,196,14.72,9,20.011,73.75,Low,04-05-2026
Mumbai,Andheri,Robbery,230,199012,Cloudy,83,11.26,2,19.1136,72.8697,High,07-03-2026
Pune,Hadapsar,Burglary,244,59559,Cloudy,200,6.33,7,18.5089,73.9259,High,05-06-2025
Nashik,CIDCO,Robbery,28,71632,Rainy,54,2.94,7,19.9667,73.7667,Low,03-06-2025
Nashik,Nashik Road,Burglary,241,138107,Rainy,219,9.19,8,19.9975,73.7898,High,21-07-2025
Chhatrapati Sambhajinagar,Osmanpura,Fraud,216,103420,Sunny,91,7.25,10,19.87,75.33,High,01-05-2026
Nashik,CIDCO,Fraud,225,193281,Rainy,37,3.82,3,19.9667,73.7667,High,30-06-2025
Pune,Wakad,Burglary,102,70115,Cloudy,219,3.24,2,18.5975,73.7637,Medium,05-08-2025
Mumbai,Andheri,Robbery,106,168423,Sunny,77,12.16,8,19.1136,72.8697,Medium,04-07-2025
Nashik,Gangapur Road,Robbery,51,142722,Rainy,220,13.45,11,20.011,73.75,Low,08-06-2024
Chhatrapati Sambhajinagar,CIDCO,Burglary,50,194329,Sunny,28,10.85,6,19.889,75.32,Low,18-08-2024
Nashik,Nashik Road,Assault,106,60565,Foggy,146,2.53,8,19.9975,73.7898,Medium,27-10-2025
Pune,Wakad,Fraud,186,158635,Sunny,85,3.61,5,18.5975,73.7637,High,18-12-2025
Chhatrapati Sambhajinagar,Osmanpura,Cyber Crime,78,46520,Rainy,116,9.11,5,19.87,75.33,Medium,18-06-2025
Chhatrapati Sambhajinagar,CIDCO,Assault,86,59066,Cloudy,43,2.02,3,19.889,75.32,Medium,12-03-2025
Nashik,Gangapur Road,Theft,192,162067,Foggy,62,6.26,6,20.011,73.75,High,07-04-2026
Chhatrapati Sambhajinagar,Osmanpura,Cyber Crime,127,193033,Rainy,174,6.24,3,19.87,75.33,Medium,04-04-2025
Nashik,CIDCO,Fraud,165,92428,Sunny,126,13.2,3,19.9667,73.7667,High,04-06-2026
Pune,Hinjewadi,Assault,34,161592,Cloudy,48,8.53,3,18.5912,73.7389,Low,05-01-2024
Chhatrapati Sambhajinagar,Osmanpura,Robbery,57,98199,Cloudy,108,9.8,8,19.87,75.33,Low,15-12-2025
Mumbai,Bandra,Fraud,225,26873,Sunny,125,8.76,7,19.0596,72.8295,High,05-01-2025
Chhatrapati Sambhajinagar,Osmanpura,Cyber Crime,38,120848,Sunny,34,6.86,11,19.87,75.33,Low,30-07-2024
Mumbai,Bandra,Theft,27,138581,Rainy,199,11.19,10,19.0596,72.8295,Low,16-03-2024
Chhatrapati Sambhajinagar,Aurangpura,Theft,20,183526,Foggy,177,13.84,5,19.8762,75.3433,Low,25-01-2025
Pune,Hinjewadi,Theft,238,141999,Cloudy,194,14.27,7,18.5912,73.7389,High,23-03-2025
Mumbai,Borivali,Burglary,11,153981,Cloudy,5,5.95,7,19.2307,72.8567,Low,21-04-2025
Mumbai,Colaba,Theft,181,93951,Cloudy,71,11.11,2,18.9067,72.8147,High,21-04-2025
Nashik,Gangapur Road,Theft,69,67444,Foggy,24,9.3,8,20.011,73.75,Low,04-06-2026
Chhatrapati Sambhajinagar,Osmanpura,Robbery,186,126942,Foggy,80,3.49,7,19.87,75.33,High,26-02-2024
Pune,Hadapsar,Assault,191,178345,Cloudy,15,5.6,7,18.5089,73.9259,High,05-02-2025
Mumbai,Colaba,Assault,62,157928,Foggy,85,3.86,7,18.9067,72.8147,Low,27-03-2024
Pune,Shivaji Nagar,Robbery,211,78011,Cloudy,204,6.97,9,18.5308,73.8475,High,28-05-2025
Mumbai,Powai,Fraud,69,39998,Cloudy,113,6.95,4,19.1176,72.906,Low,02-08-2025
Nagpur,Sadar,Assault,239,118229,Cloudy,156,3.2,11,21.1642,79.0821,High,29-06-2024
Mumbai,Andheri,Assault,185,184043,Foggy,30,5.6,8,19.1136,72.8697,High,17-04-2024
Chhatrapati Sambhajinagar,Aurangpura,Fraud,120,104084,Sunny,168,12.4,7,19.8762,75.3433,Medium,30-05-2025
Chhatrapati Sambhajinagar,Osmanpura,Fraud,73,36786,Foggy,59,5.25,2,19.87,75.33,Low,24-10-2024
Chhatrapati Sambhajinagar,Aurangpura,Burglary,129,107468,Rainy,23,14.2,7,19.8762,75.3433,Medium,26-04-2026
Mumbai,Andheri,Cyber Crime,41,71396,Rainy,88,3.18,4,19.1136,72.8697,Low,24-05-2025
Pune,Baner,Assault,76,191484,Foggy,108,8.19,5,18.559,73.7868,Medium,16-06-2026
Pune,Hadapsar,Robbery,191,49012,Cloudy,184,2.33,10,18.5089,73.9259,High,22-01-2024
Pune,Hinjewadi,Fraud,34,105340,Cloudy,168,2.44,12,18.5912,73.7389,Low,28-09-2024
Chhatrapati Sambhajinagar,Aurangpura,Cyber Crime,174,86188,Sunny,79,8.38,10,19.8762,75.3433,High,28-06-2024
Pune,Wakad,Cyber Crime,59,123695,Sunny,178,7.84,12,18.5975,73.7637,Low,30-05-2025
Mumbai,Borivali,Theft,162,109316,Rainy,52,7.66,9,19.2307,72.8567,High,20-01-2026
Pune,Hadapsar,Theft,200,87625,Cloudy,211,10.1,5,18.5089,73.9259,High,18-06-2025
Nashik,Nashik Road,Fraud,244,186108,Cloudy,157,5.78,11,19.9975,73.7898,High,20-05-2024
Nagpur,Sadar,Assault,66,171743,Sunny,150,4.65,9,21.1642,79.0821,Low,08-11-2024
Nagpur,Jaripatka,Burglary,186,99462,Cloudy,13,11.01,3,21.1801,79.0955,High,06-03-2025
Chhatrapati Sambhajinagar,CIDCO,Burglary,63,45490,Sunny,79,9.35,9,19.889,75.32,Low,10-09-2025
Pune,Hadapsar,Theft,83,140670,Foggy,110,7.65,4,18.5089,73.9259,Medium,10-08-2025
Chhatrapati Sambhajinagar,CIDCO,Theft,89,120257,Sunny,150,5.58,7,19.889,75.32,Medium,26-04-2026
Nagpur,Jaripatka,Cyber Crime,241,138896,Cloudy,100,11.21,4,21.1801,79.0955,High,26-12-2025
Pune,Hinjewadi,Theft,55,120210,Foggy,87,9.67,12,18.5912,73.7389,Low,23-01-2026
Nagpur,Dharampeth,Cyber Crime,128,84981,Foggy,121,8.08,4,21.129,79.0588,Medium,28-01-2025
Pune,Baner,Assault,167,42754,Cloudy,46,7.25,4,18.559,73.7868,High,26-07-2024
Nashik,Gangapur Road,Cyber Crime,91,102897,Foggy,126,14.06,4,20.011,73.75,Medium,06-09-2024
Chhatrapati Sambhajinagar,Aurangpura,Assault,80,102655,Cloudy,124,6.15,1,19.8762,75.3433,Medium,09-05-2026
Pune,Wakad,Cyber Crime,10,152174,Rainy,81,4.6,7,18.5975,73.7637,Low,17-11-2024
Nashik,Nashik Road,Burglary,64,162572,Rainy,96,14.84,10,19.9975,73.7898,Low,25-01-2025
Nagpur,Civil Lines,Burglary,232,68842,Sunny,134,6.82,10,21.153,79.072,High,05-03-2026
Chhatrapati Sambhajinagar,CIDCO,Assault,35,80469,Cloudy,82,8.07,12,19.889,75.32,Low,21-06-2025
Nashik,CIDCO,Robbery,104,193951,Foggy,190,4.15,9,19.9667,73.7667,Medium,18-03-2026
Nagpur,Jaripatka,Fraud,225,61637,Cloudy,77,9.52,6,21.1801,79.0955,High,04-06-2024
Mumbai,Powai,Cyber Crime,123,81926,Foggy,37,5.8,4,19.1176,72.906,Medium,18-06-2026
Nashik,Gangapur Road,Theft,229,155758,Sunny,81,4.16,7,20.011,73.75,High,26-04-2025
Nashik,Gangapur Road,Robbery,217,90310,Cloudy,62,10.4,7,20.011,73.75,High,26-08-2025
Pune,Hadapsar,Robbery,187,114008,Sunny,200,4.67,12,18.5089,73.9259,High,26-05-2024
Nagpur,Sadar,Burglary,169,127488,Rainy,193,5.53,11,21.1642,79.0821,High,04-06-2025
Mumbai,Bandra,Robbery,13,104307,Cloudy,171,5.83,9,19.0596,72.8295,Low,21-01-2025
Nashik,CIDCO,Cyber Crime,43,37776,Sunny,179,8.07,1,19.9667,73.7667,Low,29-01-2026
Chhatrapati Sambhajinagar,Osmanpura,Theft,138,124201,Sunny,73,9.05,6,19.87,75.33,Medium,09-05-2025
Mumbai,Andheri,Fraud,247,134830,Rainy,201,13.37,8,19.1136,72.8697,High,22-10-2025
Pune,Baner,Fraud,92,165444,Foggy,29,10.11,2,18.559,73.7868,Medium,22-07-2024
Pune,Hinjewadi,Burglary,118,139675,Rainy,186,4.73,6,18.5912,73.7389,Medium,25-11-2025
Mumbai,Andheri,Robbery,181,151328,Foggy,64,5.83,5,19.1136,72.8697,High,12-05-2025
Mumbai,Dadar,Robbery,197,191838,Sunny,153,7.55,3,19.0178,72.8478,High,13-09-2025
Mumbai,Andheri,Fraud,119,81881,Rainy,165,3.53,4,19.1136,72.8697,Medium,14-08-2024
Nashik,Gangapur Road,Cyber Crime,91,42756,Cloudy,198,8.22,9,20.011,73.75,Medium,06-03-2026
Mumbai,Andheri,Burglary,126,93255,Foggy,6,12.47,7,19.1136,72.8697,Medium,08-04-2026
Mumbai,Powai,Fraud,96,64582,Cloudy,192,12.84,3,19.1176,72.906,Medium,23-11-2025
Mumbai,Powai,Theft,45,154464,Foggy,218,9.02,5,19.1176,72.906,Low,24-01-2024
Chhatrapati Sambhajinagar,Aurangpura,Assault,82,137330,Cloudy,46,11.72,1,19.8762,75.3433,Medium,05-11-2025
Pune,Baner,Assault,117,171995,Cloudy,65,5.07,9,18.559,73.7868,Medium,22-08-2024
Pune,Shivaji Nagar,Assault,102,56205,Sunny,51,7.8,12,18.5308,73.8475,Medium,18-12-2025
Pune,Hinjewadi,Robbery,246,167922,Foggy,204,7.82,6,18.5912,73.7389,High,09-08-2024
Chhatrapati Sambhajinagar,Osmanpura,Theft,137,124881,Rainy,14,7.46,1,19.87,75.33,Medium,09-09-2025
Nashik,CIDCO,Burglary,94,132540,Rainy,146,14.12,7,19.9667,73.7667,Medium,13-08-2024
Nashik,Nashik Road,Cyber Crime,108,130846,Rainy,160,6.03,6,19.9975,73.7898,Medium,17-03-2025
Mumbai,Borivali,Robbery,124,58103,Foggy,105,6.79,1,19.2307,72.8567,Medium,21-05-2026
Nashik,Gangapur Road,Theft,242,64393,Sunny,193,4.44,4,20.011,73.75,High,08-02-2024
Nagpur,Sitabuldi,Assault,94,181709,Foggy,89,5.51,6,21.1458,79.0882,Medium,03-04-2024
Nagpur,Sitabuldi,Robbery,177,161767,Sunny,149,4.94,2,21.1458,79.0882,High,02-09-2025
Chhatrapati Sambhajinagar,Osmanpura,Theft,70,48423,Foggy,166,7.52,12,19.87,75.33,Low,16-09-2025
Mumbai,Bandra,Robbery,23,182256,Rainy,46,2.34,12,19.0596,72.8295,Low,11-09-2025
Nagpur,Shankar Nagar,Fraud,17,111831,Rainy,77,14.92,10,21.127,79.06,Low,01-06-2025
Mumbai,Colaba,Fraud,124,30978,Rainy,75,6.76,2,18.9067,72.8147,Medium,10-04-2026
Mumbai,Dadar,Theft,115,96565,Sunny,16,13.98,4,19.0178,72.8478,Medium,23-11-2024
Chhatrapati Sambhajinagar,Osmanpura,Robbery,159,89852,Rainy,105,2.56,9,19.87,75.33,High,25-06-2024
Mumbai,Andheri,Cyber Crime,122,63832,Rainy,98,4.59,6,19.1136,72.8697,Medium,01-06-2026
Mumbai,Borivali,Assault,34,62403,Foggy,185,11.2,4,19.2307,72.8567,Low,11-02-2026
Nagpur,Lakadganj,Robbery,242,150805,Cloudy,200,7.57,6,21.1505,79.1155,High,05-05-2026
Chhatrapati Sambhajinagar,Aurangpura,Fraud,94,151625,Cloudy,67,5.3,11,19.8762,75.3433,Medium,07-06-2026
Nashik,Nashik Road,Cyber Crime,111,87350,Sunny,85,14.12,2,19.9975,73.7898,Medium,01-01-2025
Nashik,CIDCO,Burglary,231,47743,Foggy,78,8.66,9,19.9667,73.7667,High,29-11-2024
Nagpur,Dharampeth,Robbery,173,144835,Sunny,161,7.99,2,21.129,79.0588,High,31-12-2024
Chhatrapati Sambhajinagar,Osmanpura,Assault,199,30456,Cloudy,199,9.1,11,19.87,75.33,High,04-10-2024
Pune,Kothrud,Burglary,19,163479,Foggy,150,13.94,6,18.5074,73.8077,Low,27-09-2025
Mumbai,Andheri,Burglary,44,176790,Foggy,64,10.98,5,19.1136,72.8697,Low,01-09-2025
Nashik,Gangapur Road,Assault,52,159463,Sunny,163,3.28,3,20.011,73.75,Low,06-12-2024
Nagpur,Sitabuldi,Burglary,230,105292,Rainy,109,4.35,5,21.1458,79.0882,High,09-03-2026
Chhatrapati Sambhajinagar,Osmanpura,Theft,225,163433,Sunny,153,7.95,5,19.87,75.33,High,10-02-2026
Pune,Wakad,Theft,210,52553,Sunny,29,14.31,7,18.5975,73.7637,High,10-10-2025
Nagpur,Dharampeth,Cyber Crime,38,135782,Foggy,140,6.53,9,21.129,79.0588,Low,18-02-2026
Nagpur,Civil Lines,Burglary,28,58542,Rainy,21,11.46,12,21.153,79.072,Low,13-09-2025
Nagpur,Shankar Nagar,Cyber Crime,70,72707,Rainy,168,5.02,5,21.127,79.06,Low,30-07-2024
Pune,Baner,Cyber Crime,134,69230,Foggy,83,8.16,8,18.559,73.7868,Medium,19-03-2025
Nashik,Gangapur Road,Burglary,90,107771,Cloudy,143,3,7,20.011,73.75,Medium,09-07-2024
Nagpur,Shankar Nagar,Burglary,36,106352,Foggy,202,5.19,12,21.127,79.06,Low,24-07-2024
Pune,Hinjewadi,Robbery,130,147560,Foggy,140,4.86,7,18.5912,73.7389,Medium,18-07-2025
Nashik,Nashik Road,Fraud,19,166603,Rainy,185,10.4,11,19.9975,73.7898,Low,31-01-2024
Nagpur,Dharampeth,Cyber Crime,75,102179,Rainy,167,4.74,9,21.129,79.0588,Low,02-10-2024
Nagpur,Dharampeth,Theft,240,78819,Foggy,66,2.42,2,21.129,79.0588,High,18-04-2026
Chhatrapati Sambhajinagar,Aurangpura,Cyber Crime,86,60424,Rainy,204,14.32,4,19.8762,75.3433,Medium,17-10-2024
Mumbai,Powai,Cyber Crime,218,45875,Cloudy,18,13.43,8,19.1176,72.906,High,16-04-2024
Mumbai,Andheri,Fraud,234,52930,Sunny,55,5.82,6,19.1136,72.8697,High,16-03-2026
Chhatrapati Sambhajinagar,Osmanpura,Robbery,70,140714,Foggy,81,4.87,11,19.87,75.33,Low,11-08-2025
Nagpur,Dharampeth,Assault,216,26662,Rainy,70,6.74,1,21.129,79.0588,High,02-05-2024
Nagpur,Dharampeth,Robbery,236,180794,Cloudy,102,10.39,11,21.129,79.0588,High,09-08-2024
Nagpur,Sadar,Theft,115,155348,Sunny,13,3.55,6,21.1642,79.0821,Medium,03-02-2024
Nagpur,Lakadganj,Cyber Crime,205,162815,Foggy,185,3.86,9,21.1505,79.1155,High,15-01-2026
Chhatrapati Sambhajinagar,Aurangpura,Robbery,163,147203,Cloudy,29,4.25,12,19.8762,75.3433,High,11-05-2024
Chhatrapati Sambhajinagar,Aurangpura,Assault,247,160321,Sunny,194,9.46,10,19.8762,75.3433,High,16-11-2025
Mumbai,Andheri,Burglary,107,48832,Rainy,58,13.66,7,19.1136,72.8697,Medium,18-03-2024
Mumbai,Borivali,Burglary,176,47421,Cloudy,98,9.49,10,19.2307,72.8567,High,08-01-2025
Pune,Wakad,Robbery,82,166108,Foggy,39,9.22,10,18.5975,73.7637,Medium,07-11-2024
Nashik,Gangapur Road,Cyber Crime,182,34805,Sunny,159,11.41,1,20.011,73.75,High,03-03-2026
Mumbai,Colaba,Fraud,61,47838,Sunny,93,4.92,1,18.9067,72.8147,Low,09-07-2024
Pune,Kothrud,Cyber Crime,162,122649,Sunny,174,12.04,1,18.5074,73.8077,High,02-03-2026
Nashik,Nashik Road,Assault,48,65066,Rainy,70,14.3,11,19.9975,73.7898,Low,20-07-2024
Mumbai,Bandra,Burglary,57,130657,Foggy,14,7.01,7,19.0596,72.8295,Low,06-10-2025
Nagpur,Sadar,Burglary,123,160630,Foggy,95,3.56,1,21.1642,79.0821,Medium,22-05-2025
Nagpur,Sitabuldi,Cyber Crime,232,90280,Sunny,184,2.4,11,21.1458,79.0882,High,09-07-2025
Mumbai,Colaba,Robbery,159,122196,Rainy,66,9.96,3,18.9067,72.8147,High,07-06-2024
Nashik,Gangapur Road,Theft,121,137024,Sunny,37,3.2,2,20.011,73.75,Medium,14-01-2024
Pune,Hadapsar,Fraud,12,115636,Cloudy,102,12.3,12,18.5089,73.9259,Low,25-03-2024
Mumbai,Borivali,Burglary,220,31515,Cloudy,219,4.63,10,19.2307,72.8567,High,24-01-2026
Nashik,Gangapur Road,Cyber Crime,88,73522,Foggy,192,3.52,1,20.011,73.75,Medium,11-04-2024
Chhatrapati Sambhajinagar,CIDCO,Robbery,11,39846,Rainy,69,5.87,8,19.889,75.32,Low,30-12-2024
Chhatrapati Sambhajinagar,CIDCO,Theft,41,191538,Cloudy,36,14.2,4,19.889,75.32,Low,25-09-2025
Nagpur,Sitabuldi,Robbery,228,158118,Foggy,76,12.63,1,21.1458,79.0882,High,21-08-2025
Nagpur,Lakadganj,Fraud,18,75416,Sunny,40,8.71,2,21.1505,79.1155,Low,29-03-2025
Pune,Shivaji Nagar,Cyber Crime,158,164395,Foggy,148,9.34,2,18.5308,73.8475,High,06-07-2025
Nashik,Nashik Road,Robbery,100,135244,Cloudy,73,3.29,3,19.9975,73.7898,Medium,29-07-2025
Mumbai,Andheri,Robbery,110,42787,Cloudy,159,2.6,10,19.1136,72.8697,Medium,05-02-2026
Nashik,Nashik Road,Assault,240,164345,Foggy,177,8.95,2,19.9975,73.7898,High,12-05-2024
Mumbai,Andheri,Robbery,123,40209,Sunny,31,9.9,9,19.1136,72.8697,Medium,01-12-2025
Nagpur,Sitabuldi,Fraud,154,48833,Rainy,142,13.89,7,21.1458,79.0882,High,06-09-2024
Chhatrapati Sambhajinagar,Aurangpura,Theft,99,170013,Cloudy,12,8.17,4,19.8762,75.3433,Medium,29-03-2024
Chhatrapati Sambhajinagar,Aurangpura,Cyber Crime,146,131102,Sunny,90,14.26,7,19.8762,75.3433,Medium,17-04-2026
Mumbai,Andheri,Robbery,207,194443,Sunny,157,7.97,2,19.1136,72.8697,High,28-04-2026
Chhatrapati Sambhajinagar,Aurangpura,Cyber Crime,74,164176,Cloudy,186,14.65,7,19.8762,75.3433,Low,04-03-2025
Chhatrapati Sambhajinagar,Osmanpura,Theft,49,63185,Sunny,139,14.67,5,19.87,75.33,Low,18-06-2026
Nashik,CIDCO,Fraud,93,194530,Cloudy,169,14.89,2,19.9667,73.7667,Medium,07-02-2025
Mumbai,Colaba,Burglary,215,154879,Cloudy,104,3.44,8,18.9067,72.8147,High,08-03-2024
Pune,Hadapsar,Theft,248,26542,Rainy,66,9.04,7,18.5089,73.9259,High,23-02-2025
Nashik,Nashik Road,Robbery,101,180181,Foggy,215,10.49,11,19.9975,73.7898,Medium,23-09-2024
Nashik,Nashik Road,Burglary,89,97357,Cloudy,140,7.49,3,19.9975,73.7898,Medium,30-03-2024
Chhatrapati Sambhajinagar,CIDCO,Robbery,175,87517,Cloudy,74,7.82,10,19.889,75.32,High,06-09-2025
Mumbai,Borivali,Fraud,121,161953,Foggy,168,4.12,7,19.2307,72.8567,Medium,22-03-2026
Chhatrapati Sambhajinagar,CIDCO,Cyber Crime,141,81622,Rainy,217,12.31,7,19.889,75.32,Medium,03-03-2025
Chhatrapati Sambhajinagar,Osmanpura,Cyber Crime,43,80021,Cloudy,196,7.47,11,19.87,75.33,Low,01-06-2024
Nashik,Gangapur Road,Fraud,63,60784,Foggy,67,12.32,8,20.011,73.75,Low,18-05-2025
Pune,Kothrud,Fraud,104,180318,Sunny,189,9.29,1,18.5074,73.8077,Medium,28-03-2026
Nashik,Gangapur Road,Fraud,44,101282,Foggy,44,3.55,1,20.011,73.75,Low,20-10-2025
Chhatrapati Sambhajinagar,Aurangpura,Theft,23,33608,Rainy,161,8.49,9,19.8762,75.3433,Low,19-03-2024
Nashik,Nashik Road,Cyber Crime,142,115565,Foggy,159,2.89,5,19.9975,73.7898,Medium,27-12-2025
Nagpur,Jaripatka,Robbery,30,163598,Rainy,104,6.9,12,21.1801,79.0955,Low,09-01-2024
Nashik,CIDCO,Cyber Crime,178,157290,Cloudy,6,6.16,5,19.9667,73.7667,High,09-09-2024
Mumbai,Colaba,Theft,93,130403,Sunny,109,13.92,12,18.9067,72.8147,Medium,10-12-2024
Nashik,CIDCO,Assault,174,70968,Foggy,134,14.28,9,19.9667,73.7667,High,14-08-2025
Nashik,Gangapur Road,Assault,184,30756,Foggy,117,11.65,3,20.011,73.75,High,23-04-2026
Mumbai,Dadar,Cyber Crime,42,69229,Rainy,28,11.68,9,19.0178,72.8478,Low,23-06-2025
Chhatrapati Sambhajinagar,Osmanpura,Theft,117,152942,Foggy,182,14.34,3,19.87,75.33,Medium,25-04-2026
Pune,Shivaji Nagar,Assault,121,139576,Cloudy,136,11.96,2,18.5308,73.8475,Medium,14-04-2024
Chhatrapati Sambhajinagar,Osmanpura,Fraud,97,142019,Rainy,160,5.48,9,19.87,75.33,Medium,01-05-2024
Chhatrapati Sambhajinagar,CIDCO,Theft,39,26759,Cloudy,93,11.33,4,19.889,75.32,Low,01-09-2025
Nagpur,Lakadganj,Fraud,215,143936,Cloudy,123,3.58,8,21.1505,79.1155,High,24-10-2024
Chhatrapati Sambhajinagar,Osmanpura,Cyber Crime,137,48697,Cloudy,32,2.63,9,19.87,75.33,Medium,08-12-2024
Pune,Kothrud,Theft,81,143367,Sunny,50,14.68,2,18.5074,73.8077,Medium,22-09-2024
Pune,Kothrud,Robbery,93,199082,Rainy,154,14.09,10,18.5074,73.8077,Medium,23-06-2024
Nagpur,Shankar Nagar,Fraud,240,99185,Sunny,91,14.29,7,21.127,79.06,High,24-04-2025
Pune,Shivaji Nagar,Fraud,118,190697,Sunny,118,2.33,11,18.5308,73.8475,Medium,07-05-2026
Chhatrapati Sambhajinagar,Osmanpura,Assault,135,47845,Foggy,171,4.3,4,19.87,75.33,Medium,13-05-2024
Nagpur,Sadar,Fraud,147,157910,Cloudy,178,3.1,5,21.1642,79.0821,Medium,09-05-2024
Nagpur,Sadar,Assault,233,184996,Sunny,108,2.06,2,21.1642,79.0821,High,05-03-2024
Nagpur,Lakadganj,Theft,62,185910,Rainy,28,12.01,12,21.1505,79.1155,Low,24-08-2025
Mumbai,Bandra,Cyber Crime,54,32767,Foggy,215,7.33,11,19.0596,72.8295,Low,30-05-2025
Nagpur,Civil Lines,Cyber Crime,171,150326,Foggy,88,8.37,7,21.153,79.072,High,02-09-2025
Pune,Wakad,Burglary,28,29386,Foggy,15,12.08,4,18.5975,73.7637,Low,05-03-2025
Nashik,Nashik Road,Fraud,59,100997,Cloudy,60,11.47,5,19.9975,73.7898,Low,12-07-2025
Nashik,CIDCO,Assault,247,190459,Cloudy,56,14.82,4,19.9667,73.7667,High,16-11-2025
Nagpur,Sadar,Fraud,86,171005,Sunny,60,4.22,10,21.1642,79.0821,Medium,06-04-2026
Nagpur,Jaripatka,Fraud,133,61548,Cloudy,17,7.86,3,21.1801,79.0955,Medium,29-04-2026
Nashik,CIDCO,Fraud,194,160025,Foggy,89,3.17,10,19.9667,73.7667,High,13-08-2025
Chhatrapati Sambhajinagar,CIDCO,Theft,179,152364,Rainy,22,9.75,7,19.889,75.32,High,05-07-2025
Mumbai,Andheri,Assault,178,91154,Rainy,129,2.97,4,19.1136,72.8697,High,31-03-2024
Chhatrapati Sambhajinagar,Osmanpura,Cyber Crime,97,147864,Sunny,55,3.19,2,19.87,75.33,Medium,10-02-2024
Pune,Shivaji Nagar,Burglary,49,119031,Foggy,183,14.52,12,18.5308,73.8475,Low,17-12-2024
Chhatrapati Sambhajinagar,Aurangpura,Theft,195,110021,Sunny,47,8.61,7,19.8762,75.3433,High,02-05-2024
Pune,Wakad,Assault,63,69250,Sunny,190,7.42,10,18.5975,73.7637,Low,27-04-2026
Nagpur,Shankar Nagar,Robbery,120,62360,Sunny,117,5.17,9,21.127,79.06,Medium,18-10-2025
Nashik,Nashik Road,Burglary,243,124953,Cloudy,55,3.52,12,19.9975,73.7898,High,10-04-2025
Pune,Shivaji Nagar,Theft,100,133778,Cloudy,101,9.77,7,18.5308,73.8475,Medium,13-06-2026
Nashik,Nashik Road,Burglary,18,182122,Rainy,83,12.78,5,19.9975,73.7898,Low,23-02-2024
Nagpur,Lakadganj,Fraud,71,135376,Rainy,71,13.65,10,21.1505,79.1155,Low,02-05-2025
Mumbai,Bandra,Robbery,22,177346,Sunny,44,11.97,7,19.0596,72.8295,Low,29-07-2024
Pune,Wakad,Assault,191,182422,Foggy,63,13.85,11,18.5975,73.7637,High,26-11-2025
Nashik,CIDCO,Theft,174,177132,Foggy,54,4.57,3,19.9667,73.7667,High,30-07-2024
Chhatrapati Sambhajinagar,Aurangpura,Theft,234,196202,Foggy,179,10.14,8,19.8762,75.3433,High,10-06-2024
Chhatrapati Sambhajinagar,CIDCO,Cyber Crime,182,81892,Foggy,6,11.28,11,19.889,75.32,High,17-11-2024
Chhatrapati Sambhajinagar,Aurangpura,Robbery,76,73397,Foggy,64,8.85,1,19.8762,75.3433,Medium,10-11-2025
Nashik,Gangapur Road,Fraud,154,194954,Cloudy,215,7.9,11,20.011,73.75,High,09-05-2024
Mumbai,Bandra,Theft,35,129739,Cloudy,82,3.74,9,19.0596,72.8295,Low,03-02-2025
Pune,Kothrud,Robbery,123,168763,Sunny,139,9.51,10,18.5074,73.8077,Medium,10-01-2026
Nashik,Nashik Road,Fraud,148,148206,Sunny,138,3.64,5,19.9975,73.7898,Medium,21-01-2025
Pune,Hinjewadi,Fraud,87,45046,Cloudy,185,12.92,8,18.5912,73.7389,Medium,03-12-2024
Pune,Kothrud,Robbery,175,128165,Rainy,149,5.98,5,18.5074,73.8077,High,06-05-2026
Nashik,Nashik Road,Cyber Crime,138,197924,Cloudy,190,11.12,2,19.9975,73.7898,Medium,31-12-2025
Pune,Wakad,Robbery,94,84309,Cloudy,197,12.86,1,18.5975,73.7637,Medium,29-01-2025
Mumbai,Powai,Burglary,76,124852,Cloudy,94,4.88,2,19.1176,72.906,Medium,23-07-2024
Nagpur,Shankar Nagar,Robbery,35,79057,Cloudy,47,11.8,9,21.127,79.06,Low,28-04-2025
Nashik,Gangapur Road,Theft,134,126502,Foggy,140,13.43,5,20.011,73.75,Medium,01-01-2025
Chhatrapati Sambhajinagar,CIDCO,Assault,86,145517,Cloudy,87,9.76,5,19.889,75.32,Medium,23-03-2026
Nashik,Gangapur Road,Theft,21,70261,Sunny,125,9.73,12,20.011,73.75,Low,14-07-2024
Mumbai,Andheri,Burglary,88,83305,Foggy,137,2.16,9,19.1136,72.8697,Medium,16-05-2026
Nagpur,Shankar Nagar,Fraud,250,103729,Sunny,51,10.71,5,21.127,79.06,High,06-07-2024
Nashik,Gangapur Road,Cyber Crime,175,172940,Sunny,88,3.74,8,20.011,73.75,High,13-05-2024
Pune,Kothrud,Assault,203,177909,Sunny,112,9.24,9,18.5074,73.8077,High,12-01-2026
Nashik,CIDCO,Assault,218,106489,Cloudy,134,13.51,3,19.9667,73.7667,High,04-06-2025
Mumbai,Colaba,Assault,86,135942,Rainy,25,14.89,1,18.9067,72.8147,Medium,17-01-2026
Nagpur,Lakadganj,Assault,35,180083,Cloudy,218,7.32,5,21.1505,79.1155,Low,11-12-2024
Chhatrapati Sambhajinagar,Osmanpura,Robbery,54,83857,Cloudy,174,3.49,10,19.87,75.33,Low,27-05-2025
Chhatrapati Sambhajinagar,CIDCO,Robbery,228,40352,Foggy,132,14.5,8,19.889,75.32,High,24-12-2024
Mumbai,Andheri,Cyber Crime,12,132018,Cloudy,59,7.17,10,19.1136,72.8697,Low,06-06-2025
Pune,Baner,Burglary,58,53632,Cloudy,197,4.78,2,18.559,73.7868,Low,22-07-2024
Chhatrapati Sambhajinagar,Osmanpura,Fraud,18,77102,Sunny,218,13.85,12,19.87,75.33,Low,25-10-2024
Chhatrapati Sambhajinagar,CIDCO,Assault,81,25081,Cloudy,5,11.84,10,19.889,75.32,Medium,02-11-2024
Pune,Hinjewadi,Fraud,71,51189,Sunny,175,5.38,4,18.5912,73.7389,Low,25-07-2025
Chhatrapati Sambhajinagar,Osmanpura,Burglary,18,143952,Rainy,47,13.92,9,19.87,75.33,Low,26-12-2025
Chhatrapati Sambhajinagar,Osmanpura,Cyber Crime,72,142853,Cloudy,179,10.21,3,19.87,75.33,Low,23-06-2024
Mumbai,Powai,Robbery,132,34761,Foggy,190,3.46,10,19.1176,72.906,Medium,01-12-2025
Nashik,CIDCO,Burglary,176,172952,Foggy,34,9.44,6,19.9667,73.7667,High,24-10-2024
Chhatrapati Sambhajinagar,Osmanpura,Burglary,71,123496,Cloudy,106,4.77,10,19.87,75.33,Low,01-03-2024
Mumbai,Bandra,Robbery,14,115500,Cloudy,198,6.44,11,19.0596,72.8295,Low,21-02-2024
Pune,Baner,Fraud,89,158481,Cloudy,95,11.9,10,18.559,73.7868,Medium,01-10-2025
Nagpur,Dharampeth,Assault,142,78990,Sunny,40,11.74,7,21.129,79.0588,Medium,16-05-2024
Mumbai,Colaba,Fraud,164,126377,Sunny,112,9.26,5,18.9067,72.8147,High,02-05-2024
Nashik,CIDCO,Theft,104,150221,Rainy,112,2.82,3,19.9667,73.7667,Medium,10-01-2024
Pune,Hinjewadi,Fraud,35,72167,Cloudy,39,2.53,11,18.5912,73.7389,Low,05-04-2026
Nashik,CIDCO,Assault,118,37761,Rainy,120,5.52,7,19.9667,73.7667,Medium,08-09-2025
Mumbai,Powai,Robbery,11,48433,Sunny,14,7.75,4,19.1176,72.906,Low,26-02-2025
Nashik,CIDCO,Cyber Crime,233,130983,Sunny,177,6.96,6,19.9667,73.7667,High,31-01-2026
Nashik,CIDCO,Assault,137,197919,Cloudy,67,2.85,3,19.9667,73.7667,Medium,09-05-2024
Mumbai,Colaba,Cyber Crime,65,121234,Foggy,19,3.01,3,18.9067,72.8147,Low,16-06-2026
Nashik,Gangapur Road,Robbery,187,157978,Sunny,6,3.84,3,20.011,73.75,High,22-08-2025
Mumbai,Andheri,Robbery,28,47461,Rainy,120,3.84,9,19.1136,72.8697,Low,22-04-2024
Mumbai,Bandra,Theft,182,192286,Sunny,107,9.78,7,19.0596,72.8295,High,20-03-2025
Pune,Hinjewadi,Burglary,96,193662,Foggy,169,6.95,8,18.5912,73.7389,Medium,16-03-2024
Mumbai,Borivali,Fraud,137,60074,Rainy,163,14.55,9,19.2307,72.8567,Medium,26-02-2026
Pune,Kothrud,Fraud,112,32150,Foggy,61,13.45,10,18.5074,73.8077,Medium,11-05-2024
Chhatrapati Sambhajinagar,CIDCO,Fraud,44,139870,Sunny,16,3.11,3,19.889,75.32,Low,22-04-2025
Chhatrapati Sambhajinagar,CIDCO,Burglary,46,39825,Foggy,149,14.71,5,19.889,75.32,Low,20-11-2025
Nagpur,Shankar Nagar,Burglary,240,186943,Cloudy,108,7.64,8,21.127,79.06,High,08-09-2024
Nashik,Nashik Road,Cyber Crime,211,147386,Sunny,98,9.17,10,19.9975,73.7898,High,04-01-2026
Nagpur,Sitabuldi,Fraud,15,66663,Foggy,195,4.43,8,21.1458,79.0882,Low,16-02-2026
Chhatrapati Sambhajinagar,Aurangpura,Burglary,83,198697,Cloudy,140,2.93,7,19.8762,75.3433,Medium,23-11-2024
Pune,Shivaji Nagar,Assault,94,105341,Foggy,30,8.52,10,18.5308,73.8475,Medium,18-03-2025
Chhatrapati Sambhajinagar,Aurangpura,Theft,96,79794,Sunny,140,13.72,11,19.8762,75.3433,Medium,21-02-2025
Nagpur,Shankar Nagar,Theft,74,66282,Rainy,24,14.24,1,21.127,79.06,Low,11-09-2025
Mumbai,Powai,Robbery,46,176740,Sunny,128,11.47,3,19.1176,72.906,Low,19-03-2026
Pune,Hinjewadi,Theft,245,150543,Rainy,124,11.95,2,18.5912,73.7389,High,16-01-2025
Nashik,Gangapur Road,Assault,174,108904,Rainy,89,13.64,1,20.011,73.75,High,11-02-2026
Mumbai,Powai,Assault,68,95653,Sunny,86,4.61,12,19.1176,72.906,Low,06-08-2025
Chhatrapati Sambhajinagar,Osmanpura,Theft,237,129620,Cloudy,214,7.35,8,19.87,75.33,High,09-02-2025
Mumbai,Bandra,Fraud,87,160921,Sunny,158,9.57,3,19.0596,72.8295,Medium,14-01-2026
Pune,Wakad,Cyber Crime,67,87098,Cloudy,47,14.23,6,18.5975,73.7637,Low,19-06-2024
Mumbai,Dadar,Fraud,34,139528,Sunny,205,7.66,9,19.0178,72.8478,Low,22-02-2024
Nashik,CIDCO,Cyber Crime,66,53556,Cloudy,45,10.15,10,19.9667,73.7667,Low,26-04-2026
Nashik,CIDCO,Cyber Crime,198,90255,Rainy,211,10.67,12,19.9667,73.7667,High,28-09-2024
Nashik,CIDCO,Fraud,192,184536,Cloudy,215,7.83,3,19.9667,73.7667,High,20-01-2024
Pune,Wakad,Theft,53,62613,Sunny,100,5.31,2,18.5975,73.7637,Low,08-07-2024
Nashik,Nashik Road,Theft,185,43783,Cloudy,128,11.86,11,19.9975,73.7898,High,06-12-2024
Pune,Shivaji Nagar,Cyber Crime,103,99512,Foggy,199,8.17,7,18.5308,73.8475,Medium,20-09-2025
Chhatrapati Sambhajinagar,Osmanpura,Theft,113,132694,Rainy,188,13.82,6,19.87,75.33,Medium,01-03-2026
Chhatrapati Sambhajinagar,CIDCO,Robbery,156,123744,Rainy,177,9.86,10,19.889,75.32,High,15-01-2024
Pune,Baner,Theft,231,30771,Foggy,10,14.58,12,18.559,73.7868,High,02-06-2026
Pune,Baner,Robbery,146,165948,Rainy,198,11.57,5,18.559,73.7868,Medium,03-04-2026
Nashik,CIDCO,Burglary,148,29680,Foggy,175,7.34,3,19.9667,73.7667,Medium,07-06-2026
Chhatrapati Sambhajinagar,Osmanpura,Robbery,242,122405,Rainy,131,13.74,12,19.87,75.33,High,16-01-2025
Mumbai,Bandra,Theft,219,76457,Foggy,165,9.24,1,19.0596,72.8295,High,08-12-2025
Chhatrapati Sambhajinagar,CIDCO,Fraud,158,58076,Rainy,117,4.54,4,19.889,75.32,High,05-04-2026
Chhatrapati Sambhajinagar,Aurangpura,Robbery,70,167387,Cloudy,48,11.07,12,19.8762,75.3433,Low,24-05-2026
Chhatrapati Sambhajinagar,CIDCO,Cyber Crime,156,155712,Rainy,15,8.76,12,19.889,75.32,High,26-11-2025
Pune,Shivaji Nagar,Assault,105,102344,Cloudy,157,4.42,12,18.5308,73.8475,Medium,06-03-2024
Nashik,Nashik Road,Cyber Crime,15,170348,Cloudy,64,13.1,9,19.9975,73.7898,Low,14-02-2024
Nagpur,Sitabuldi,Robbery,32,97382,Cloudy,127,13.64,12,21.1458,79.0882,Low,28-02-2025
Mumbai,Andheri,Cyber Crime,13,143631,Rainy,147,7.12,4,19.1136,72.8697,Low,05-12-2025
Chhatrapati Sambhajinagar,CIDCO,Cyber Crime,81,190495,Rainy,42,4.8,6,19.889,75.32,Medium,25-02-2024
Nagpur,Sitabuldi,Fraud,21,159852,Foggy,13,13.41,6,21.1458,79.0882,Low,04-02-2024
Chhatrapati Sambhajinagar,Aurangpura,Assault,71,44786,Rainy,15,7.61,5,19.8762,75.3433,Low,21-11-2024
Chhatrapati Sambhajinagar,Aurangpura,Cyber Crime,208,138224,Rainy,27,9.24,7,19.8762,75.3433,High,11-05-2026
Chhatrapati Sambhajinagar,Aurangpura,Robbery,28,116743,Rainy,213,12.73,11,19.8762,75.3433,Low,11-07-2025
Pune,Hadapsar,Theft,225,195651,Rainy,212,14.33,5,18.5089,73.9259,High,10-12-2025
Mumbai,Bandra,Assault,47,110625,Cloudy,16,3.66,9,19.0596,72.8295,Low,04-10-2025
Pune,Wakad,Cyber Crime,53,153478,Cloudy,32,4.27,9,18.5975,73.7637,Low,24-05-2025
Nashik,Gangapur Road,Robbery,122,158230,Cloudy,135,3.88,7,20.011,73.75,Medium,04-12-2025
Pune,Hinjewadi,Theft,97,175333,Rainy,56,3.11,9,18.5912,73.7389,Medium,17-03-2026
Pune,Wakad,Theft,215,31264,Foggy,47,11.33,12,18.5975,73.7637,High,26-04-2025
Chhatrapati Sambhajinagar,CIDCO,Burglary,92,197829,Foggy,200,12.91,8,19.889,75.32,Medium,29-11-2025
Nashik,Nashik Road,Burglary,42,56264,Foggy,99,9.09,4,19.9975,73.7898,Low,31-01-2026
Nagpur,Sitabuldi,Robbery,216,134931,Cloudy,39,10.77,7,21.1458,79.0882,High,12-05-2026
Chhatrapati Sambhajinagar,CIDCO,Theft,128,170058,Cloudy,99,9.64,11,19.889,75.32,Medium,30-10-2024
Nagpur,Jaripatka,Assault,84,152106,Sunny,24,13.7,3,21.1801,79.0955,Medium,19-02-2024
Nagpur,Shankar Nagar,Assault,201,191428,Cloudy,133,12.7,5,21.127,79.06,High,09-12-2024
Pune,Kothrud,Theft,69,157836,Sunny,14,10.5,1,18.5074,73.8077,Low,31-08-2024
Chhatrapati Sambhajinagar,Aurangpura,Theft,248,52997,Foggy,217,8.92,5,19.8762,75.3433,High,14-03-2025
Pune,Shivaji Nagar,Assault,163,82945,Foggy,82,6.94,4,18.5308,73.8475,High,09-04-2026
Nagpur,Dharampeth,Burglary,172,116706,Foggy,209,14.31,5,21.129,79.0588,High,10-04-2026
Chhatrapati Sambhajinagar,CIDCO,Burglary,69,136200,Sunny,186,9.23,9,19.889,75.32,Low,31-10-2025
Chhatrapati Sambhajinagar,Aurangpura,Fraud,94,153492,Foggy,27,13.5,10,19.8762,75.3433,Medium,17-08-2025
Pune,Shivaji Nagar,Robbery,243,70242,Sunny,119,14.59,1,18.5308,73.8475,High,15-05-2024
Chhatrapati Sambhajinagar,CIDCO,Burglary,69,128901,Foggy,146,10.24,1,19.889,75.32,Low,06-02-2025
Mumbai,Andheri,Fraud,138,152347,Cloudy,112,11.54,11,19.1136,72.8697,Medium,26-03-2026
Nagpur,Sadar,Theft,120,92390,Cloudy,18,5.04,2,21.1642,79.0821,Medium,10-05-2024
Chhatrapati Sambhajinagar,Osmanpura,Burglary,100,169481,Foggy,192,14.05,8,19.87,75.33,Medium,09-05-2025
Nashik,CIDCO,Theft,33,58870,Rainy,20,5.96,2,19.9667,73.7667,Low,01-09-2025
Pune,Kothrud,Cyber Crime,80,171588,Cloudy,23,13.12,11,18.5074,73.8077,Medium,23-07-2025
Mumbai,Bandra,Cyber Crime,235,28181,Sunny,175,3.2,10,19.0596,72.8295,High,17-06-2024
Chhatrapati Sambhajinagar,Osmanpura,Burglary,135,88366,Cloudy,169,12.47,10,19.87,75.33,Medium,13-06-2024
Nagpur,Civil Lines,Robbery,129,122580,Cloudy,140,6.63,1,21.153,79.072,Medium,22-01-2025
Nashik,Gangapur Road,Burglary,116,128654,Sunny,22,6.16,8,20.011,73.75,Medium,05-02-2024
Pune,Hadapsar,Cyber Crime,128,96447,Sunny,134,7.05,5,18.5089,73.9259,Medium,01-02-2024
Nashik,Nashik Road,Assault,69,159040,Sunny,21,12.96,8,19.9975,73.7898,Low,20-10-2024
Mumbai,Bandra,Cyber Crime,79,196985,Foggy,20,9.14,12,19.0596,72.8295,Medium,14-05-2025
Pune,Shivaji Nagar,Fraud,238,191589,Foggy,172,2.12,12,18.5308,73.8475,High,18-10-2024
Pune,Hadapsar,Fraud,225,191994,Cloudy,51,13.32,2,18.5089,73.9259,High,07-12-2025
Pune,Hinjewadi,Robbery,18,55114,Foggy,85,11.65,10,18.5912,73.7389,Low,22-12-2024
Nagpur,Sadar,Theft,227,63621,Foggy,26,9.43,10,21.1642,79.0821,High,19-03-2024
Nagpur,Lakadganj,Fraud,160,84064,Cloudy,28,9.41,4,21.1505,79.1155,High,29-10-2025
Nashik,CIDCO,Theft,248,71647,Rainy,180,10.17,8,19.9667,73.7667,High,30-05-2024
Chhatrapati Sambhajinagar,CIDCO,Cyber Crime,193,178842,Sunny,114,7.6,12,19.889,75.32,High,14-03-2026
Pune,Hinjewadi,Assault,89,129362,Cloudy,143,10.91,3,18.5912,73.7389,Medium,08-12-2025
Nagpur,Sitabuldi,Robbery,207,76097,Foggy,46,12.39,6,21.1458,79.0882,High,11-03-2025
Nagpur,Sadar,Cyber Crime,250,197501,Cloudy,130,7.45,8,21.1642,79.0821,High,17-03-2025
Mumbai,Bandra,Robbery,39,65665,Cloudy,8,14.15,3,19.0596,72.8295,Low,07-01-2025
Nagpur,Shankar Nagar,Assault,120,162127,Foggy,219,8.85,4,21.127,79.06,Medium,17-12-2024
Nashik,Nashik Road,Robbery,121,83295,Rainy,213,12.24,2,19.9975,73.7898,Medium,13-05-2024
Nagpur,Jaripatka,Theft,230,159913,Foggy,154,10.34,7,21.1801,79.0955,High,10-02-2026
Mumbai,Powai,Robbery,86,186830,Cloudy,172,8.06,8,19.1176,72.906,Medium,29-09-2024
Nashik,Gangapur Road,Fraud,42,135586,Rainy,199,12.4,4,20.011,73.75,Low,12-06-2024
Nashik,CIDCO,Cyber Crime,62,164562,Foggy,218,5.95,5,19.9667,73.7667,Low,03-10-2025
Nagpur,Civil Lines,Assault,182,147200,Foggy,120,8.95,3,21.153,79.072,High,16-10-2025
Pune,Hadapsar,Burglary,15,121800,Foggy,119,7.47,1,18.5089,73.9259,Low,23-02-2026
Pune,Wakad,Fraud,118,76768,Sunny,26,11.91,5,18.5975,73.7637,Medium,01-02-2026
Nashik,CIDCO,Fraud,116,169320,Cloudy,162,11.92,12,19.9667,73.7667,Medium,09-05-2024
Nashik,Gangapur Road,Cyber Crime,191,37589,Sunny,6,4.99,10,20.011,73.75,High,28-12-2024
Nashik,Nashik Road,Cyber Crime,151,182688,Cloudy,59,12.7,2,19.9975,73.7898,High,03-06-2025
Pune,Baner,Cyber Crime,103,97003,Sunny,31,6.82,11,18.559,73.7868,Medium,27-02-2026
Nagpur,Civil Lines,Burglary,42,26212,Rainy,198,6.08,4,21.153,79.072,Low,07-03-2025
Mumbai,Powai,Assault,124,141447,Sunny,150,3.69,3,19.1176,72.906,Medium,25-09-2024
Chhatrapati Sambhajinagar,CIDCO,Assault,250,34884,Sunny,220,14.37,6,19.889,75.32,High,31-05-2025
Nagpur,Shankar Nagar,Theft,223,122775,Cloudy,102,2.19,5,21.127,79.06,High,06-06-2025
Chhatrapati Sambhajinagar,Aurangpura,Robbery,163,64955,Sunny,14,3.34,5,19.8762,75.3433,High,11-10-2025
Pune,Kothrud,Cyber Crime,17,188942,Rainy,79,3.92,4,18.5074,73.8077,Low,10-06-2026
Nagpur,Sitabuldi,Fraud,243,46250,Rainy,48,9.46,1,21.1458,79.0882,High,03-09-2025
Nagpur,Shankar Nagar,Robbery,47,127387,Sunny,207,4.18,9,21.127,79.06,Low,12-10-2025
Nagpur,Sadar,Cyber Crime,33,124437,Foggy,135,5.4,9,21.1642,79.0821,Low,11-06-2026
Chhatrapati Sambhajinagar,Osmanpura,Assault,142,194689,Cloudy,17,10.64,7,19.87,75.33,Medium,06-05-2026
Mumbai,Borivali,Theft,139,129440,Foggy,127,8.88,5,19.2307,72.8567,Medium,28-11-2024
Mumbai,Borivali,Burglary,54,110328,Foggy,19,10.61,5,19.2307,72.8567,Low,19-05-2026
Nashik,Gangapur Road,Theft,238,121757,Rainy,66,8.28,7,20.011,73.75,High,21-05-2024
Nashik,CIDCO,Burglary,215,130532,Sunny,90,12.49,8,19.9667,73.7667,High,26-03-2026
Mumbai,Bandra,Assault,232,86545,Cloudy,216,4.32,5,19.0596,72.8295,High,29-03-2024
Mumbai,Powai,Cyber Crime,65,133459,Sunny,8,11.66,10,19.1176,72.906,Low,11-06-2026
Pune,Hinjewadi,Burglary,224,157241,Cloudy,54,5.6,10,18.5912,73.7389,High,08-01-2025
Mumbai,Colaba,Robbery,148,180114,Rainy,62,11.86,6,18.9067,72.8147,Medium,06-01-2025
Nashik,Nashik Road,Theft,168,174983,Sunny,140,12.09,12,19.9975,73.7898,High,26-08-2025
Chhatrapati Sambhajinagar,Osmanpura,Burglary,231,171397,Foggy,19,13.53,12,19.87,75.33,High,19-06-2026
Mumbai,Dadar,Assault,111,66498,Cloudy,83,9.82,4,19.0178,72.8478,Medium,19-09-2024
Mumbai,Dadar,Fraud,76,107014,Cloudy,148,11.59,4,19.0178,72.8478,Medium,26-07-2025
Nagpur,Shankar Nagar,Assault,48,125577,Cloudy,83,11.35,7,21.127,79.06,Low,23-07-2024
Mumbai,Borivali,Robbery,18,89462,Cloudy,98,8.42,8,19.2307,72.8567,Low,09-06-2025
Chhatrapati Sambhajinagar,Osmanpura,Fraud,72,173678,Sunny,86,3.7,11,19.87,75.33,Low,22-03-2025
Pune,Baner,Robbery,145,107704,Sunny,165,13.99,8,18.559,73.7868,Medium,13-01-2024
Pune,Kothrud,Fraud,218,168970,Cloudy,39,12.08,3,18.5074,73.8077,High,02-01-2026
Nagpur,Sadar,Theft,208,146662,Foggy,33,12.6,12,21.1642,79.0821,High,01-05-2026
Pune,Baner,Assault,232,78786,Cloudy,181,8.98,12,18.559,73.7868,High,12-06-2026
Nashik,Gangapur Road,Theft,149,181104,Sunny,170,6.41,11,20.011,73.75,Medium,14-08-2025
Pune,Kothrud,Theft,179,187060,Foggy,14,13.93,6,18.5074,73.8077,High,19-03-2024
Nashik,CIDCO,Assault,89,58817,Cloudy,144,13.04,11,19.9667,73.7667,Medium,18-07-2024
Pune,Wakad,Theft,42,90037,Rainy,132,10.39,3,18.5975,73.7637,Low,26-01-2024
Nagpur,Civil Lines,Assault,243,65541,Foggy,137,7.39,5,21.153,79.072,High,02-02-2026
Nagpur,Sadar,Robbery,36,139844,Rainy,146,12.41,12,21.1642,79.0821,Low,29-03-2024
Nagpur,Civil Lines,Cyber Crime,67,42883,Rainy,31,2.92,11,21.153,79.072,Low,17-04-2025
Nashik,CIDCO,Burglary,155,93471,Cloudy,58,14.81,6,19.9667,73.7667,High,03-11-2025
Nagpur,Jaripatka,Fraud,109,29195,Rainy,88,4.93,8,21.1801,79.0955,Medium,30-08-2025
Chhatrapati Sambhajinagar,CIDCO,Cyber Crime,198,196117,Foggy,107,6.59,9,19.889,75.32,High,06-04-2024
Nagpur,Shankar Nagar,Fraud,202,144711,Foggy,11,10.4,2,21.127,79.06,High,18-01-2026
Chhatrapati Sambhajinagar,CIDCO,Assault,125,82398,Sunny,146,10.66,10,19.889,75.32,Medium,28-07-2025
Nagpur,Sitabuldi,Cyber Crime,219,50081,Cloudy,23,3.23,3,21.1458,79.0882,High,17-02-2026
Nagpur,Civil Lines,Robbery,26,155597,Rainy,49,5.49,6,21.153,79.072,Low,08-03-2026
Pune,Kothrud,Cyber Crime,78,111295,Sunny,22,9.74,8,18.5074,73.8077,Medium,12-03-2025
Nashik,Gangapur Road,Burglary,28,191901,Sunny,104,13.64,7,20.011,73.75,Low,28-04-2024
Nagpur,Shankar Nagar,Cyber Crime,159,97929,Rainy,184,11.09,2,21.127,79.06,High,14-02-2026
Pune,Hinjewadi,Burglary,10,161556,Rainy,206,13.41,9,18.5912,73.7389,Low,22-11-2024
Nashik,CIDCO,Theft,77,34047,Rainy,105,5.02,1,19.9667,73.7667,Medium,03-08-2024
Pune,Wakad,Robbery,215,194496,Cloudy,16,8.3,11,18.5975,73.7637,High,22-12-2024
Nagpur,Jaripatka,Burglary,46,110960,Sunny,92,5.84,1,21.1801,79.0955,Low,17-06-2025
Mumbai,Bandra,Assault,147,38307,Foggy,156,11.09,6,19.0596,72.8295,Medium,19-11-2024
Pune,Hinjewadi,Assault,151,28168,Foggy,37,6.88,12,18.5912,73.7389,High,24-05-2024
Chhatrapati Sambhajinagar,CIDCO,Theft,47,86136,Foggy,159,2.04,2,19.889,75.32,Low,12-01-2024
Mumbai,Powai,Fraud,29,51360,Foggy,193,9.28,12,19.1176,72.906,Low,07-03-2024
Nagpur,Civil Lines,Cyber Crime,228,152062,Cloudy,112,6.04,9,21.153,79.072,High,30-01-2024
Mumbai,Andheri,Robbery,175,115535,Cloudy,197,7.91,1,19.1136,72.8697,High,05-03-2024
Chhatrapati Sambhajinagar,CIDCO,Robbery,107,127824,Rainy,21,6.67,5,19.889,75.32,Medium,27-01-2025
Chhatrapati Sambhajinagar,CIDCO,Assault,163,96925,Rainy,110,8.92,3,19.889,75.32,High,07-08-2024
Pune,Baner,Theft,204,69704,Sunny,7,4.2,1,18.559,73.7868,High,18-08-2024
Nashik,Gangapur Road,Fraud,136,46133,Sunny,195,14.26,12,20.011,73.75,Medium,08-01-2026
Pune,Hinjewadi,Assault,67,117383,Rainy,211,14.39,8,18.5912,73.7389,Low,24-08-2025
Mumbai,Borivali,Burglary,116,160010,Cloudy,31,13.24,3,19.2307,72.8567,Medium,01-09-2025
Nagpur,Sitabuldi,Theft,240,140156,Sunny,177,13.71,11,21.1458,79.0882,High,27-04-2026
Mumbai,Borivali,Fraud,136,82664,Sunny,134,10.21,10,19.2307,72.8567,Medium,03-12-2025
Chhatrapati Sambhajinagar,Osmanpura,Fraud,93,36711,Cloudy,106,11.25,6,19.87,75.33,Medium,24-09-2025
Nashik,Nashik Road,Robbery,17,150517,Sunny,120,7.12,5,19.9975,73.7898,Low,19-11-2025
Nashik,Gangapur Road,Theft,172,106018,Foggy,148,2.6,7,20.011,73.75,High,03-06-2024
Nashik,Gangapur Road,Burglary,87,138992,Cloudy,47,4.86,8,20.011,73.75,Medium,03-06-2026
Chhatrapati Sambhajinagar,Osmanpura,Theft,141,194557,Foggy,184,5.46,2,19.87,75.33,Medium,17-03-2026
Pune,Hinjewadi,Assault,164,169878,Sunny,155,7.8,4,18.5912,73.7389,High,16-07-2025
Chhatrapati Sambhajinagar,Osmanpura,Robbery,90,144157,Sunny,20,4.44,4,19.87,75.33,Medium,26-11-2025
Mumbai,Bandra,Cyber Crime,123,80637,Cloudy,88,14.44,3,19.0596,72.8295,Medium,07-06-2026
Mumbai,Andheri,Burglary,107,78088,Sunny,164,11,9,19.1136,72.8697,Medium,04-01-2024
Nagpur,Civil Lines,Theft,234,117726,Cloudy,139,14.09,2,21.153,79.072,High,29-01-2026
Nagpur,Sitabuldi,Burglary,90,71245,Cloudy,161,8.88,4,21.1458,79.0882,Medium,20-03-2026
Chhatrapati Sambhajinagar,Aurangpura,Cyber Crime,222,118429,Foggy,123,14.67,11,19.8762,75.3433,High,22-03-2025
Mumbai,Andheri,Burglary,21,85030,Rainy,102,12.82,4,19.1136,72.8697,Low,15-11-2024
Nashik,Nashik Road,Burglary,32,175185,Cloudy,202,2.16,8,19.9975,73.7898,Low,28-06-2025
Chhatrapati Sambhajinagar,Aurangpura,Assault,96,141016,Foggy,37,4.41,7,19.8762,75.3433,Medium,16-10-2025
Nashik,CIDCO,Burglary,92,182268,Sunny,31,8.59,11,19.9667,73.7667,Medium,31-05-2026
Nagpur,Lakadganj,Theft,64,44075,Rainy,118,14.7,2,21.1505,79.1155,Low,13-12-2025
Nashik,CIDCO,Assault,34,90942,Foggy,111,7.12,12,19.9667,73.7667,Low,10-06-2025
Nagpur,Dharampeth,Robbery,192,120280,Sunny,127,10.07,5,21.129,79.0588,High,19-08-2024
Nashik,Nashik Road,Theft,156,141814,Cloudy,216,13.64,4,19.9975,73.7898,High,29-09-2024
Nagpur,Shankar Nagar,Fraud,136,47011,Rainy,218,10.75,5,21.127,79.06,Medium,03-05-2025
Nashik,Gangapur Road,Assault,75,81304,Rainy,114,13.64,5,20.011,73.75,Low,21-01-2024
Pune,Hadapsar,Cyber Crime,244,94275,Foggy,71,3.98,5,18.5089,73.9259,High,19-03-2025
Nashik,Nashik Road,Cyber Crime,204,78524,Foggy,215,2.68,9,19.9975,73.7898,High,16-01-2025
Mumbai,Bandra,Cyber Crime,23,69471,Cloudy,38,11.23,12,19.0596,72.8295,Low,11-07-2025
Chhatrapati Sambhajinagar,Aurangpura,Fraud,10,181088,Sunny,62,6.94,5,19.8762,75.3433,Low,10-10-2025
Nashik,Nashik Road,Fraud,93,30652,Foggy,118,9.92,7,19.9975,73.7898,Medium,14-04-2026
Mumbai,Andheri,Theft,202,121283,Sunny,133,10.98,1,19.1136,72.8697,High,23-09-2024
Nagpur,Civil Lines,Fraud,125,59772,Sunny,45,9.63,4,21.153,79.072,Medium,23-10-2025
Chhatrapati Sambhajinagar,CIDCO,Robbery,223,102056,Foggy,142,2.24,10,19.889,75.32,High,13-01-2024
Nagpur,Lakadganj,Robbery,215,164559,Sunny,25,12.7,6,21.1505,79.1155,High,20-04-2025
Pune,Shivaji Nagar,Burglary,88,158784,Foggy,11,9.43,4,18.5308,73.8475,Medium,10-02-2025
Chhatrapati Sambhajinagar,CIDCO,Burglary,71,88922,Foggy,35,13.4,3,19.889,75.32,Low,18-12-2025
Mumbai,Dadar,Robbery,163,170489,Rainy,143,11.25,9,19.0178,72.8478,High,14-01-2025
Nagpur,Lakadganj,Cyber Crime,33,106040,Cloudy,166,2.61,12,21.1505,79.1155,Low,15-05-2025
Mumbai,Bandra,Robbery,65,164713,Foggy,91,2.73,5,19.0596,72.8295,Low,26-09-2025
Chhatrapati Sambhajinagar,CIDCO,Robbery,189,198090,Sunny,107,12.81,3,19.889,75.32,High,27-06-2024
Chhatrapati Sambhajinagar,Osmanpura,Fraud,150,52687,Sunny,119,2.7,8,19.87,75.33,Medium,20-08-2024
Nashik,CIDCO,Cyber Crime,250,41424,Foggy,182,7.79,1,19.9667,73.7667,High,17-02-2025
Mumbai,Borivali,Theft,133,97224,Foggy,113,8.9,5,19.2307,72.8567,Medium,11-06-2024
Nagpur,Sadar,Burglary,88,139869,Sunny,182,8.58,4,21.1642,79.0821,Medium,16-10-2025
Mumbai,Bandra,Robbery,143,90511,Rainy,44,14.86,2,19.0596,72.8295,Medium,28-04-2025
Mumbai,Dadar,Theft,231,64231,Foggy,210,7.14,12,19.0178,72.8478,High,05-06-2026
Nagpur,Dharampeth,Cyber Crime,41,187410,Foggy,133,5.74,5,21.129,79.0588,Low,02-01-2026
Nashik,Nashik Road,Cyber Crime,21,159553,Cloudy,197,9.27,1,19.9975,73.7898,Low,26-07-2024
Chhatrapati Sambhajinagar,Aurangpura,Robbery,38,136148,Rainy,25,14.26,4,19.8762,75.3433,Low,22-12-2025
Chhatrapati Sambhajinagar,CIDCO,Cyber Crime,24,46192,Sunny,94,14.08,8,19.889,75.32,Low,10-06-2025
Nashik,CIDCO,Robbery,110,51352,Sunny,125,13.04,9,19.9667,73.7667,Medium,18-03-2026
Chhatrapati Sambhajinagar,Osmanpura,Cyber Crime,69,114364,Sunny,54,14.28,11,19.87,75.33,Low,07-02-2025
Mumbai,Dadar,Fraud,190,82404,Cloudy,70,10.13,7,19.0178,72.8478,High,09-10-2025
Pune,Hinjewadi,Burglary,240,168739,Cloudy,196,5.99,6,18.5912,73.7389,High,12-05-2026
Chhatrapati Sambhajinagar,Aurangpura,Assault,107,80921,Foggy,65,5.72,12,19.8762,75.3433,Medium,21-05-2026
Chhatrapati Sambhajinagar,Aurangpura,Assault,196,56068,Sunny,47,11.01,9,19.8762,75.3433,High,17-08-2024
Chhatrapati Sambhajinagar,CIDCO,Burglary,187,134058,Foggy,10,8.79,11,19.889,75.32,High,26-12-2024
Pune,Baner,Cyber Crime,147,103224,Cloudy,6,12.88,10,18.559,73.7868,Medium,20-07-2024
Chhatrapati Sambhajinagar,Osmanpura,Assault,37,163731,Rainy,83,5.88,3,19.87,75.33,Low,14-03-2025
Mumbai,Dadar,Robbery,12,79619,Rainy,96,2.82,10,19.0178,72.8478,Low,01-05-2024
Mumbai,Bandra,Burglary,149,89784,Sunny,153,7.68,8,19.0596,72.8295,Medium,20-05-2026
Chhatrapati Sambhajinagar,CIDCO,Burglary,131,72470,Cloudy,161,8.28,11,19.889,75.32,Medium,31-05-2025
Nashik,Nashik Road,Assault,216,29972,Cloudy,157,14.47,6,19.9975,73.7898,High,26-09-2025
Pune,Shivaji Nagar,Robbery,177,126006,Cloudy,179,7.71,5,18.5308,73.8475,High,22-04-2026
Chhatrapati Sambhajinagar,Aurangpura,Cyber Crime,193,102786,Cloudy,41,11.82,2,19.8762,75.3433,High,15-02-2024
Chhatrapati Sambhajinagar,Aurangpura,Robbery,169,55265,Sunny,145,11.96,8,19.8762,75.3433,High,18-09-2025
Nagpur,Lakadganj,Theft,221,188417,Cloudy,164,4.57,12,21.1505,79.1155,High,14-08-2024
Pune,Hadapsar,Cyber Crime,31,191117,Foggy,170,13.66,6,18.5089,73.9259,Low,24-12-2024
Pune,Hadapsar,Theft,118,47575,Foggy,186,13.4,12,18.5089,73.9259,Medium,18-06-2026
Chhatrapati Sambhajinagar,CIDCO,Robbery,212,101359,Cloudy,189,14.66,12,19.889,75.32,High,18-07-2025
Nashik,CIDCO,Theft,32,137912,Rainy,210,7.76,7,19.9667,73.7667,Low,03-08-2024
Pune,Hinjewadi,Theft,58,90982,Sunny,34,3.72,10,18.5912,73.7389,Low,06-01-2024
Mumbai,Andheri,Cyber Crime,81,95389,Cloudy,66,5.71,5,19.1136,72.8697,Medium,09-04-2024
Mumbai,Dadar,Cyber Crime,22,30408,Rainy,130,8.12,1,19.0178,72.8478,Low,13-03-2026
Chhatrapati Sambhajinagar,CIDCO,Assault,183,26880,Foggy,194,7.65,10,19.889,75.32,High,23-12-2024
Chhatrapati Sambhajinagar,Aurangpura,Assault,200,80475,Cloudy,96,4.67,10,19.8762,75.3433,High,30-01-2026
Chhatrapati Sambhajinagar,Osmanpura,Theft,12,173278,Rainy,217,12.3,3,19.87,75.33,Low,30-01-2026
Chhatrapati Sambhajinagar,CIDCO,Cyber Crime,230,184220,Foggy,127,2.6,12,19.889,75.32,High,07-10-2024
Chhatrapati Sambhajinagar,Osmanpura,Cyber Crime,172,144950,Cloudy,30,13.85,9,19.87,75.33,High,02-05-2024
Nashik,Nashik Road,Assault,41,124159,Rainy,99,10.24,3,19.9975,73.7898,Low,15-03-2024
Nagpur,Jaripatka,Theft,80,176438,Rainy,105,6.23,3,21.1801,79.0955,Medium,18-08-2025
Nagpur,Civil Lines,Fraud,61,163003,Cloudy,63,8.79,2,21.153,79.072,Low,18-06-2026
Pune,Kothrud,Theft,224,191452,Rainy,135,5.8,5,18.5074,73.8077,High,04-03-2026
Pune,Kothrud,Fraud,224,37907,Foggy,97,4,12,18.5074,73.8077,High,26-09-2025
Pune,Shivaji Nagar,Burglary,117,30546,Foggy,146,7.17,1,18.5308,73.8475,Medium,06-08-2024
Pune,Shivaji Nagar,Assault,69,121535,Sunny,84,6.33,2,18.5308,73.8475,Low,27-01-2024
Pune,Kothrud,Theft,82,93091,Cloudy,18,14.29,11,18.5074,73.8077,Medium,09-01-2025
Pune,Shivaji Nagar,Theft,36,63024,Sunny,220,8.3,4,18.5308,73.8475,Low,10-03-2024
Nagpur,Jaripatka,Burglary,147,92287,Cloudy,88,8.58,3,21.1801,79.0955,Medium,26-02-2026
Chhatrapati Sambhajinagar,CIDCO,Fraud,50,84831,Sunny,159,3.03,11,19.889,75.32,Low,27-06-2025
Mumbai,Borivali,Burglary,16,182502,Foggy,148,2.17,11,19.2307,72.8567,Low,17-07-2024
Chhatrapati Sambhajinagar,Aurangpura,Burglary,92,131853,Foggy,151,11.45,8,19.8762,75.3433,Medium,30-06-2024
Mumbai,Borivali,Robbery,164,117923,Rainy,78,12.34,7,19.2307,72.8567,High,06-11-2025
Chhatrapati Sambhajinagar,Osmanpura,Theft,128,142408,Foggy,177,13.05,9,19.87,75.33,Medium,15-05-2025
Nagpur,Sadar,Assault,144,126305,Foggy,92,6.54,3,21.1642,79.0821,Medium,19-09-2024
Nagpur,Dharampeth,Robbery,249,175603,Cloudy,147,12.91,3,21.129,79.0588,High,06-09-2024
Chhatrapati Sambhajinagar,Aurangpura,Cyber Crime,207,77941,Rainy,186,8.77,12,19.8762,75.3433,High,28-03-2026
Chhatrapati Sambhajinagar,Osmanpura,Theft,153,142707,Cloudy,187,10.11,5,19.87,75.33,High,14-04-2024
Pune,Kothrud,Fraud,159,137561,Sunny,187,11.37,1,18.5074,73.8077,High,14-08-2024
Pune,Shivaji Nagar,Fraud,111,100570,Cloudy,158,9.91,5,18.5308,73.8475,Medium,08-06-2026
Mumbai,Andheri,Assault,110,165542,Sunny,24,5.65,3,19.1136,72.8697,Medium,19-03-2025
Nashik,Nashik Road,Assault,32,196277,Rainy,42,9.64,11,19.9975,73.7898,Low,01-03-2025
Nashik,Gangapur Road,Assault,13,95518,Sunny,150,9.34,4,20.011,73.75,Low,12-04-2026
Pune,Shivaji Nagar,Burglary,25,176877,Foggy,154,5.18,12,18.5308,73.8475,Low,29-03-2024
Nashik,CIDCO,Fraud,147,61903,Sunny,100,8.08,4,19.9667,73.7667,Medium,02-08-2025
Nagpur,Shankar Nagar,Assault,96,31907,Sunny,176,12.02,10,21.127,79.06,Medium,25-02-2025
Pune,Hinjewadi,Burglary,211,127979,Sunny,143,14.95,12,18.5912,73.7389,High,24-04-2024
Pune,Baner,Fraud,249,132778,Sunny,95,6.64,8,18.559,73.7868,High,21-07-2024
Nagpur,Dharampeth,Burglary,65,190177,Rainy,36,3.17,1,21.129,79.0588,Low,04-01-2024
Chhatrapati Sambhajinagar,CIDCO,Robbery,181,99905,Rainy,88,3.58,11,19.889,75.32,High,25-04-2024
Nashik,Gangapur Road,Robbery,197,94122,Foggy,187,10.29,5,20.011,73.75,High,24-02-2024
Pune,Wakad,Burglary,160,97351,Foggy,186,13.37,3,18.5975,73.7637,High,01-10-2024
Nashik,CIDCO,Theft,107,143002,Rainy,67,5.62,12,19.9667,73.7667,Medium,17-10-2024
Nagpur,Shankar Nagar,Theft,191,140729,Cloudy,24,9.16,8,21.127,79.06,High,06-07-2024
Nashik,Gangapur Road,Fraud,195,102685,Rainy,191,11.11,8,20.011,73.75,High,14-08-2025
Nagpur,Sitabuldi,Fraud,21,100212,Cloudy,56,14.41,12,21.1458,79.0882,Low,18-04-2025
Nagpur,Lakadganj,Theft,167,198592,Sunny,93,11.68,6,21.1505,79.1155,High,15-06-2025
Nashik,CIDCO,Burglary,205,129655,Cloudy,99,5.35,3,19.9667,73.7667,High,29-05-2026
Pune,Hadapsar,Robbery,75,181387,Cloudy,57,14.44,11,18.5089,73.9259,Low,24-08-2025
Mumbai,Borivali,Cyber Crime,216,40627,Cloudy,13,3.76,5,19.2307,72.8567,High,17-05-2024
Nagpur,Sadar,Cyber Crime,71,97197,Sunny,198,8.48,10,21.1642,79.0821,Low,25-08-2025
Mumbai,Bandra,Fraud,120,123936,Sunny,174,9.16,8,19.0596,72.8295,Medium,21-07-2024
Nagpur,Civil Lines,Cyber Crime,180,178424,Sunny,79,3.87,10,21.153,79.072,High,30-04-2026
Nagpur,Sitabuldi,Burglary,106,100879,Foggy,121,2.72,2,21.1458,79.0882,Medium,23-02-2026
Nagpur,Civil Lines,Burglary,143,72450,Foggy,103,6.08,1,21.153,79.072,Medium,31-01-2026
Nagpur,Jaripatka,Burglary,238,103847,Foggy,37,2.76,2,21.1801,79.0955,High,18-02-2025
Nashik,CIDCO,Assault,196,52556,Cloudy,169,14.36,5,19.9667,73.7667,High,21-12-2024
Pune,Kothrud,Fraud,226,67154,Sunny,159,12.87,10,18.5074,73.8077,High,31-01-2024
Nashik,CIDCO,Assault,176,194906,Rainy,217,13.47,12,19.9667,73.7667,High,15-12-2025
Nashik,Nashik Road,Fraud,208,51151,Rainy,123,13.4,2,19.9975,73.7898,High,30-01-2026
Mumbai,Colaba,Theft,187,147110,Cloudy,122,14.09,11,18.9067,72.8147,High,24-06-2024
Mumbai,Bandra,Burglary,165,84365,Sunny,35,8.26,5,19.0596,72.8295,High,30-11-2025
Nagpur,Sadar,Theft,61,89991,Foggy,173,5.89,12,21.1642,79.0821,Low,19-02-2024
Mumbai,Bandra,Robbery,45,177429,Sunny,37,11.9,7,19.0596,72.8295,Low,14-10-2024
Chhatrapati Sambhajinagar,CIDCO,Robbery,164,173575,Sunny,10,11.98,5,19.889,75.32,High,04-11-2025
Mumbai,Dadar,Cyber Crime,27,114382,Foggy,220,12.15,3,19.0178,72.8478,Low,28-04-2025
Mumbai,Andheri,Assault,18,94807,Sunny,124,5.52,8,19.1136,72.8697,Low,14-12-2024
Chhatrapati Sambhajinagar,CIDCO,Cyber Crime,33,153557,Foggy,68,2.66,4,19.889,75.32,Low,17-11-2025
Chhatrapati Sambhajinagar,Aurangpura,Fraud,231,37765,Rainy,105,4.51,2,19.8762,75.3433,High,06-02-2024
Nagpur,Shankar Nagar,Fraud,231,57011,Sunny,23,7.11,12,21.127,79.06,High,21-04-2025
Chhatrapati Sambhajinagar,Osmanpura,Fraud,71,107131,Sunny,30,11.65,2,19.87,75.33,Low,12-01-2025
Pune,Hinjewadi,Burglary,90,147683,Foggy,35,9.88,4,18.5912,73.7389,Medium,10-11-2025
Chhatrapati Sambhajinagar,Osmanpura,Assault,214,159787,Foggy,14,8.39,11,19.87,75.33,High,07-01-2024
Chhatrapati Sambhajinagar,Osmanpura,Assault,24,140741,Sunny,157,4.73,1,19.87,75.33,Low,23-04-2025
Nashik,CIDCO,Cyber Crime,86,94647,Foggy,163,13.5,6,19.9667,73.7667,Medium,20-12-2024
Pune,Hinjewadi,Fraud,243,73926,Sunny,113,12.73,10,18.5912,73.7389,High,07-04-2024
Chhatrapati Sambhajinagar,CIDCO,Theft,235,85713,Foggy,213,14.59,12,19.889,75.32,High,17-08-2024
Nashik,CIDCO,Theft,42,113012,Sunny,163,11.92,6,19.9667,73.7667,Low,11-02-2025
Pune,Hinjewadi,Burglary,182,72415,Rainy,29,7.7,11,18.5912,73.7389,High,20-01-2025
Nashik,Gangapur Road,Fraud,177,54598,Cloudy,134,7.58,3,20.011,73.75,High,04-03-2025
Nagpur,Sadar,Robbery,12,174329,Rainy,50,8.25,1,21.1642,79.0821,Low,01-09-2024
Nagpur,Jaripatka,Assault,34,133619,Foggy,218,6.26,4,21.1801,79.0955,Low,30-05-2026
Nagpur,Civil Lines,Assault,72,48354,Rainy,18,3.6,11,21.153,79.072,Low,02-08-2024
Nagpur,Shankar Nagar,Burglary,178,111007,Foggy,145,13.7,11,21.127,79.06,High,17-04-2024
Nagpur,Sadar,Fraud,107,190739,Cloudy,98,4.82,4,21.1642,79.0821,Medium,14-07-2025
Pune,Shivaji Nagar,Theft,136,35755,Rainy,176,7.7,3,18.5308,73.8475,Medium,06-04-2025
Chhatrapati Sambhajinagar,Osmanpura,Burglary,109,79425,Rainy,95,7.71,1,19.87,75.33,Medium,19-04-2025
Nashik,Nashik Road,Assault,236,32211,Rainy,80,13.38,8,19.9975,73.7898,High,20-02-2025
Mumbai,Dadar,Cyber Crime,187,52825,Cloudy,185,9.28,10,19.0178,72.8478,High,23-12-2025
Pune,Baner,Assault,44,163166,Rainy,101,11.92,12,18.559,73.7868,Low,24-04-2025
Nashik,Gangapur Road,Theft,190,55915,Rainy,151,8.62,9,20.011,73.75,High,24-05-2026
Nashik,Gangapur Road,Burglary,99,173903,Cloudy,198,8.62,2,20.011,73.75,Medium,22-09-2024
Nagpur,Shankar Nagar,Assault,98,177751,Cloudy,220,2.53,2,21.127,79.06,Medium,15-03-2025
Nagpur,Sitabuldi,Burglary,193,86552,Sunny,111,5.18,2,21.1458,79.0882,High,22-09-2025
Pune,Hadapsar,Theft,93,127338,Sunny,196,3.53,7,18.5089,73.9259,Medium,01-02-2025
Nagpur,Sitabuldi,Assault,248,27852,Sunny,65,10.56,9,21.1458,79.0882,High,25-09-2024
Nagpur,Dharampeth,Burglary,221,129719,Foggy,12,8.78,9,21.129,79.0588,High,08-09-2024
Pune,Kothrud,Cyber Crime,95,196195,Sunny,75,12.82,3,18.5074,73.8077,Medium,30-10-2024
Mumbai,Andheri,Theft,151,86436,Sunny,33,12.74,2,19.1136,72.8697,High,20-04-2025
Nashik,Gangapur Road,Cyber Crime,123,194396,Cloudy,213,12.92,11,20.011,73.75,Medium,27-09-2024
Chhatrapati Sambhajinagar,Osmanpura,Cyber Crime,187,87593,Foggy,107,5.66,8,19.87,75.33,High,24-09-2025
Mumbai,Dadar,Cyber Crime,208,184482,Foggy,25,8.39,4,19.0178,72.8478,High,13-10-2025
Nagpur,Lakadganj,Theft,235,173315,Cloudy,41,9.35,1,21.1505,79.1155,High,10-02-2024
Nashik,CIDCO,Burglary,60,27677,Foggy,191,3.21,5,19.9667,73.7667,Low,04-03-2026
Chhatrapati Sambhajinagar,CIDCO,Burglary,11,92820,Sunny,176,7.93,2,19.889,75.32,Low,22-05-2026
Mumbai,Powai,Assault,104,85067,Cloudy,194,2.31,11,19.1176,72.906,Medium,02-11-2025
Chhatrapati Sambhajinagar,Aurangpura,Burglary,140,162332,Sunny,159,4.16,6,19.8762,75.3433,Medium,14-06-2024
Chhatrapati Sambhajinagar,CIDCO,Robbery,35,31760,Rainy,76,8.59,7,19.889,75.32,Low,03-09-2025
Chhatrapati Sambhajinagar,CIDCO,Assault,98,32956,Foggy,163,7.45,3,19.889,75.32,Medium,14-12-2024
Pune,Hadapsar,Theft,82,35994,Rainy,130,13.76,3,18.5089,73.9259,Medium,07-06-2026
Chhatrapati Sambhajinagar,Aurangpura,Robbery,191,51940,Rainy,33,12.2,4,19.8762,75.3433,High,07-05-2025
Nashik,Gangapur Road,Robbery,16,62467,Rainy,115,9.21,9,20.011,73.75,Low,11-09-2025
Mumbai,Bandra,Assault,46,164233,Rainy,51,4,6,19.0596,72.8295,Low,16-07-2025
Chhatrapati Sambhajinagar,Osmanpura,Robbery,192,162592,Sunny,190,10.65,7,19.87,75.33,High,01-11-2024
Nagpur,Civil Lines,Theft,24,167774,Rainy,188,8.1,3,21.153,79.072,Low,27-06-2025
Nashik,Gangapur Road,Assault,171,146715,Rainy,49,3.76,3,20.011,73.75,High,27-07-2024
Mumbai,Borivali,Assault,107,66448,Cloudy,138,10.14,1,19.2307,72.8567,Medium,04-04-2026
Pune,Hinjewadi,Fraud,230,188126,Rainy,138,12.29,9,18.5912,73.7389,High,20-08-2025
Mumbai,Dadar,Robbery,198,142406,Sunny,135,9.22,5,19.0178,72.8478,High,31-10-2025
Mumbai,Borivali,Cyber Crime,119,104206,Rainy,213,4.17,8,19.2307,72.8567,Medium,31-10-2024
Chhatrapati Sambhajinagar,CIDCO,Cyber Crime,110,84878,Foggy,32,4.12,9,19.889,75.32,Medium,22-09-2025
Mumbai,Borivali,Theft,125,96528,Rainy,127,14.23,2,19.2307,72.8567,Medium,04-01-2025
Pune,Hinjewadi,Burglary,190,145720,Foggy,25,7.31,8,18.5912,73.7389,High,29-04-2024
Mumbai,Dadar,Burglary,86,78261,Cloudy,22,9.39,4,19.0178,72.8478,Medium,22-10-2025
Pune,Hinjewadi,Burglary,109,61901,Sunny,66,10.68,2,18.5912,73.7389,Medium,19-01-2026
Chhatrapati Sambhajinagar,Osmanpura,Fraud,176,108504,Rainy,176,4.59,7,19.87,75.33,High,13-05-2025
Nashik,Gangapur Road,Fraud,62,168057,Rainy,204,14.39,12,20.011,73.75,Low,26-07-2024
Pune,Shivaji Nagar,Cyber Crime,131,53979,Foggy,119,10.59,11,18.5308,73.8475,Medium,15-11-2024
Nashik,Nashik Road,Burglary,185,196418,Foggy,118,8.97,7,19.9975,73.7898,High,22-05-2026
Mumbai,Colaba,Burglary,164,106674,Rainy,139,7.24,7,18.9067,72.8147,High,20-02-2026
Nagpur,Dharampeth,Assault,108,45374,Sunny,143,12.72,11,21.129,79.0588,Medium,11-06-2024
Nashik,Gangapur Road,Burglary,234,100150,Foggy,182,13.95,7,20.011,73.75,High,27-05-2025
Pune,Shivaji Nagar,Theft,185,66790,Cloudy,87,7.09,2,18.5308,73.8475,High,14-02-2026
Pune,Kothrud,Burglary,175,146602,Rainy,40,8.26,2,18.5074,73.8077,High,18-11-2025
Nashik,Gangapur Road,Burglary,83,154812,Foggy,11,9.18,9,20.011,73.75,Medium,19-06-2025
Pune,Kothrud,Cyber Crime,154,195325,Rainy,177,11.89,7,18.5074,73.8077,High,17-10-2025
Nagpur,Sadar,Cyber Crime,125,131055,Sunny,5,5.05,10,21.1642,79.0821,Medium,05-01-2025
Chhatrapati Sambhajinagar,Osmanpura,Burglary,199,97595,Cloudy,69,13.82,7,19.87,75.33,High,12-11-2024
Chhatrapati Sambhajinagar,CIDCO,Robbery,249,63851,Foggy,77,4.6,4,19.889,75.32,High,15-09-2025
Chhatrapati Sambhajinagar,Aurangpura,Burglary,233,128104,Foggy,52,10.52,3,19.8762,75.3433,High,11-07-2025
Mumbai,Powai,Robbery,76,116758,Sunny,151,7.26,10,19.1176,72.906,Medium,18-11-2025
Nashik,Nashik Road,Fraud,161,67081,Rainy,45,8.96,9,19.9975,73.7898,High,11-06-2024
Nashik,Gangapur Road,Fraud,210,88628,Foggy,45,10.83,12,20.011,73.75,High,27-04-2025
Pune,Kothrud,Theft,185,114114,Rainy,120,4.45,4,18.5074,73.8077,High,26-09-2025
Nagpur,Sitabuldi,Cyber Crime,12,56348,Cloudy,135,7.06,3,21.1458,79.0882,Low,24-12-2024
Nagpur,Sitabuldi,Burglary,85,130425,Rainy,16,3.32,9,21.1458,79.0882,Medium,22-05-2025
Nagpur,Shankar Nagar,Assault,162,138845,Cloudy,100,12.19,10,21.127,79.06,High,14-08-2024
Nashik,Nashik Road,Robbery,141,185826,Cloudy,36,14.6,2,19.9975,73.7898,Medium,08-01-2024
Mumbai,Borivali,Cyber Crime,105,40047,Cloudy,89,13.95,2,19.2307,72.8567,Medium,12-10-2024
Mumbai,Borivali,Cyber Crime,191,131743,Foggy,87,11.64,1,19.2307,72.8567,High,02-04-2025
Pune,Baner,Fraud,109,150023,Rainy,66,6.26,11,18.559,73.7868,Medium,25-05-2026
Pune,Hadapsar,Burglary,246,64975,Rainy,215,2.58,7,18.5089,73.9259,High,12-08-2025
Pune,Shivaji Nagar,Robbery,141,136910,Rainy,146,13.86,11,18.5308,73.8475,Medium,27-12-2024
Mumbai,Andheri,Theft,232,149564,Cloudy,121,11.73,9,19.1136,72.8697,High,05-03-2025
Nashik,Gangapur Road,Assault,35,104386,Foggy,211,7.95,4,20.011,73.75,Low,27-11-2025
Nagpur,Sitabuldi,Burglary,137,141997,Sunny,141,14.95,2,21.1458,79.0882,Medium,12-10-2025
Chhatrapati Sambhajinagar,CIDCO,Fraud,100,152635,Foggy,145,2.04,5,19.889,75.32,Medium,16-04-2025
Mumbai,Dadar,Burglary,220,66159,Foggy,74,15,8,19.0178,72.8478,High,07-03-2024
Chhatrapati Sambhajinagar,Aurangpura,Robbery,128,195727,Sunny,39,11.94,4,19.8762,75.3433,Medium,02-10-2024
Chhatrapati Sambhajinagar,CIDCO,Assault,185,188273,Sunny,5,10.91,7,19.889,75.32,High,28-04-2026
Pune,Hinjewadi,Assault,116,53148,Cloudy,86,6.52,5,18.5912,73.7389,Medium,18-08-2024
Chhatrapati Sambhajinagar,Osmanpura,Cyber Crime,103,176956,Foggy,142,9.87,1,19.87,75.33,Medium,13-08-2025
Nashik,Nashik Road,Cyber Crime,80,101737,Cloudy,126,9.98,6,19.9975,73.7898,Medium,04-04-2026
Chhatrapati Sambhajinagar,Osmanpura,Theft,249,128566,Rainy,121,3.58,6,19.87,75.33,High,06-01-2024
Nashik,CIDCO,Burglary,27,97211,Rainy,8,6.58,5,19.9667,73.7667,Low,19-05-2024
Pune,Baner,Fraud,188,148991,Cloudy,55,4.85,6,18.559,73.7868,High,10-11-2025
Mumbai,Andheri,Fraud,245,197995,Foggy,143,3.85,10,19.1136,72.8697,High,02-02-2024
Mumbai,Borivali,Theft,248,137700,Foggy,66,11.75,5,19.2307,72.8567,High,22-01-2026
Pune,Kothrud,Burglary,220,82387,Cloudy,51,5.42,5,18.5074,73.8077,High,26-03-2025
Pune,Wakad,Theft,206,157101,Foggy,133,13.56,9,18.5975,73.7637,High,01-05-2024
Mumbai,Colaba,Burglary,67,76236,Rainy,99,12.15,3,18.9067,72.8147,Low,13-02-2024
Pune,Shivaji Nagar,Fraud,193,107042,Rainy,65,4.84,7,18.5308,73.8475,High,19-11-2025
Chhatrapati Sambhajinagar,Osmanpura,Theft,232,154347,Rainy,86,13.87,9,19.87,75.33,High,03-12-2025
Mumbai,Bandra,Robbery,23,135948,Cloudy,117,11.09,5,19.0596,72.8295,Low,31-10-2025
Chhatrapati Sambhajinagar,Aurangpura,Cyber Crime,120,129837,Foggy,73,10.47,7,19.8762,75.3433,Medium,12-03-2025
Mumbai,Powai,Fraud,215,110904,Sunny,114,2.08,9,19.1176,72.906,High,01-01-2025
Pune,Kothrud,Robbery,46,190833,Sunny,218,10.59,6,18.5074,73.8077,Low,05-05-2024
Chhatrapati Sambhajinagar,CIDCO,Robbery,105,72335,Rainy,202,14.65,4,19.889,75.32,Medium,21-08-2024
Chhatrapati Sambhajinagar,Aurangpura,Theft,171,34212,Foggy,58,10.69,9,19.8762,75.3433,High,22-01-2026
Nashik,Gangapur Road,Theft,124,97575,Rainy,60,12.27,8,20.011,73.75,Medium,01-06-2026
Nashik,CIDCO,Assault,186,59924,Sunny,122,6.33,1,19.9667,73.7667,High,23-04-2025
Mumbai,Colaba,Fraud,135,75669,Rainy,195,13.38,11,18.9067,72.8147,Medium,23-06-2024
Nagpur,Lakadganj,Robbery,168,123768,Rainy,178,10.79,9,21.1505,79.1155,High,23-01-2024
Pune,Kothrud,Fraud,229,156680,Rainy,39,2,1,18.5074,73.8077,High,20-05-2026
Nagpur,Lakadganj,Burglary,111,95568,Rainy,193,10.8,10,21.1505,79.1155,Medium,05-01-2026
Nashik,Gangapur Road,Assault,12,31155,Cloudy,113,2.54,12,20.011,73.75,Low,19-03-2026
Chhatrapati Sambhajinagar,CIDCO,Theft,211,178658,Rainy,59,3.87,10,19.889,75.32,High,13-04-2024
Nashik,Nashik Road,Cyber Crime,130,102331,Cloudy,199,3.47,2,19.9975,73.7898,Medium,25-06-2024
Nashik,CIDCO,Theft,208,63878,Rainy,127,14.56,8,19.9667,73.7667,High,03-12-2024
Nagpur,Lakadganj,Theft,161,195999,Rainy,126,4.23,2,21.1505,79.1155,High,21-04-2025
Nagpur,Civil Lines,Theft,151,67373,Foggy,90,4.08,3,21.153,79.072,High,08-12-2025
Mumbai,Dadar,Robbery,65,151012,Sunny,37,2.82,8,19.0178,72.8478,Low,21-11-2024
Mumbai,Borivali,Assault,14,188811,Sunny,21,5.08,8,19.2307,72.8567,Low,13-06-2026
Mumbai,Dadar,Cyber Crime,28,106853,Foggy,54,10.52,10,19.0178,72.8478,Low,29-04-2024
Mumbai,Borivali,Robbery,209,97622,Cloudy,68,12.41,12,19.2307,72.8567,High,23-04-2025
Nashik,Gangapur Road,Assault,143,195352,Foggy,26,5.88,10,20.011,73.75,Medium,27-12-2024
Nashik,CIDCO,Cyber Crime,64,87770,Sunny,133,3.97,11,19.9667,73.7667,Low,25-02-2026
Chhatrapati Sambhajinagar,Aurangpura,Assault,228,173070,Rainy,87,11.96,1,19.8762,75.3433,High,09-01-2024
Nashik,Nashik Road,Robbery,120,160852,Cloudy,120,10.04,5,19.9975,73.7898,Medium,06-04-2026
Nashik,Nashik Road,Robbery,247,71078,Sunny,25,10.73,11,19.9975,73.7898,High,29-09-2025
Mumbai,Colaba,Cyber Crime,235,55767,Cloudy,198,7.27,2,18.9067,72.8147,High,02-02-2025
Mumbai,Powai,Assault,174,111187,Foggy,117,14.82,1,19.1176,72.906,High,03-01-2024
Pune,Shivaji Nagar,Assault,230,98637,Sunny,199,5.98,9,18.5308,73.8475,High,03-09-2024
Nashik,Gangapur Road,Theft,187,79225,Foggy,113,8.69,3,20.011,73.75,High,15-10-2024
Nagpur,Dharampeth,Robbery,28,55634,Sunny,79,4.53,12,21.129,79.0588,Low,23-04-2026
Mumbai,Borivali,Theft,105,151652,Sunny,8,3.86,3,19.2307,72.8567,Medium,08-05-2024
Chhatrapati Sambhajinagar,Osmanpura,Cyber Crime,38,104019,Cloudy,151,4.25,5,19.87,75.33,Low,07-02-2025
Nashik,Nashik Road,Cyber Crime,227,199025,Sunny,71,9.56,10,19.9975,73.7898,High,09-07-2024
Chhatrapati Sambhajinagar,Osmanpura,Robbery,238,33441,Cloudy,32,14.49,1,19.87,75.33,High,11-07-2024
Pune,Wakad,Assault,28,155367,Cloudy,86,8.12,3,18.5975,73.7637,Low,16-01-2026
Chhatrapati Sambhajinagar,CIDCO,Fraud,144,192013,Rainy,183,6.61,3,19.889,75.32,Medium,12-03-2026
Mumbai,Andheri,Assault,77,101343,Cloudy,125,7.1,2,19.1136,72.8697,Medium,07-04-2025
Nashik,Nashik Road,Assault,58,95035,Cloudy,157,2.74,8,19.9975,73.7898,Low,07-02-2026
Nashik,CIDCO,Fraud,118,141887,Cloudy,12,4.34,5,19.9667,73.7667,Medium,27-09-2024
Nashik,CIDCO,Assault,247,105053,Sunny,186,10.73,9,19.9667,73.7667,High,17-08-2025
Chhatrapati Sambhajinagar,Osmanpura,Burglary,157,114122,Sunny,97,11.19,8,19.87,75.33,High,07-01-2026
Pune,Baner,Assault,34,175856,Cloudy,105,5.55,7,18.559,73.7868,Low,05-11-2024
Mumbai,Colaba,Burglary,128,100745,Sunny,218,3.82,4,18.9067,72.8147,Medium,13-10-2024
Nagpur,Sadar,Assault,118,141641,Foggy,152,13.15,5,21.1642,79.0821,Medium,04-08-2024
Chhatrapati Sambhajinagar,Osmanpura,Assault,158,145388,Rainy,93,11.04,3,19.87,75.33,High,14-03-2025
Nashik,Nashik Road,Fraud,26,86644,Foggy,71,13.35,4,19.9975,73.7898,Low,27-02-2026
Pune,Shivaji Nagar,Robbery,234,87944,Foggy,46,2.8,11,18.5308,73.8475,High,15-12-2024
Nagpur,Dharampeth,Assault,66,52509,Rainy,148,2.01,3,21.129,79.0588,Low,09-01-2024
Nagpur,Sadar,Burglary,41,104496,Sunny,22,12.06,5,21.1642,79.0821,Low,08-07-2025
Pune,Hadapsar,Robbery,237,193835,Foggy,165,9.4,1,18.5089,73.9259,High,24-03-2025
Pune,Kothrud,Burglary,96,144693,Sunny,208,14.77,10,18.5074,73.8077,Medium,04-06-2024
Chhatrapati Sambhajinagar,CIDCO,Theft,147,70191,Foggy,63,9.23,12,19.889,75.32,Medium,11-04-2026
Mumbai,Andheri,Cyber Crime,124,189735,Foggy,206,10.83,7,19.1136,72.8697,Medium,15-06-2025
Nagpur,Civil Lines,Robbery,91,28545,Foggy,107,7.4,11,21.153,79.072,Medium,10-02-2025
Nagpur,Sitabuldi,Fraud,23,55856,Sunny,105,3.72,10,21.1458,79.0882,Low,20-09-2025
Mumbai,Borivali,Theft,92,61654,Sunny,41,3.01,3,19.2307,72.8567,Medium,28-01-2025
Mumbai,Colaba,Cyber Crime,238,157872,Cloudy,195,6.56,6,18.9067,72.8147,High,30-03-2025
Chhatrapati Sambhajinagar,Osmanpura,Fraud,10,38756,Foggy,123,2.13,2,19.87,75.33,Low,20-05-2024
Nashik,CIDCO,Robbery,178,152069,Cloudy,105,14.71,9,19.9667,73.7667,High,25-10-2025
Nashik,Nashik Road,Burglary,103,98772,Foggy,131,2.48,5,19.9975,73.7898,Medium,14-10-2024
Chhatrapati Sambhajinagar,Osmanpura,Fraud,177,176152,Rainy,176,4.86,12,19.87,75.33,High,19-10-2025
Chhatrapati Sambhajinagar,Osmanpura,Assault,209,122888,Sunny,49,10.63,11,19.87,75.33,High,16-09-2025
Chhatrapati Sambhajinagar,CIDCO,Theft,18,28576,Cloudy,209,6.59,12,19.889,75.32,Low,14-11-2024
Nagpur,Dharampeth,Cyber Crime,85,125125,Cloudy,20,12.21,8,21.129,79.0588,Medium,18-07-2024
Pune,Baner,Burglary,81,26790,Foggy,166,8.39,7,18.559,73.7868,Medium,05-11-2025
Nagpur,Dharampeth,Fraud,153,74965,Foggy,203,5.61,8,21.129,79.0588,High,08-06-2026
Chhatrapati Sambhajinagar,CIDCO,Theft,114,57363,Cloudy,182,12.02,1,19.889,75.32,Medium,04-09-2024
Mumbai,Borivali,Theft,55,101385,Rainy,53,4.06,4,19.2307,72.8567,Low,13-08-2024
Pune,Kothrud,Assault,45,166854,Cloudy,128,9.34,10,18.5074,73.8077,Low,19-04-2026
Mumbai,Bandra,Robbery,140,57813,Foggy,41,8.86,12,19.0596,72.8295,Medium,11-05-2024
Mumbai,Bandra,Fraud,174,69093,Foggy,128,3.96,9,19.0596,72.8295,High,31-10-2025
Pune,Hadapsar,Fraud,78,126268,Rainy,15,11.4,3,18.5089,73.9259,Medium,04-01-2025
Chhatrapati Sambhajinagar,Osmanpura,Theft,91,86768,Foggy,26,11.65,8,19.87,75.33,Medium,24-02-2025
Pune,Hadapsar,Theft,159,35919,Rainy,206,7.09,2,18.5089,73.9259,High,06-08-2024
Pune,Baner,Cyber Crime,183,146187,Sunny,12,14.1,6,18.559,73.7868,High,03-08-2024
Chhatrapati Sambhajinagar,Aurangpura,Robbery,142,40551,Foggy,185,6.23,11,19.8762,75.3433,Medium,07-01-2024
Nashik,Nashik Road,Cyber Crime,206,182088,Cloudy,65,2.94,2,19.9975,73.7898,High,26-03-2024
Nashik,Nashik Road,Burglary,237,29897,Cloudy,23,5.34,2,19.9975,73.7898,High,01-06-2026
Nagpur,Sitabuldi,Cyber Crime,147,32226,Foggy,25,9.98,5,21.1458,79.0882,Medium,28-04-2026
Pune,Hinjewadi,Robbery,35,34125,Foggy,86,2.11,1,18.5912,73.7389,Low,04-03-2025
Pune,Kothrud,Assault,205,26036,Sunny,30,7.5,7,18.5074,73.8077,High,14-01-2026
Pune,Wakad,Assault,169,124961,Rainy,175,4.28,11,18.5975,73.7637,High,01-05-2024
Pune,Kothrud,Fraud,14,163344,Sunny,192,9.2,7,18.5074,73.8077,Low,09-12-2024
Nashik,Nashik Road,Fraud,166,150507,Foggy,160,4.16,8,19.9975,73.7898,High,13-05-2025
Nashik,Gangapur Road,Assault,146,187361,Rainy,217,6.6,9,20.011,73.75,Medium,10-03-2025
Nashik,Gangapur Road,Assault,89,138499,Cloudy,113,9.35,2,20.011,73.75,Medium,24-03-2025
Nashik,CIDCO,Burglary,187,78739,Foggy,158,14.51,5,19.9667,73.7667,High,08-12-2025
Mumbai,Borivali,Cyber Crime,163,155177,Foggy,178,11.85,1,19.2307,72.8567,High,26-06-2024
Nashik,Nashik Road,Burglary,188,179485,Rainy,14,7.56,8,19.9975,73.7898,High,02-02-2025
Nagpur,Sitabuldi,Burglary,112,36360,Foggy,189,11.91,1,21.1458,79.0882,Medium,11-06-2024
Chhatrapati Sambhajinagar,Osmanpura,Assault,222,108269,Rainy,103,5.65,11,19.87,75.33,High,11-02-2024
Nagpur,Sitabuldi,Fraud,178,103452,Rainy,91,12.82,4,21.1458,79.0882,High,26-03-2025
Mumbai,Bandra,Assault,94,165897,Cloudy,190,9.72,12,19.0596,72.8295,Medium,24-01-2026
Chhatrapati Sambhajinagar,Aurangpura,Theft,232,122690,Cloudy,87,9.02,6,19.8762,75.3433,High,02-01-2025
Chhatrapati Sambhajinagar,CIDCO,Theft,161,81304,Sunny,150,8.74,12,19.889,75.32,High,15-09-2025
Nashik,Gangapur Road,Cyber Crime,146,84408,Rainy,88,7.05,12,20.011,73.75,Medium,16-08-2024
Pune,Baner,Robbery,61,195662,Rainy,23,14.52,9,18.559,73.7868,Low,14-07-2024
Mumbai,Colaba,Fraud,16,108220,Sunny,163,6.06,2,18.9067,72.8147,Low,14-01-2025
Chhatrapati Sambhajinagar,Aurangpura,Burglary,163,137795,Foggy,172,11,10,19.8762,75.3433,High,01-12-2025
Nashik,CIDCO,Burglary,208,163297,Foggy,96,12.59,10,19.9667,73.7667,High,24-11-2025
Nashik,CIDCO,Assault,177,187752,Foggy,37,14.35,2,19.9667,73.7667,High,26-02-2026
Chhatrapati Sambhajinagar,CIDCO,Assault,118,129857,Rainy,190,14.82,2,19.889,75.32,Medium,22-07-2025
Mumbai,Andheri,Assault,203,61783,Cloudy,126,7.36,8,19.1136,72.8697,High,21-05-2026
Nashik,Nashik Road,Assault,145,148517,Cloudy,25,9.69,9,19.9975,73.7898,Medium,24-07-2025
Nagpur,Jaripatka,Fraud,235,155647,Foggy,179,10.55,11,21.1801,79.0955,High,11-05-2026
Chhatrapati Sambhajinagar,Aurangpura,Cyber Crime,218,31815,Sunny,138,11.06,10,19.8762,75.3433,High,14-03-2024
Nashik,Gangapur Road,Theft,211,98295,Cloudy,25,11.74,8,20.011,73.75,High,09-08-2025
Nashik,CIDCO,Assault,232,172063,Sunny,213,6.6,11,19.9667,73.7667,High,28-03-2024
Pune,Baner,Theft,201,87046,Foggy,48,14.01,7,18.559,73.7868,High,25-09-2025
Nagpur,Sitabuldi,Burglary,71,105312,Sunny,150,12.16,4,21.1458,79.0882,Low,29-12-2024
Nagpur,Shankar Nagar,Cyber Crime,174,152967,Foggy,193,11.31,4,21.127,79.06,High,26-03-2024
Mumbai,Andheri,Burglary,63,136448,Foggy,152,4.29,4,19.1136,72.8697,Low,20-03-2025
Pune,Hadapsar,Burglary,127,193173,Foggy,176,8.62,4,18.5089,73.9259,Medium,04-10-2025
Nagpur,Civil Lines,Burglary,18,145531,Foggy,80,13.75,4,21.153,79.072,Low,06-06-2026
Chhatrapati Sambhajinagar,Aurangpura,Fraud,237,88440,Foggy,139,2.78,11,19.8762,75.3433,High,10-10-2025
Chhatrapati Sambhajinagar,Osmanpura,Cyber Crime,192,117299,Sunny,160,2.07,10,19.87,75.33,High,17-11-2024
Chhatrapati Sambhajinagar,Aurangpura,Robbery,74,181230,Foggy,112,12.24,7,19.8762,75.3433,Low,02-06-2026
Chhatrapati Sambhajinagar,Aurangpura,Fraud,249,142512,Foggy,168,9.63,2,19.8762,75.3433,High,31-10-2024
Chhatrapati Sambhajinagar,Aurangpura,Theft,181,109476,Sunny,208,14.62,9,19.8762,75.3433,High,06-09-2025
Nagpur,Dharampeth,Cyber Crime,68,198406,Foggy,59,8.56,4,21.129,79.0588,Low,10-09-2024
Nashik,CIDCO,Cyber Crime,125,78620,Foggy,218,14.42,9,19.9667,73.7667,Medium,27-05-2024
Nashik,Gangapur Road,Fraud,194,180023,Rainy,93,13.57,1,20.011,73.75,High,20-07-2025
Chhatrapati Sambhajinagar,CIDCO,Robbery,45,26501,Cloudy,200,4.84,8,19.889,75.32,Low,27-05-2025
Pune,Hinjewadi,Robbery,177,110135,Sunny,105,11.6,3,18.5912,73.7389,High,08-05-2024
Chhatrapati Sambhajinagar,CIDCO,Assault,225,124571,Foggy,82,10.29,11,19.889,75.32,High,20-05-2024
Pune,Wakad,Burglary,41,101945,Cloudy,88,12.43,2,18.5975,73.7637,Low,09-03-2026
Mumbai,Powai,Cyber Crime,66,152745,Sunny,139,3.1,12,19.1176,72.906,Low,24-10-2024
Mumbai,Borivali,Cyber Crime,156,109754,Rainy,10,4.13,11,19.2307,72.8567,High,16-05-2024
Mumbai,Colaba,Theft,168,121021,Sunny,184,14.7,2,18.9067,72.8147,High,20-10-2024
Nashik,Nashik Road,Fraud,96,48972,Foggy,24,12.07,11,19.9975,73.7898,Medium,21-02-2024
Nashik,Nashik Road,Fraud,123,124579,Sunny,139,14.43,5,19.9975,73.7898,Medium,21-03-2026
Mumbai,Dadar,Burglary,27,104963,Sunny,172,7.85,5,19.0178,72.8478,Low,22-02-2025
Pune,Shivaji Nagar,Burglary,12,170248,Foggy,13,12.02,10,18.5308,73.8475,Low,03-02-2024
Chhatrapati Sambhajinagar,CIDCO,Robbery,124,140865,Foggy,157,2.09,1,19.889,75.32,Medium,28-01-2025
Nagpur,Jaripatka,Assault,39,159245,Sunny,206,11.54,12,21.1801,79.0955,Low,19-08-2025
Nagpur,Shankar Nagar,Theft,133,193656,Cloudy,145,9.91,9,21.127,79.06,Medium,30-03-2026
Pune,Kothrud,Assault,247,199114,Cloudy,172,9.06,7,18.5074,73.8077,High,14-06-2024
Nashik,Nashik Road,Burglary,106,113752,Foggy,38,10.49,9,19.9975,73.7898,Medium,10-07-2025
Mumbai,Andheri,Robbery,223,103670,Foggy,100,6.38,2,19.1136,72.8697,High,24-12-2025
Nashik,CIDCO,Fraud,164,38752,Foggy,70,12.68,12,19.9667,73.7667,High,01-03-2026
Chhatrapati Sambhajinagar,CIDCO,Theft,200,110878,Cloudy,19,14.24,4,19.889,75.32,High,08-06-2024
Nagpur,Sadar,Theft,153,99085,Foggy,90,13.36,10,21.1642,79.0821,High,05-04-2025
Mumbai,Borivali,Theft,84,36500,Cloudy,188,9.24,9,19.2307,72.8567,Medium,28-09-2024
Mumbai,Powai,Burglary,144,108840,Sunny,108,12.12,11,19.1176,72.906,Medium,25-07-2025
Nashik,CIDCO,Burglary,31,113853,Foggy,168,10.93,5,19.9667,73.7667,Low,09-02-2025
Mumbai,Borivali,Theft,103,49283,Sunny,63,7.83,11,19.2307,72.8567,Medium,25-11-2025
Pune,Hadapsar,Burglary,111,117434,Sunny,195,9.99,9,18.5089,73.9259,Medium,06-10-2024
Chhatrapati Sambhajinagar,Aurangpura,Burglary,70,73297,Sunny,82,7.36,8,19.8762,75.3433,Low,26-06-2024
Chhatrapati Sambhajinagar,CIDCO,Burglary,162,112037,Foggy,68,5.32,1,19.889,75.32,High,19-03-2024
Nagpur,Dharampeth,Theft,225,190254,Foggy,109,11.56,5,21.129,79.0588,High,20-10-2024
Nashik,Gangapur Road,Burglary,156,36627,Cloudy,173,10.27,11,20.011,73.75,High,07-01-2025
Pune,Wakad,Assault,80,67989,Foggy,47,3.23,8,18.5975,73.7637,Medium,31-07-2024
Nagpur,Civil Lines,Robbery,188,57500,Cloudy,69,10.96,3,21.153,79.072,High,15-01-2024
Nashik,Nashik Road,Fraud,12,160201,Sunny,80,3.43,6,19.9975,73.7898,Low,12-10-2025
Nashik,CIDCO,Theft,12,194071,Foggy,80,5.64,4,19.9667,73.7667,Low,09-02-2024
Chhatrapati Sambhajinagar,Aurangpura,Fraud,221,93794,Sunny,131,7.6,8,19.8762,75.3433,High,01-12-2025
Nashik,Gangapur Road,Theft,219,61768,Rainy,207,7.21,7,20.011,73.75,High,21-03-2024
Mumbai,Dadar,Cyber Crime,43,164073,Rainy,198,3.52,9,19.0178,72.8478,Low,09-07-2024
Nashik,Gangapur Road,Assault,42,70310,Rainy,178,2.21,9,20.011,73.75,Low,17-05-2024
Pune,Wakad,Fraud,13,111420,Foggy,203,2.32,8,18.5975,73.7637,Low,10-01-2026
Mumbai,Andheri,Fraud,114,145467,Foggy,63,5.56,12,19.1136,72.8697,Medium,22-04-2024
Chhatrapati Sambhajinagar,Aurangpura,Fraud,71,178483,Cloudy,71,14.51,9,19.8762,75.3433,Low,13-01-2024
Pune,Hinjewadi,Burglary,83,188463,Foggy,76,5.49,4,18.5912,73.7389,Medium,09-02-2026
Nashik,CIDCO,Theft,137,60774,Foggy,59,11.46,7,19.9667,73.7667,Medium,12-08-2025
Mumbai,Powai,Assault,128,148911,Cloudy,103,13.32,6,19.1176,72.906,Medium,04-09-2024
Nashik,CIDCO,Cyber Crime,127,136195,Rainy,176,8.48,1,19.9667,73.7667,Medium,01-04-2025
Chhatrapati Sambhajinagar,Aurangpura,Robbery,39,54144,Foggy,16,3.71,8,19.8762,75.3433,Low,08-06-2024
Nashik,Nashik Road,Cyber Crime,153,137198,Sunny,99,12.01,1,19.9975,73.7898,High,18-12-2025
Mumbai,Borivali,Burglary,24,81481,Rainy,210,11.49,5,19.2307,72.8567,Low,11-11-2025
Mumbai,Andheri,Assault,228,57512,Foggy,114,2.73,1,19.1136,72.8697,High,30-04-2026
Nashik,CIDCO,Assault,32,46486,Sunny,159,11.2,9,19.9667,73.7667,Low,23-08-2024
Nashik,Nashik Road,Theft,53,119823,Cloudy,91,7.87,10,19.9975,73.7898,Low,22-01-2026
Pune,Hadapsar,Burglary,55,61948,Foggy,159,2.27,2,18.5089,73.9259,Low,06-11-2025
Nashik,Gangapur Road,Robbery,178,113591,Sunny,22,3.42,4,20.011,73.75,High,10-01-2024
Chhatrapati Sambhajinagar,Osmanpura,Theft,73,67631,Sunny,39,14.04,8,19.87,75.33,Low,10-07-2025
Nagpur,Jaripatka,Assault,217,94108,Sunny,107,4.05,4,21.1801,79.0955,High,29-08-2024
Nagpur,Shankar Nagar,Fraud,39,150142,Cloudy,168,9.73,5,21.127,79.06,Low,08-02-2025
Pune,Shivaji Nagar,Robbery,51,93089,Cloudy,109,7.56,8,18.5308,73.8475,Low,16-08-2024
Pune,Shivaji Nagar,Robbery,117,66929,Foggy,110,11.69,7,18.5308,73.8475,Medium,20-08-2025
Pune,Baner,Fraud,198,150011,Cloudy,17,4.19,10,18.559,73.7868,High,19-05-2026
Chhatrapati Sambhajinagar,Osmanpura,Fraud,215,104962,Rainy,145,10.54,3,19.87,75.33,High,17-09-2024
Nagpur,Jaripatka,Assault,232,31280,Rainy,45,6.99,8,21.1801,79.0955,High,06-03-2024
Nagpur,Dharampeth,Burglary,79,109340,Rainy,38,3.95,4,21.129,79.0588,Medium,17-05-2025
Chhatrapati Sambhajinagar,CIDCO,Robbery,207,71753,Sunny,196,9.03,8,19.889,75.32,High,11-08-2025
Nashik,Gangapur Road,Burglary,193,145511,Sunny,86,4.74,1,20.011,73.75,High,01-07-2024
Chhatrapati Sambhajinagar,CIDCO,Robbery,73,96862,Cloudy,76,14.35,12,19.889,75.32,Low,31-08-2025
Nagpur,Jaripatka,Burglary,15,70395,Cloudy,39,9.28,1,21.1801,79.0955,Low,15-02-2026
Mumbai,Borivali,Cyber Crime,144,123784,Cloudy,43,9.7,12,19.2307,72.8567,Medium,05-07-2025
Chhatrapati Sambhajinagar,Osmanpura,Cyber Crime,20,122245,Cloudy,192,14.85,7,19.87,75.33,Low,18-12-2024
Nashik,CIDCO,Burglary,179,100600,Cloudy,56,6.53,5,19.9667,73.7667,High,09-11-2024
Chhatrapati Sambhajinagar,CIDCO,Robbery,71,106885,Rainy,180,10.89,6,19.889,75.32,Low,05-02-2026
Chhatrapati Sambhajinagar,CIDCO,Assault,241,198150,Sunny,169,14.59,3,19.889,75.32,High,02-03-2025
Nashik,Gangapur Road,Theft,132,143028,Cloudy,107,6.82,5,20.011,73.75,Medium,22-06-2024
Chhatrapati Sambhajinagar,Aurangpura,Theft,13,114139,Rainy,156,12.36,7,19.8762,75.3433,Low,05-12-2024
Nashik,Nashik Road,Theft,209,76217,Rainy,128,5.69,7,19.9975,73.7898,High,06-07-2024
Nagpur,Sadar,Fraud,218,25424,Foggy,185,3.28,7,21.1642,79.0821,High,22-04-2024
Nagpur,Sitabuldi,Assault,159,148173,Rainy,97,4.62,9,21.1458,79.0882,High,05-06-2024
Nagpur,Lakadganj,Burglary,205,98781,Sunny,147,7.68,1,21.1505,79.1155,High,07-09-2024
Nashik,Nashik Road,Assault,169,199505,Rainy,188,3.8,1,19.9975,73.7898,High,11-02-2024
Nagpur,Dharampeth,Theft,89,40675,Sunny,70,2.4,10,21.129,79.0588,Medium,09-03-2026
Mumbai,Dadar,Robbery,151,28065,Rainy,212,8.47,7,19.0178,72.8478,High,18-11-2024
Mumbai,Borivali,Fraud,114,128482,Foggy,183,3.89,6,19.2307,72.8567,Medium,30-10-2024
Mumbai,Dadar,Assault,103,198701,Cloudy,137,5.9,8,19.0178,72.8478,Medium,24-02-2026
Nashik,CIDCO,Robbery,183,149007,Rainy,108,10.19,9,19.9667,73.7667,High,22-08-2024
Nagpur,Sitabuldi,Theft,111,148707,Foggy,88,12.04,10,21.1458,79.0882,Medium,17-04-2025
Nashik,Nashik Road,Theft,153,135045,Rainy,203,13.57,3,19.9975,73.7898,High,15-01-2024
Nashik,Nashik Road,Theft,19,154725,Foggy,27,10.47,3,19.9975,73.7898,Low,19-08-2024
Nagpur,Shankar Nagar,Fraud,53,191840,Sunny,167,12.66,2,21.127,79.06,Low,11-10-2024
Nagpur,Lakadganj,Assault,52,135374,Sunny,177,8.61,10,21.1505,79.1155,Low,06-06-2025
Pune,Kothrud,Burglary,23,67833,Cloudy,89,9.13,7,18.5074,73.8077,Low,31-07-2024
Chhatrapati Sambhajinagar,Aurangpura,Fraud,125,48609,Foggy,149,4.31,9,19.8762,75.3433,Medium,09-10-2025
Mumbai,Andheri,Fraud,77,161547,Rainy,125,9.6,7,19.1136,72.8697,Medium,08-06-2026
Chhatrapati Sambhajinagar,Osmanpura,Assault,118,126789,Sunny,92,3.5,7,19.87,75.33,Medium,14-06-2024
Nagpur,Jaripatka,Theft,236,148080,Foggy,149,11.01,7,21.1801,79.0955,High,24-05-2024
Pune,Hinjewadi,Assault,47,66338,Cloudy,122,7.03,12,18.5912,73.7389,Low,09-06-2025
Nagpur,Sadar,Burglary,31,92470,Cloudy,190,10.44,4,21.1642,79.0821,Low,13-08-2025
Chhatrapati Sambhajinagar,Aurangpura,Robbery,218,98672,Rainy,212,5.4,10,19.8762,75.3433,High,12-06-2026
Pune,Wakad,Robbery,52,168742,Foggy,135,9.36,7,18.5975,73.7637,Low,30-06-2024
Nashik,Gangapur Road,Theft,219,186552,Rainy,177,12.37,3,20.011,73.75,High,01-05-2024
Chhatrapati Sambhajinagar,CIDCO,Fraud,76,168413,Rainy,95,3.56,6,19.889,75.32,Medium,09-10-2025
Nagpur,Sadar,Burglary,131,103821,Rainy,184,3.27,3,21.1642,79.0821,Medium,10-04-2024
Nagpur,Dharampeth,Robbery,170,185948,Sunny,23,4.47,12,21.129,79.0588,High,20-04-2024
Chhatrapati Sambhajinagar,Aurangpura,Robbery,17,177965,Cloudy,118,13.62,3,19.8762,75.3433,Low,24-11-2025
Chhatrapati Sambhajinagar,Osmanpura,Cyber Crime,127,134535,Rainy,143,6.76,4,19.87,75.33,Medium,12-01-2026
Pune,Wakad,Robbery,43,83375,Cloudy,73,12.19,11,18.5975,73.7637,Low,22-04-2024
Nashik,Gangapur Road,Burglary,174,147404,Cloudy,29,14.05,9,20.011,73.75,High,13-03-2025
Chhatrapati Sambhajinagar,Aurangpura,Burglary,153,98991,Sunny,184,3.45,4,19.8762,75.3433,High,03-05-2026
Chhatrapati Sambhajinagar,CIDCO,Theft,184,95664,Foggy,204,11.35,12,19.889,75.32,High,17-04-2025
Chhatrapati Sambhajinagar,Aurangpura,Theft,75,76168,Cloudy,28,8.28,12,19.8762,75.3433,Low,10-04-2024
Chhatrapati Sambhajinagar,Aurangpura,Assault,13,75023,Rainy,41,8.83,6,19.8762,75.3433,Low,08-12-2025
Mumbai,Andheri,Theft,212,65192,Cloudy,164,4.45,10,19.1136,72.8697,High,23-02-2025
Pune,Baner,Theft,89,162488,Cloudy,147,3.77,4,18.559,73.7868,Medium,14-06-2024
Nagpur,Jaripatka,Robbery,136,51633,Rainy,5,2.95,9,21.1801,79.0955,Medium,30-03-2024
Nashik,Gangapur Road,Theft,247,115340,Rainy,16,6.14,10,20.011,73.75,High,07-05-2024
Pune,Hinjewadi,Theft,126,194494,Cloudy,217,7.05,9,18.5912,73.7389,Medium,06-11-2025
Nagpur,Sadar,Cyber Crime,56,64080,Rainy,172,8.49,12,21.1642,79.0821,Low,01-04-2025
Pune,Hadapsar,Burglary,90,31363,Foggy,89,8.52,11,18.5089,73.9259,Medium,01-03-2026
Nashik,CIDCO,Fraud,139,129536,Foggy,40,9.85,4,19.9667,73.7667,Medium,17-12-2025
Nagpur,Shankar Nagar,Fraud,32,94187,Sunny,131,7.04,11,21.127,79.06,Low,08-06-2025
Nagpur,Shankar Nagar,Theft,248,108421,Sunny,190,9.17,6,21.127,79.06,High,06-03-2026
Pune,Baner,Assault,22,92294,Rainy,173,11.76,10,18.559,73.7868,Low,20-12-2025
Nagpur,Civil Lines,Robbery,243,199012,Foggy,217,12.77,5,21.153,79.072,High,21-04-2026
Mumbai,Borivali,Assault,87,138322,Foggy,168,4.01,9,19.2307,72.8567,Medium,13-10-2024
Chhatrapati Sambhajinagar,Osmanpura,Theft,124,59320,Rainy,37,14.43,12,19.87,75.33,Medium,05-07-2024
Chhatrapati Sambhajinagar,Osmanpura,Robbery,199,167336,Foggy,96,6.44,2,19.87,75.33,High,29-07-2024
Mumbai,Colaba,Theft,71,197670,Rainy,33,11.12,2,18.9067,72.8147,Low,18-12-2024
Nashik,Nashik Road,Robbery,219,51691,Cloudy,97,12.43,11,19.9975,73.7898,High,04-02-2026
Nashik,CIDCO,Robbery,245,126556,Foggy,210,13.27,4,19.9667,73.7667,High,03-08-2024
Nagpur,Jaripatka,Theft,235,95856,Rainy,43,9.21,7,21.1801,79.0955,High,23-08-2024
Nashik,Nashik Road,Assault,209,174492,Cloudy,147,5.71,8,19.9975,73.7898,High,12-12-2024
Pune,Wakad,Theft,102,79168,Sunny,220,13.06,2,18.5975,73.7637,Medium,02-09-2024
Pune,Shivaji Nagar,Assault,195,51152,Rainy,27,12.91,12,18.5308,73.8475,High,11-08-2024
Pune,Hinjewadi,Assault,144,116461,Cloudy,181,8.71,7,18.5912,73.7389,Medium,30-09-2024
Chhatrapati Sambhajinagar,Osmanpura,Cyber Crime,95,127119,Sunny,90,7.43,5,19.87,75.33,Medium,05-06-2025
Nashik,Nashik Road,Fraud,58,65176,Foggy,16,6.57,10,19.9975,73.7898,Low,02-11-2025
Mumbai,Colaba,Cyber Crime,37,140768,Sunny,191,6.79,8,18.9067,72.8147,Low,22-09-2025
Mumbai,Bandra,Burglary,187,178406,Cloudy,5,9.41,5,19.0596,72.8295,High,11-05-2025
Nagpur,Sitabuldi,Burglary,123,190155,Rainy,31,2.42,8,21.1458,79.0882,Medium,31-03-2026
Nashik,CIDCO,Burglary,218,41856,Rainy,213,7.5,6,19.9667,73.7667,High,04-06-2026
Mumbai,Colaba,Robbery,181,94188,Cloudy,215,12.4,6,18.9067,72.8147,High,12-06-2024
Chhatrapati Sambhajinagar,CIDCO,Fraud,30,169646,Rainy,138,8,1,19.889,75.32,Low,13-05-2025
Nashik,Nashik Road,Theft,226,75061,Cloudy,86,8.47,12,19.9975,73.7898,High,28-05-2025
Nagpur,Jaripatka,Robbery,66,104609,Sunny,47,6.74,4,21.1801,79.0955,Low,11-11-2025
Nagpur,Shankar Nagar,Fraud,144,195402,Foggy,117,12.65,4,21.127,79.06,Medium,12-06-2025
Mumbai,Borivali,Burglary,231,103419,Sunny,200,8.24,1,19.2307,72.8567,High,27-06-2024
Pune,Wakad,Cyber Crime,205,64753,Foggy,44,10.69,9,18.5975,73.7637,High,17-06-2025
Mumbai,Colaba,Theft,203,113212,Cloudy,151,4.79,1,18.9067,72.8147,High,01-11-2024
Nashik,Gangapur Road,Theft,118,72605,Cloudy,46,2.21,11,20.011,73.75,Medium,18-02-2025
Nashik,Nashik Road,Burglary,123,27653,Rainy,178,6.96,6,19.9975,73.7898,Medium,02-03-2024
Chhatrapati Sambhajinagar,Aurangpura,Burglary,115,126076,Foggy,167,2.33,10,19.8762,75.3433,Medium,13-05-2026
Chhatrapati Sambhajinagar,Osmanpura,Fraud,161,190767,Cloudy,205,12.15,2,19.87,75.33,High,01-04-2024
Mumbai,Andheri,Assault,168,170123,Foggy,176,9.41,5,19.1136,72.8697,High,19-10-2024
Chhatrapati Sambhajinagar,Aurangpura,Theft,45,103840,Rainy,6,8.24,8,19.8762,75.3433,Low,24-04-2026
Chhatrapati Sambhajinagar,Osmanpura,Robbery,200,140460,Foggy,92,4.55,6,19.87,75.33,High,01-07-2024
Nashik,Nashik Road,Cyber Crime,99,138953,Cloudy,136,7.32,1,19.9975,73.7898,Medium,20-12-2024
Nashik,CIDCO,Assault,228,64972,Rainy,129,11.23,4,19.9667,73.7667,High,21-07-2025
Chhatrapati Sambhajinagar,Osmanpura,Assault,95,187956,Cloudy,22,4.25,3,19.87,75.33,Medium,24-05-2025
Nagpur,Shankar Nagar,Fraud,209,65478,Sunny,110,12.45,2,21.127,79.06,High,19-07-2024
Chhatrapati Sambhajinagar,CIDCO,Cyber Crime,241,164326,Sunny,142,11.45,5,19.889,75.32,High,26-09-2024
Pune,Shivaji Nagar,Cyber Crime,248,192630,Foggy,15,13.74,10,18.5308,73.8475,High,16-10-2025
Nagpur,Sadar,Cyber Crime,28,143756,Foggy,180,11.99,11,21.1642,79.0821,Low,12-04-2026
Mumbai,Dadar,Robbery,94,130531,Cloudy,103,13.53,3,19.0178,72.8478,Medium,20-02-2026
Nashik,Gangapur Road,Theft,88,123098,Rainy,150,7.18,2,20.011,73.75,Medium,16-12-2024
Pune,Wakad,Robbery,15,136878,Foggy,34,12.25,4,18.5975,73.7637,Low,22-02-2025
Nagpur,Shankar Nagar,Cyber Crime,128,75404,Cloudy,25,7.94,11,21.127,79.06,Medium,23-06-2024
Pune,Kothrud,Fraud,101,148375,Foggy,25,6.14,7,18.5074,73.8077,Medium,31-01-2025
Pune,Shivaji Nagar,Assault,184,146456,Foggy,24,5.99,10,18.5308,73.8475,High,04-07-2025
Nagpur,Jaripatka,Burglary,79,158734,Sunny,74,11.2,2,21.1801,79.0955,Medium,31-08-2025
Chhatrapati Sambhajinagar,Osmanpura,Robbery,191,32183,Sunny,77,9.64,11,19.87,75.33,High,07-06-2026
Pune,Kothrud,Assault,17,130382,Rainy,171,10.73,1,18.5074,73.8077,Low,28-04-2025
Pune,Wakad,Fraud,38,113634,Cloudy,105,10.34,2,18.5975,73.7637,Low,07-07-2025
Nagpur,Civil Lines,Cyber Crime,91,51292,Cloudy,134,9.91,10,21.153,79.072,Medium,02-02-2024
Chhatrapati Sambhajinagar,Osmanpura,Fraud,217,107619,Cloudy,213,7.87,10,19.87,75.33,High,14-09-2024
Mumbai,Dadar,Fraud,105,117575,Foggy,122,9.54,12,19.0178,72.8478,Medium,22-12-2024
Nashik,Gangapur Road,Burglary,151,159910,Foggy,89,8.34,11,20.011,73.75,High,14-08-2025
Chhatrapati Sambhajinagar,CIDCO,Assault,17,79372,Rainy,218,13.44,1,19.889,75.32,Low,28-05-2026
Mumbai,Powai,Cyber Crime,154,194737,Sunny,163,14.72,7,19.1176,72.906,High,09-05-2025
Nashik,Nashik Road,Cyber Crime,238,121073,Foggy,70,10.38,4,19.9975,73.7898,High,09-05-2024
Pune,Hinjewadi,Fraud,28,169572,Rainy,175,11.15,2,18.5912,73.7389,Low,10-05-2026
Chhatrapati Sambhajinagar,Osmanpura,Cyber Crime,124,143503,Rainy,9,2.35,12,19.87,75.33,Medium,27-01-2025
Mumbai,Dadar,Fraud,49,89164,Cloudy,88,8.44,9,19.0178,72.8478,Low,24-07-2025
Nashik,Nashik Road,Burglary,17,130195,Sunny,216,6.4,9,19.9975,73.7898,Low,30-07-2025
Nashik,CIDCO,Theft,44,53350,Sunny,75,8.62,9,19.9667,73.7667,Low,29-04-2024
Chhatrapati Sambhajinagar,CIDCO,Fraud,109,147539,Foggy,161,7.98,9,19.889,75.32,Medium,17-04-2026
Mumbai,Bandra,Cyber Crime,181,103443,Rainy,93,9.92,5,19.0596,72.8295,High,26-02-2024
Nashik,CIDCO,Cyber Crime,194,178055,Rainy,86,11.59,11,19.9667,73.7667,High,01-06-2026
Chhatrapati Sambhajinagar,Aurangpura,Cyber Crime,101,191697,Foggy,53,13.23,5,19.8762,75.3433,Medium,14-06-2025
Mumbai,Andheri,Robbery,26,145700,Rainy,24,5.5,3,19.1136,72.8697,Low,06-06-2026
Nagpur,Dharampeth,Burglary,58,125163,Sunny,40,14.9,1,21.129,79.0588,Low,13-06-2026
Nagpur,Sitabuldi,Burglary,95,112313,Sunny,162,7.48,2,21.1458,79.0882,Medium,08-07-2025
Nagpur,Lakadganj,Assault,166,97162,Rainy,29,6.01,6,21.1505,79.1155,High,26-08-2025
Nashik,CIDCO,Assault,244,112034,Cloudy,48,4.48,11,19.9667,73.7667,High,08-02-2025
Nagpur,Sitabuldi,Burglary,120,77536,Cloudy,125,4.53,8,21.1458,79.0882,Medium,26-01-2025
Pune,Shivaji Nagar,Cyber Crime,184,152150,Rainy,172,6.6,6,18.5308,73.8475,High,31-05-2025
Nashik,Gangapur Road,Fraud,140,80695,Sunny,22,12.91,10,20.011,73.75,Medium,25-04-2025
Mumbai,Bandra,Cyber Crime,249,55517,Sunny,88,4.96,2,19.0596,72.8295,High,27-10-2025
Nagpur,Sadar,Cyber Crime,233,46573,Sunny,81,10.32,1,21.1642,79.0821,High,30-12-2024
Pune,Hinjewadi,Theft,180,74336,Cloudy,218,3.09,10,18.5912,73.7389,High,07-12-2024
Pune,Wakad,Theft,231,185530,Rainy,185,11.46,9,18.5975,73.7637,High,11-03-2024
Pune,Baner,Cyber Crime,128,52780,Rainy,33,2.63,3,18.559,73.7868,Medium,17-08-2024
Nagpur,Lakadganj,Theft,211,82823,Cloudy,84,9.74,12,21.1505,79.1155,High,26-02-2025
Nashik,Nashik Road,Theft,175,141255,Cloudy,119,5.84,9,19.9975,73.7898,High,13-09-2025
Chhatrapati Sambhajinagar,Aurangpura,Theft,51,69638,Cloudy,76,12.81,3,19.8762,75.3433,Low,12-04-2024
Mumbai,Borivali,Robbery,58,76429,Rainy,28,10.08,7,19.2307,72.8567,Low,11-05-2025
Mumbai,Colaba,Assault,207,145001,Sunny,199,4.06,6,18.9067,72.8147,High,05-01-2026
Nagpur,Dharampeth,Theft,227,178041,Sunny,28,3.02,9,21.129,79.0588,High,09-12-2025
Chhatrapati Sambhajinagar,Osmanpura,Theft,132,142087,Foggy,97,14.33,6,19.87,75.33,Medium,07-06-2024
Mumbai,Andheri,Burglary,238,91142,Rainy,130,14.46,3,19.1136,72.8697,High,29-06-2024
Pune,Baner,Burglary,202,163507,Cloudy,19,14.93,5,18.559,73.7868,High,11-08-2024
Mumbai,Dadar,Theft,32,157826,Rainy,188,14.01,10,19.0178,72.8478,Low,10-04-2026
Mumbai,Andheri,Fraud,102,165917,Rainy,107,7.2,8,19.1136,72.8697,Medium,31-10-2025
Chhatrapati Sambhajinagar,CIDCO,Fraud,12,142189,Rainy,219,4.9,3,19.889,75.32,Low,03-03-2026
Nagpur,Sitabuldi,Cyber Crime,167,167402,Sunny,118,14.18,8,21.1458,79.0882,High,23-04-2024
Pune,Hinjewadi,Cyber Crime,207,57665,Foggy,169,2.93,2,18.5912,73.7389,High,28-03-2026
Chhatrapati Sambhajinagar,Osmanpura,Fraud,141,163743,Foggy,107,8.02,7,19.87,75.33,Medium,31-07-2024
Nagpur,Sitabuldi,Theft,203,195685,Cloudy,59,2.45,5,21.1458,79.0882,High,24-04-2024
Chhatrapati Sambhajinagar,CIDCO,Theft,77,178334,Cloudy,98,2.6,1,19.889,75.32,Medium,28-06-2024
Mumbai,Powai,Fraud,245,115435,Rainy,113,4.77,4,19.1176,72.906,High,27-08-2025
Chhatrapati Sambhajinagar,CIDCO,Burglary,54,136916,Foggy,119,13.37,4,19.889,75.32,Low,01-09-2025
Nagpur,Dharampeth,Cyber Crime,198,152878,Foggy,44,14.08,1,21.129,79.0588,High,07-06-2026
Pune,Hadapsar,Theft,122,40460,Cloudy,188,14.66,2,18.5089,73.9259,Medium,22-02-2024
Mumbai,Bandra,Cyber Crime,139,190425,Rainy,209,6.4,10,19.0596,72.8295,Medium,03-03-2024
Nashik,CIDCO,Robbery,29,33733,Rainy,47,11.37,2,19.9667,73.7667,Low,03-01-2026
Pune,Hadapsar,Burglary,180,118309,Rainy,53,13.16,1,18.5089,73.9259,High,22-04-2026
Pune,Shivaji Nagar,Cyber Crime,200,59043,Foggy,195,5.6,8,18.5308,73.8475,High,20-06-2025
Mumbai,Borivali,Burglary,151,143902,Rainy,71,4.12,2,19.2307,72.8567,High,31-01-2024
Nagpur,Civil Lines,Burglary,236,121117,Cloudy,196,3.22,4,21.153,79.072,High,25-07-2025
Pune,Hadapsar,Burglary,90,185458,Rainy,217,2.45,12,18.5089,73.9259,Medium,05-11-2025
Nashik,Gangapur Road,Fraud,112,70356,Sunny,127,8.42,12,20.011,73.75,Medium,02-09-2024
Nashik,Nashik Road,Fraud,127,94587,Cloudy,13,8.48,11,19.9975,73.7898,Medium,05-03-2024
Nashik,Gangapur Road,Cyber Crime,100,175454,Rainy,118,14.84,9,20.011,73.75,Medium,12-01-2024
Nagpur,Shankar Nagar,Cyber Crime,250,30283,Foggy,133,14.11,7,21.127,79.06,High,01-08-2025
Pune,Baner,Burglary,133,182701,Foggy,139,4.02,9,18.559,73.7868,Medium,23-09-2024
Nagpur,Shankar Nagar,Cyber Crime,153,160622,Rainy,91,11.75,1,21.127,79.06,High,17-03-2025
Chhatrapati Sambhajinagar,CIDCO,Robbery,43,198216,Sunny,61,7.13,8,19.889,75.32,Low,17-08-2025
Chhatrapati Sambhajinagar,CIDCO,Burglary,173,25315,Sunny,132,7.1,7,19.889,75.32,High,26-04-2024
Nashik,Nashik Road,Fraud,151,81204,Sunny,82,14.79,5,19.9975,73.7898,High,25-12-2025
Mumbai,Colaba,Burglary,14,54852,Cloudy,90,8.2,1,18.9067,72.8147,Low,09-09-2025
Chhatrapati Sambhajinagar,Aurangpura,Theft,186,55725,Rainy,116,13.42,9,19.8762,75.3433,High,21-02-2026
Pune,Hinjewadi,Theft,59,39455,Sunny,28,7.04,6,18.5912,73.7389,Low,28-05-2025
Nagpur,Jaripatka,Robbery,243,163657,Cloudy,123,5.54,8,21.1801,79.0955,High,12-08-2025
Nashik,Nashik Road,Assault,84,186416,Rainy,175,4.32,1,19.9975,73.7898,Medium,11-07-2024
Chhatrapati Sambhajinagar,Aurangpura,Burglary,42,154039,Sunny,127,3.54,8,19.8762,75.3433,Low,19-11-2024
Nagpur,Dharampeth,Burglary,190,137719,Foggy,107,3.27,5,21.129,79.0588,High,06-01-2024
Nashik,Gangapur Road,Theft,40,165471,Foggy,107,12.71,5,20.011,73.75,Low,19-03-2026
Mumbai,Colaba,Theft,200,79290,Rainy,110,13.89,7,18.9067,72.8147,High,03-09-2025
Chhatrapati Sambhajinagar,Osmanpura,Robbery,144,39587,Rainy,25,6.67,5,19.87,75.33,Medium,19-03-2026
Nashik,CIDCO,Fraud,205,101114,Foggy,15,3.43,3,19.9667,73.7667,High,14-01-2026
Pune,Hinjewadi,Robbery,129,55902,Rainy,202,8.43,8,18.5912,73.7389,Medium,04-03-2026
Nagpur,Jaripatka,Fraud,61,134773,Sunny,181,13.42,11,21.1801,79.0955,Low,24-01-2026
Nashik,Nashik Road,Fraud,74,114108,Sunny,15,9.6,12,19.9975,73.7898,Low,22-04-2026
Mumbai,Powai,Robbery,80,80578,Rainy,169,7.73,6,19.1176,72.906,Medium,25-08-2025
Nagpur,Lakadganj,Robbery,76,66944,Foggy,50,2.71,12,21.1505,79.1155,Medium,14-03-2024
Nagpur,Jaripatka,Assault,202,96393,Foggy,50,6.64,12,21.1801,79.0955,High,08-12-2025
Pune,Shivaji Nagar,Robbery,13,183251,Sunny,116,3.24,6,18.5308,73.8475,Low,01-01-2025
Nagpur,Shankar Nagar,Burglary,76,110869,Rainy,56,3.78,12,21.127,79.06,Medium,24-10-2024
Pune,Shivaji Nagar,Assault,69,75316,Foggy,63,14.43,1,18.5308,73.8475,Low,06-02-2025
Mumbai,Andheri,Cyber Crime,102,76118,Sunny,78,9.51,7,19.1136,72.8697,Medium,17-12-2024
Mumbai,Borivali,Fraud,247,51163,Sunny,166,9.75,12,19.2307,72.8567,High,25-04-2024
Mumbai,Bandra,Theft,233,185865,Foggy,109,13.99,9,19.0596,72.8295,High,17-06-2026
Pune,Baner,Theft,112,150423,Rainy,81,5.65,4,18.559,73.7868,Medium,04-04-2024
Nashik,Gangapur Road,Fraud,12,110339,Foggy,108,5.72,12,20.011,73.75,Low,21-03-2024
Nashik,Nashik Road,Assault,101,116397,Rainy,155,5.63,9,19.9975,73.7898,Medium,26-02-2024
Nagpur,Sadar,Cyber Crime,169,156847,Cloudy,132,4.85,3,21.1642,79.0821,High,28-07-2024
Chhatrapati Sambhajinagar,CIDCO,Robbery,250,83883,Rainy,42,13.01,12,19.889,75.32,High,22-05-2025
Chhatrapati Sambhajinagar,Osmanpura,Assault,118,62960,Sunny,159,3.4,8,19.87,75.33,Medium,10-11-2024
Nashik,CIDCO,Burglary,190,42971,Sunny,189,12.76,6,19.9667,73.7667,High,15-09-2025
Chhatrapati Sambhajinagar,CIDCO,Assault,139,95420,Sunny,9,3.28,1,19.889,75.32,Medium,19-04-2026
Pune,Kothrud,Assault,128,168764,Sunny,203,10.07,9,18.5074,73.8077,Medium,01-03-2025
Mumbai,Borivali,Theft,91,121802,Foggy,198,11.21,1,19.2307,72.8567,Medium,12-11-2024
Chhatrapati Sambhajinagar,Osmanpura,Theft,35,68402,Sunny,38,6.4,11,19.87,75.33,Low,17-06-2025
Mumbai,Dadar,Theft,243,140999,Cloudy,71,12.4,12,19.0178,72.8478,High,07-08-2024
Nagpur,Jaripatka,Robbery,11,40113,Cloudy,148,2.93,2,21.1801,79.0955,Low,03-07-2024
Mumbai,Bandra,Fraud,224,79612,Cloudy,24,14.6,5,19.0596,72.8295,High,10-04-2024
Nagpur,Dharampeth,Theft,131,57698,Rainy,134,13.13,5,21.129,79.0588,Medium,07-03-2026
Pune,Hinjewadi,Cyber Crime,74,168881,Foggy,124,4.29,5,18.5912,73.7389,Low,08-06-2025
Nagpur,Shankar Nagar,Burglary,119,76137,Rainy,41,10.56,12,21.127,79.06,Medium,21-02-2025
Pune,Wakad,Burglary,72,141309,Rainy,96,8.78,6,18.5975,73.7637,Low,25-03-2024
Nashik,CIDCO,Burglary,14,188611,Rainy,71,9.45,3,19.9667,73.7667,Low,04-06-2025
Chhatrapati Sambhajinagar,Aurangpura,Cyber Crime,98,108908,Foggy,94,9.06,2,19.8762,75.3433,Medium,19-09-2024
Mumbai,Colaba,Cyber Crime,184,132414,Rainy,75,5.41,4,18.9067,72.8147,High,21-11-2024
Mumbai,Colaba,Assault,178,55399,Sunny,160,2.8,3,18.9067,72.8147,High,02-03-2025
Pune,Hadapsar,Assault,127,87480,Sunny,147,4.17,11,18.5089,73.9259,Medium,22-05-2025
Mumbai,Powai,Robbery,166,31391,Cloudy,209,10.49,1,19.1176,72.906,High,16-02-2024
Pune,Baner,Cyber Crime,134,198821,Foggy,122,9.98,5,18.559,73.7868,Medium,05-05-2026
Nashik,CIDCO,Fraud,125,72868,Foggy,68,5.67,6,19.9667,73.7667,Medium,07-07-2024
Nashik,Gangapur Road,Burglary,50,187128,Foggy,214,12.34,5,20.011,73.75,Low,14-01-2025
Pune,Shivaji Nagar,Fraud,22,166014,Cloudy,14,2.95,2,18.5308,73.8475,Low,21-11-2025
Nashik,CIDCO,Theft,114,29451,Foggy,38,3.72,7,19.9667,73.7667,Medium,31-07-2025
Nagpur,Shankar Nagar,Cyber Crime,93,181100,Foggy,11,12.36,9,21.127,79.06,Medium,12-12-2024
Nashik,CIDCO,Theft,62,70166,Sunny,166,8.44,11,19.9667,73.7667,Low,13-11-2024
Nashik,Nashik Road,Fraud,117,95152,Foggy,209,6.75,10,19.9975,73.7898,Medium,08-12-2024
Pune,Hadapsar,Fraud,187,44797,Rainy,5,2.91,2,18.5089,73.9259,High,16-10-2025
Nashik,CIDCO,Robbery,155,64687,Sunny,130,4.2,7,19.9667,73.7667,High,10-08-2025
Chhatrapati Sambhajinagar,Aurangpura,Theft,211,40079,Foggy,77,12.92,6,19.8762,75.3433,High,26-05-2024
Mumbai,Bandra,Burglary,156,153527,Sunny,52,12.31,4,19.0596,72.8295,High,19-06-2024
Mumbai,Andheri,Burglary,127,75022,Foggy,214,13.61,7,19.1136,72.8697,Medium,01-06-2026
Pune,Baner,Theft,141,32745,Sunny,76,8.08,12,18.559,73.7868,Medium,30-04-2026
Nagpur,Sadar,Fraud,186,148712,Rainy,5,11.25,8,21.1642,79.0821,High,11-02-2026
Chhatrapati Sambhajinagar,CIDCO,Theft,22,195923,Cloudy,157,9.27,6,19.889,75.32,Low,31-03-2024
Nashik,CIDCO,Robbery,82,69399,Foggy,199,9.23,4,19.9667,73.7667,Medium,07-04-2025
Chhatrapati Sambhajinagar,Osmanpura,Fraud,192,60903,Foggy,191,8.24,6,19.87,75.33,High,19-04-2024
Mumbai,Powai,Cyber Crime,239,72881,Cloudy,184,6.14,9,19.1176,72.906,High,01-03-2026
Nashik,CIDCO,Cyber Crime,99,76322,Rainy,39,5.33,3,19.9667,73.7667,Medium,12-09-2024
Chhatrapati Sambhajinagar,Osmanpura,Theft,211,34003,Cloudy,151,2.64,5,19.87,75.33,High,18-06-2025
Pune,Kothrud,Burglary,93,64184,Sunny,38,4.51,4,18.5074,73.8077,Medium,05-06-2024
Pune,Baner,Fraud,44,31127,Rainy,193,8.8,12,18.559,73.7868,Low,05-03-2025
Mumbai,Dadar,Burglary,188,186594,Foggy,211,12.79,12,19.0178,72.8478,High,23-02-2025
Mumbai,Dadar,Cyber Crime,208,183753,Cloudy,199,11.37,5,19.0178,72.8478,High,20-04-2024
Chhatrapati Sambhajinagar,Aurangpura,Cyber Crime,32,166595,Foggy,21,10.39,10,19.8762,75.3433,Low,28-04-2026
Chhatrapati Sambhajinagar,Osmanpura,Fraud,143,190029,Sunny,196,14.35,8,19.87,75.33,Medium,12-03-2026
Chhatrapati Sambhajinagar,Osmanpura,Cyber Crime,222,189329,Cloudy,40,2.32,1,19.87,75.33,High,25-10-2025
Pune,Kothrud,Fraud,195,143012,Foggy,179,12.37,11,18.5074,73.8077,High,03-02-2025
Pune,Hadapsar,Assault,124,66782,Rainy,113,14.48,9,18.5089,73.9259,Medium,20-03-2024
Chhatrapati Sambhajinagar,Aurangpura,Assault,203,39118,Rainy,160,10.09,6,19.8762,75.3433,High,06-01-2025
Nagpur,Lakadganj,Cyber Crime,40,55583,Foggy,11,11.07,5,21.1505,79.1155,Low,23-04-2025
Pune,Baner,Cyber Crime,218,41809,Sunny,100,7.54,6,18.559,73.7868,High,20-07-2024
Pune,Kothrud,Assault,106,81442,Cloudy,89,2.96,8,18.5074,73.8077,Medium,03-04-2025
Nashik,Gangapur Road,Assault,226,189931,Foggy,176,13.44,8,20.011,73.75,High,17-05-2024
Nashik,Nashik Road,Cyber Crime,92,157245,Foggy,176,9.73,9,19.9975,73.7898,Medium,30-10-2024
Nashik,Nashik Road,Assault,38,55441,Sunny,94,7.24,7,19.9975,73.7898,Low,27-08-2025
Nashik,Gangapur Road,Theft,99,95131,Sunny,83,9.12,3,20.011,73.75,Medium,14-09-2025
Nashik,CIDCO,Robbery,31,55678,Rainy,121,9.53,1,19.9667,73.7667,Low,28-03-2026
Mumbai,Colaba,Cyber Crime,39,94116,Rainy,93,12.63,2,18.9067,72.8147,Low,03-04-2026
Nashik,Gangapur Road,Robbery,49,26831,Cloudy,42,10.06,7,20.011,73.75,Low,09-03-2026
Nagpur,Shankar Nagar,Robbery,192,129739,Rainy,142,11.04,4,21.127,79.06,High,01-05-2026
Mumbai,Dadar,Theft,163,196478,Foggy,216,3.69,8,19.0178,72.8478,High,27-11-2025
Nashik,Gangapur Road,Robbery,138,148137,Rainy,161,10.93,3,20.011,73.75,Medium,18-05-2026
Chhatrapati Sambhajinagar,Aurangpura,Robbery,72,46744,Cloudy,178,5.54,11,19.8762,75.3433,Low,13-11-2025
Pune,Hinjewadi,Fraud,29,176797,Rainy,15,3.45,5,18.5912,73.7389,Low,13-03-2024
Nashik,CIDCO,Robbery,225,185009,Rainy,85,12.13,11,19.9667,73.7667,High,31-05-2025
Mumbai,Borivali,Theft,207,169075,Rainy,205,12.54,3,19.2307,72.8567,High,12-08-2024
Pune,Hadapsar,Theft,86,153658,Sunny,173,7.88,11,18.5089,73.9259,Medium,12-01-2024
Chhatrapati Sambhajinagar,Aurangpura,Robbery,125,46281,Rainy,27,8.7,9,19.8762,75.3433,Medium,13-12-2025
Pune,Hinjewadi,Assault,190,135925,Cloudy,141,14.15,4,18.5912,73.7389,High,15-11-2025
Chhatrapati Sambhajinagar,Aurangpura,Robbery,38,102515,Foggy,22,13.35,12,19.8762,75.3433,Low,18-04-2026
Mumbai,Dadar,Burglary,194,121870,Rainy,133,12.92,1,19.0178,72.8478,High,15-08-2025
Pune,Kothrud,Cyber Crime,207,121343,Cloudy,80,4.21,6,18.5074,73.8077,High,25-12-2025
Nagpur,Sadar,Theft,54,97524,Sunny,89,10.79,4,21.1642,79.0821,Low,24-10-2025
Nagpur,Lakadganj,Fraud,152,175443,Foggy,175,6.69,9,21.1505,79.1155,High,30-12-2025
Mumbai,Andheri,Cyber Crime,149,57429,Sunny,173,12.47,7,19.1136,72.8697,Medium,08-04-2024
Pune,Kothrud,Assault,189,105971,Rainy,123,10.76,6,18.5074,73.8077,High,19-09-2025
Nagpur,Jaripatka,Burglary,122,50955,Rainy,153,5.6,12,21.1801,79.0955,Medium,08-04-2024
Nagpur,Shankar Nagar,Robbery,169,131975,Rainy,147,2.63,4,21.127,79.06,High,29-09-2024
Chhatrapati Sambhajinagar,Osmanpura,Assault,13,74727,Foggy,12,13.14,8,19.87,75.33,Low,17-02-2026
Nashik,CIDCO,Assault,132,172029,Sunny,72,13.93,4,19.9667,73.7667,Medium,02-08-2024
Nashik,CIDCO,Cyber Crime,85,178120,Cloudy,133,13.95,10,19.9667,73.7667,Medium,28-02-2026
Chhatrapati Sambhajinagar,Aurangpura,Theft,29,170028,Cloudy,20,7.94,11,19.8762,75.3433,Low,26-05-2025
Pune,Baner,Robbery,35,25765,Sunny,45,10.91,12,18.559,73.7868,Low,27-07-2024
Chhatrapati Sambhajinagar,Osmanpura,Fraud,128,98561,Sunny,150,12.47,6,19.87,75.33,Medium,18-07-2025
Mumbai,Borivali,Cyber Crime,120,27889,Sunny,144,9.73,1,19.2307,72.8567,Medium,29-05-2024
Nashik,Gangapur Road,Theft,246,197698,Rainy,105,5.08,8,20.011,73.75,High,04-03-2025
Nashik,Gangapur Road,Robbery,171,196770,Cloudy,109,2.85,8,20.011,73.75,High,09-05-2025
Nashik,CIDCO,Assault,94,36247,Sunny,132,2.08,11,19.9667,73.7667,Medium,22-01-2024
Nagpur,Sitabuldi,Burglary,123,169642,Sunny,13,11.21,9,21.1458,79.0882,Medium,05-05-2025
Nagpur,Sadar,Assault,64,163468,Foggy,186,10.97,12,21.1642,79.0821,Low,04-11-2025
Nagpur,Jaripatka,Fraud,155,95231,Sunny,188,6.14,1,21.1801,79.0955,High,03-02-2024
Mumbai,Bandra,Cyber Crime,221,33350,Rainy,13,3.37,10,19.0596,72.8295,High,29-10-2024
Nagpur,Sitabuldi,Fraud,47,179331,Foggy,114,5.62,11,21.1458,79.0882,Low,28-03-2025
Chhatrapati Sambhajinagar,Osmanpura,Burglary,35,181103,Rainy,209,14.81,9,19.87,75.33,Low,12-06-2026
Pune,Hinjewadi,Burglary,139,131606,Foggy,92,12.6,10,18.5912,73.7389,Medium,16-06-2024
Nashik,Nashik Road,Fraud,31,101245,Foggy,48,8.46,6,19.9975,73.7898,Low,17-05-2025
Nagpur,Jaripatka,Assault,230,26968,Sunny,210,5.14,7,21.1801,79.0955,High,14-10-2024
Nashik,CIDCO,Cyber Crime,115,173333,Sunny,215,5.17,11,19.9667,73.7667,Medium,29-08-2025
Pune,Kothrud,Fraud,189,34626,Cloudy,218,2.65,3,18.5074,73.8077,High,28-10-2025
Nashik,Gangapur Road,Fraud,46,52883,Foggy,91,7.82,7,20.011,73.75,Low,25-04-2024
Nagpur,Sadar,Cyber Crime,119,159302,Foggy,145,8.06,1,21.1642,79.0821,Medium,27-04-2026
Pune,Hadapsar,Assault,47,83499,Sunny,17,8.19,12,18.5089,73.9259,Low,15-03-2024
Nashik,CIDCO,Assault,124,44884,Rainy,35,11.15,2,19.9667,73.7667,Medium,17-09-2025
Chhatrapati Sambhajinagar,Osmanpura,Cyber Crime,199,57886,Cloudy,56,11.41,3,19.87,75.33,High,16-12-2024
Chhatrapati Sambhajinagar,CIDCO,Assault,142,150060,Foggy,103,12.84,10,19.889,75.32,Medium,07-11-2024
Chhatrapati Sambhajinagar,Aurangpura,Cyber Crime,51,187974,Foggy,24,5.91,9,19.8762,75.3433,Low,15-07-2024
Chhatrapati Sambhajinagar,Aurangpura,Theft,239,122886,Rainy,180,3.9,8,19.8762,75.3433,High,28-12-2024
Pune,Kothrud,Robbery,61,193077,Foggy,116,11.92,2,18.5074,73.8077,Low,18-05-2025
Nashik,CIDCO,Robbery,119,101995,Sunny,155,9.65,11,19.9667,73.7667,Medium,31-07-2024
Nagpur,Shankar Nagar,Theft,171,132209,Foggy,26,10.3,5,21.127,79.06,High,21-04-2025
Pune,Baner,Theft,192,77737,Cloudy,150,14.42,6,18.559,73.7868,High,25-10-2024
Pune,Kothrud,Fraud,65,29991,Rainy,146,10.3,1,18.5074,73.8077,Low,06-08-2024
Pune,Shivaji Nagar,Theft,163,116802,Rainy,40,11.39,2,18.5308,73.8475,High,27-05-2025
Mumbai,Borivali,Assault,86,58251,Sunny,140,7.17,1,19.2307,72.8567,Medium,27-11-2025
Nashik,Gangapur Road,Burglary,146,174650,Sunny,108,4.68,11,20.011,73.75,Medium,28-01-2026
Pune,Hinjewadi,Cyber Crime,191,71176,Cloudy,132,4.08,10,18.5912,73.7389,High,24-03-2025
Nagpur,Civil Lines,Robbery,143,101057,Sunny,212,9.93,8,21.153,79.072,Medium,14-01-2025
Nagpur,Jaripatka,Assault,246,26976,Sunny,136,10.12,7,21.1801,79.0955,High,18-01-2024
Nagpur,Jaripatka,Fraud,123,195453,Rainy,202,4.15,2,21.1801,79.0955,Medium,21-01-2025
Nashik,Nashik Road,Assault,247,31416,Sunny,124,12.69,4,19.9975,73.7898,High,03-08-2025
Pune,Baner,Fraud,124,86622,Sunny,155,5.25,7,18.559,73.7868,Medium,05-06-2024
Chhatrapati Sambhajinagar,Osmanpura,Burglary,168,47731,Rainy,116,14.99,5,19.87,75.33,High,05-11-2025
Chhatrapati Sambhajinagar,Aurangpura,Cyber Crime,93,126578,Foggy,214,2.27,2,19.8762,75.3433,Medium,30-05-2025
Chhatrapati Sambhajinagar,Aurangpura,Theft,151,123565,Sunny,220,5.36,9,19.8762,75.3433,High,26-09-2025
Nashik,CIDCO,Fraud,16,182909,Cloudy,37,11.22,6,19.9667,73.7667,Low,19-04-2026
Nagpur,Sadar,Burglary,182,138919,Foggy,74,7.23,4,21.1642,79.0821,High,28-11-2025
Nashik,Nashik Road,Burglary,244,36292,Rainy,220,9.47,8,19.9975,73.7898,High,09-07-2025
Pune,Hadapsar,Fraud,61,194589,Foggy,172,3.3,3,18.5089,73.9259,Low,19-01-2024
Mumbai,Borivali,Robbery,16,162361,Cloudy,163,9.99,3,19.2307,72.8567,Low,16-05-2025
Nagpur,Sitabuldi,Burglary,184,79885,Sunny,54,13.55,1,21.1458,79.0882,High,28-06-2025
Nashik,CIDCO,Assault,24,165314,Sunny,189,11.39,1,19.9667,73.7667,Low,13-05-2025
Nagpur,Sadar,Robbery,156,177406,Rainy,218,12.24,8,21.1642,79.0821,High,21-08-2025
Pune,Shivaji Nagar,Fraud,82,127018,Rainy,215,8.06,12,18.5308,73.8475,Medium,19-11-2025
Mumbai,Andheri,Fraud,156,146763,Sunny,199,5.31,6,19.1136,72.8697,High,21-02-2024
Chhatrapati Sambhajinagar,Osmanpura,Theft,36,48151,Cloudy,54,5.84,8,19.87,75.33,Low,18-12-2024
Chhatrapati Sambhajinagar,Aurangpura,Assault,148,128621,Rainy,178,14.95,7,19.8762,75.3433,Medium,18-08-2025
Chhatrapati Sambhajinagar,Aurangpura,Burglary,149,63159,Foggy,64,6.19,1,19.8762,75.3433,Medium,31-03-2026
Nashik,Nashik Road,Burglary,94,108040,Foggy,95,11.54,12,19.9975,73.7898,Medium,20-04-2025
Chhatrapati Sambhajinagar,CIDCO,Fraud,184,34073,Cloudy,109,7.54,5,19.889,75.32,High,25-10-2025
Pune,Baner,Burglary,83,64777,Sunny,171,10.3,1,18.559,73.7868,Medium,30-01-2025
Pune,Hinjewadi,Robbery,44,81979,Foggy,17,8.73,5,18.5912,73.7389,Low,18-03-2025
Nashik,Nashik Road,Assault,217,84598,Foggy,35,6.02,11,19.9975,73.7898,High,04-11-2025
Nagpur,Dharampeth,Cyber Crime,233,46555,Sunny,59,11.05,11,21.129,79.0588,High,21-01-2024
Nagpur,Dharampeth,Robbery,144,100906,Sunny,10,11.98,4,21.129,79.0588,Medium,08-06-2024
Mumbai,Dadar,Burglary,115,40587,Sunny,178,5.32,11,19.0178,72.8478,Medium,28-01-2024
Chhatrapati Sambhajinagar,Osmanpura,Cyber Crime,98,194101,Foggy,58,5.55,12,19.87,75.33,Medium,13-04-2025
Chhatrapati Sambhajinagar,Aurangpura,Fraud,150,131295,Sunny,88,7.96,2,19.8762,75.3433,Medium,27-03-2026
Nagpur,Jaripatka,Robbery,26,78700,Rainy,41,13.36,2,21.1801,79.0955,Low,23-06-2024
Mumbai,Colaba,Assault,120,53412,Rainy,6,2.97,5,18.9067,72.8147,Medium,16-12-2024
Nagpur,Sitabuldi,Cyber Crime,102,49517,Cloudy,57,10.88,6,21.1458,79.0882,Medium,08-11-2025
Chhatrapati Sambhajinagar,CIDCO,Theft,105,174946,Foggy,119,10.11,9,19.889,75.32,Medium,10-03-2026
Chhatrapati Sambhajinagar,CIDCO,Robbery,82,198473,Sunny,120,14.72,7,19.889,75.32,Medium,02-06-2026
Pune,Wakad,Burglary,187,101221,Rainy,173,8.65,2,18.5975,73.7637,High,12-12-2025
Nashik,Gangapur Road,Fraud,247,194205,Cloudy,172,13.43,7,20.011,73.75,High,30-08-2025
Nagpur,Civil Lines,Robbery,60,72410,Cloudy,30,10.49,6,21.153,79.072,Low,28-01-2024
Nashik,CIDCO,Theft,133,189958,Cloudy,163,10.32,11,19.9667,73.7667,Medium,05-01-2026
Pune,Hinjewadi,Cyber Crime,194,51795,Sunny,92,2.72,3,18.5912,73.7389,High,22-03-2024
Nagpur,Shankar Nagar,Assault,43,134768,Sunny,147,9.85,1,21.127,79.06,Low,31-07-2025
Mumbai,Borivali,Assault,162,87140,Sunny,112,8.56,3,19.2307,72.8567,High,05-05-2025
Pune,Shivaji Nagar,Fraud,228,187702,Rainy,36,2.53,3,18.5308,73.8475,High,09-09-2024
Nashik,Gangapur Road,Robbery,245,100367,Foggy,35,3.64,11,20.011,73.75,High,14-01-2025
Mumbai,Colaba,Theft,70,194765,Foggy,201,14.82,9,18.9067,72.8147,Low,08-03-2026
Chhatrapati Sambhajinagar,Osmanpura,Burglary,54,136079,Foggy,205,5.01,10,19.87,75.33,Low,27-11-2025
Nashik,Nashik Road,Assault,13,121430,Cloudy,15,8.82,10,19.9975,73.7898,Low,20-02-2025
Mumbai,Dadar,Cyber Crime,15,38931,Rainy,6,5.53,11,19.0178,72.8478,Low,03-03-2025
Mumbai,Dadar,Robbery,134,141783,Rainy,83,3.86,11,19.0178,72.8478,Medium,21-11-2024
Chhatrapati Sambhajinagar,Aurangpura,Assault,83,99753,Cloudy,93,11.04,8,19.8762,75.3433,Medium,08-04-2025
Mumbai,Colaba,Assault,105,146865,Sunny,199,8.61,12,18.9067,72.8147,Medium,24-12-2024
Mumbai,Powai,Assault,49,91488,Rainy,147,8.21,2,19.1176,72.906,Low,09-12-2025
Nashik,Nashik Road,Cyber Crime,94,109791,Foggy,188,14.57,5,19.9975,73.7898,Medium,08-12-2025
Nagpur,Dharampeth,Assault,212,107590,Foggy,164,2.56,8,21.129,79.0588,High,11-10-2024
Chhatrapati Sambhajinagar,Aurangpura,Fraud,132,190828,Cloudy,213,13.86,5,19.8762,75.3433,Medium,17-05-2024
Mumbai,Andheri,Cyber Crime,195,43160,Foggy,64,5.85,7,19.1136,72.8697,High,15-01-2025
Nashik,Nashik Road,Burglary,116,141291,Sunny,210,3.94,12,19.9975,73.7898,Medium,25-10-2024
Nagpur,Civil Lines,Assault,225,90812,Sunny,143,14.81,2,21.153,79.072,High,09-04-2026
Nashik,CIDCO,Fraud,149,148258,Rainy,46,12.84,12,19.9667,73.7667,Medium,07-01-2024
Nashik,Nashik Road,Assault,53,167091,Rainy,21,13.59,8,19.9975,73.7898,Low,30-08-2025
Nagpur,Dharampeth,Theft,196,60511,Foggy,215,11.14,11,21.129,79.0588,High,08-08-2024
Nashik,Nashik Road,Cyber Crime,137,183605,Foggy,25,5.2,2,19.9975,73.7898,Medium,29-10-2024
Nashik,Gangapur Road,Theft,162,38039,Cloudy,137,8.36,10,20.011,73.75,High,25-07-2025
Nagpur,Shankar Nagar,Burglary,143,183431,Cloudy,197,14.21,2,21.127,79.06,Medium,31-01-2025
Nashik,Nashik Road,Robbery,178,194299,Cloudy,180,4.01,6,19.9975,73.7898,High,22-05-2025
Nagpur,Shankar Nagar,Fraud,196,148328,Rainy,100,6.71,5,21.127,79.06,High,26-01-2026
Pune,Kothrud,Robbery,64,31312,Rainy,139,8.54,8,18.5074,73.8077,Low,05-01-2024
Nashik,Gangapur Road,Burglary,159,37478,Rainy,211,5.7,11,20.011,73.75,High,10-10-2025
Chhatrapati Sambhajinagar,CIDCO,Fraud,58,99847,Cloudy,174,3.71,2,19.889,75.32,Low,17-05-2025
Chhatrapati Sambhajinagar,Aurangpura,Burglary,68,144003,Sunny,84,4.62,10,19.8762,75.3433,Low,08-01-2025
Mumbai,Borivali,Cyber Crime,232,143137,Sunny,133,11.33,7,19.2307,72.8567,High,21-10-2024
Chhatrapati Sambhajinagar,Osmanpura,Fraud,194,148900,Sunny,20,10.03,5,19.87,75.33,High,02-04-2026
Mumbai,Borivali,Burglary,195,98503,Rainy,117,7.67,5,19.2307,72.8567,High,06-06-2024
Nagpur,Lakadganj,Burglary,129,150060,Foggy,220,14,11,21.1505,79.1155,Medium,07-05-2024
Nashik,CIDCO,Theft,178,185189,Cloudy,129,8.51,12,19.9667,73.7667,High,12-05-2024
Pune,Hadapsar,Theft,51,110555,Rainy,18,7.78,10,18.5089,73.9259,Low,25-01-2024
Mumbai,Andheri,Assault,171,33430,Foggy,21,3.37,8,19.1136,72.8697,High,09-04-2026
Nagpur,Jaripatka,Assault,162,177208,Foggy,57,9.88,8,21.1801,79.0955,High,24-05-2024
Pune,Hadapsar,Burglary,22,125236,Foggy,181,12.55,6,18.5089,73.9259,Low,11-10-2024
Chhatrapati Sambhajinagar,CIDCO,Theft,102,147565,Cloudy,115,9.08,10,19.889,75.32,Medium,21-03-2026
Nagpur,Sitabuldi,Cyber Crime,147,63315,Cloudy,33,11.64,11,21.1458,79.0882,Medium,29-12-2024
Chhatrapati Sambhajinagar,Aurangpura,Burglary,88,178471,Sunny,196,2.01,8,19.8762,75.3433,Medium,03-04-2025
Nagpur,Sadar,Fraud,104,171656,Rainy,161,4.17,2,21.1642,79.0821,Medium,03-11-2024
Pune,Hinjewadi,Robbery,86,56830,Foggy,193,12.25,2,18.5912,73.7389,Medium,24-08-2025
Nashik,Nashik Road,Theft,29,153717,Rainy,58,6.78,12,19.9975,73.7898,Low,02-04-2025
Pune,Wakad,Fraud,97,170342,Cloudy,36,12.09,9,18.5975,73.7637,Medium,03-08-2025
Pune,Hinjewadi,Burglary,72,37348,Rainy,41,6.52,8,18.5912,73.7389,Low,01-12-2025
Mumbai,Bandra,Assault,82,110499,Foggy,169,14.7,7,19.0596,72.8295,Medium,25-12-2025
Mumbai,Borivali,Assault,84,129631,Cloudy,89,4.78,4,19.2307,72.8567,Medium,22-11-2025
Chhatrapati Sambhajinagar,CIDCO,Robbery,162,137876,Rainy,154,12.4,1,19.889,75.32,High,04-05-2025
Nashik,Gangapur Road,Theft,41,72328,Sunny,48,8.53,10,20.011,73.75,Low,20-02-2026
Nagpur,Sadar,Theft,208,92690,Rainy,144,8.89,4,21.1642,79.0821,High,17-08-2025
Mumbai,Powai,Fraud,93,101808,Rainy,124,4.23,11,19.1176,72.906,Medium,26-08-2024
Nagpur,Sitabuldi,Assault,57,70440,Sunny,117,3.95,2,21.1458,79.0882,Low,21-08-2025
Nashik,CIDCO,Cyber Crime,45,126762,Rainy,195,4.94,10,19.9667,73.7667,Low,02-12-2025
Mumbai,Colaba,Burglary,183,88393,Foggy,41,6.2,7,18.9067,72.8147,High,19-10-2025
Nagpur,Jaripatka,Theft,53,121256,Cloudy,41,4.85,11,21.1801,79.0955,Low,13-06-2024
Mumbai,Colaba,Cyber Crime,172,109437,Sunny,181,6.55,2,18.9067,72.8147,High,12-07-2025
Mumbai,Borivali,Burglary,19,51932,Rainy,88,8.6,4,19.2307,72.8567,Low,25-10-2024
Nagpur,Sadar,Burglary,85,190946,Rainy,53,2.41,7,21.1642,79.0821,Medium,12-01-2026
Nagpur,Jaripatka,Cyber Crime,14,152935,Foggy,10,9.74,3,21.1801,79.0955,Low,01-08-2024
Chhatrapati Sambhajinagar,Osmanpura,Robbery,66,161241,Foggy,51,5.08,5,19.87,75.33,Low,20-08-2025
Mumbai,Dadar,Theft,182,29007,Cloudy,109,12.72,8,19.0178,72.8478,High,07-01-2025
Nashik,CIDCO,Fraud,173,120719,Foggy,49,14.22,11,19.9667,73.7667,High,20-11-2024
Pune,Hadapsar,Fraud,22,53183,Sunny,102,8.89,1,18.5089,73.9259,Low,04-12-2025
Chhatrapati Sambhajinagar,CIDCO,Burglary,74,118227,Cloudy,110,5.77,9,19.889,75.32,Low,27-09-2025
Chhatrapati Sambhajinagar,Aurangpura,Theft,175,62835,Foggy,190,6.14,8,19.8762,75.3433,High,27-04-2026
Mumbai,Bandra,Assault,224,30688,Foggy,180,4.59,3,19.0596,72.8295,High,06-06-2024
Pune,Shivaji Nagar,Assault,106,81667,Foggy,211,11.54,2,18.5308,73.8475,Medium,06-01-2025
Nashik,Gangapur Road,Fraud,176,119726,Cloudy,116,13.29,3,20.011,73.75,High,13-11-2025
Chhatrapati Sambhajinagar,Osmanpura,Theft,127,34280,Sunny,172,2.81,12,19.87,75.33,Medium,16-02-2024
Chhatrapati Sambhajinagar,CIDCO,Assault,249,162911,Foggy,181,8.1,5,19.889,75.32,High,11-09-2024
Chhatrapati Sambhajinagar,CIDCO,Fraud,194,199208,Cloudy,151,5.81,11,19.889,75.32,High,09-09-2024
Nagpur,Shankar Nagar,Assault,117,61662,Rainy,163,12.97,3,21.127,79.06,Medium,14-02-2024
Chhatrapati Sambhajinagar,Aurangpura,Burglary,92,154042,Foggy,33,10.85,10,19.8762,75.3433,Medium,19-08-2025
Chhatrapati Sambhajinagar,CIDCO,Fraud,128,39021,Rainy,65,8.41,12,19.889,75.32,Medium,27-04-2025
Pune,Hadapsar,Robbery,231,116085,Cloudy,24,4.96,11,18.5089,73.9259,High,13-12-2025
Nashik,CIDCO,Theft,180,176043,Cloudy,201,7.54,9,19.9667,73.7667,High,27-07-2024
Chhatrapati Sambhajinagar,Osmanpura,Assault,122,105469,Rainy,99,10.31,4,19.87,75.33,Medium,13-12-2025
Nagpur,Shankar Nagar,Cyber Crime,56,57231,Rainy,211,14.46,4,21.127,79.06,Low,18-05-2026
Nagpur,Lakadganj,Robbery,75,111285,Foggy,87,2.14,5,21.1505,79.1155,Low,20-09-2024
Chhatrapati Sambhajinagar,Aurangpura,Burglary,97,159705,Rainy,169,13.1,11,19.8762,75.3433,Medium,14-01-2024
Mumbai,Dadar,Cyber Crime,11,39326,Foggy,174,11.09,12,19.0178,72.8478,Low,16-05-2024
Nashik,Nashik Road,Cyber Crime,111,137096,Foggy,20,13.33,10,19.9975,73.7898,Medium,13-08-2025
Pune,Hadapsar,Fraud,236,62974,Rainy,219,6.03,3,18.5089,73.9259,High,28-02-2025
Chhatrapati Sambhajinagar,Osmanpura,Assault,102,86522,Sunny,137,3.05,1,19.87,75.33,Medium,06-03-2026
Pune,Wakad,Robbery,108,193323,Foggy,50,8.67,3,18.5975,73.7637,Medium,10-11-2025
Nashik,Nashik Road,Theft,206,50181,Sunny,114,2.72,2,19.9975,73.7898,High,28-06-2025
Mumbai,Bandra,Robbery,224,109373,Sunny,103,10.89,12,19.0596,72.8295,High,26-11-2025
Nagpur,Jaripatka,Cyber Crime,156,50651,Rainy,205,8.15,11,21.1801,79.0955,High,25-05-2025
Nagpur,Jaripatka,Theft,31,161947,Sunny,100,13.12,2,21.1801,79.0955,Low,31-08-2024
Nashik,CIDCO,Robbery,243,108715,Cloudy,186,13.7,8,19.9667,73.7667,High,02-01-2024
Nagpur,Sitabuldi,Assault,221,158746,Cloudy,90,3.85,2,21.1458,79.0882,High,22-02-2024
Mumbai,Bandra,Fraud,199,153169,Foggy,172,9.38,1,19.0596,72.8295,High,23-07-2024
Nashik,CIDCO,Burglary,47,138757,Rainy,101,5.15,6,19.9667,73.7667,Low,18-09-2024
Nagpur,Sadar,Assault,248,55811,Foggy,26,12.21,11,21.1642,79.0821,High,30-10-2025
Mumbai,Andheri,Cyber Crime,220,62840,Foggy,77,11,7,19.1136,72.8697,High,01-01-2025
Pune,Wakad,Burglary,101,64320,Sunny,103,10.19,12,18.5975,73.7637,Medium,29-07-2024
Nashik,Gangapur Road,Theft,68,149931,Rainy,151,10.5,10,20.011,73.75,Low,31-05-2025
Mumbai,Powai,Fraud,229,142829,Foggy,66,8.53,11,19.1176,72.906,High,22-05-2026
Pune,Hadapsar,Assault,217,85096,Sunny,167,12.71,10,18.5089,73.9259,High,17-06-2024
Pune,Shivaji Nagar,Cyber Crime,180,69761,Foggy,63,9.91,6,18.5308,73.8475,High,06-01-2024
Pune,Baner,Burglary,217,94808,Sunny,69,6.31,7,18.559,73.7868,High,19-11-2025
Mumbai,Borivali,Burglary,105,53512,Sunny,120,10.21,11,19.2307,72.8567,Medium,05-04-2024
Nashik,Gangapur Road,Theft,180,126225,Rainy,122,2.05,10,20.011,73.75,High,14-04-2025
Chhatrapati Sambhajinagar,Osmanpura,Robbery,132,31747,Rainy,74,9.52,4,19.87,75.33,Medium,31-03-2024
Pune,Hadapsar,Robbery,17,140555,Cloudy,108,2.67,12,18.5089,73.9259,Low,15-09-2024
Chhatrapati Sambhajinagar,Osmanpura,Burglary,36,95470,Cloudy,22,12.36,8,19.87,75.33,Low,17-06-2024
Nashik,Gangapur Road,Assault,159,65945,Cloudy,218,8.66,12,20.011,73.75,High,29-06-2025
Nagpur,Lakadganj,Cyber Crime,114,156836,Sunny,101,10.48,10,21.1505,79.1155,Medium,12-11-2024
Mumbai,Bandra,Cyber Crime,18,146643,Cloudy,217,6.67,4,19.0596,72.8295,Low,01-03-2025
Nashik,Nashik Road,Robbery,228,39082,Sunny,36,12.91,1,19.9975,73.7898,High,12-04-2026
Mumbai,Borivali,Robbery,181,72040,Sunny,95,9.52,5,19.2307,72.8567,High,07-02-2026
Mumbai,Powai,Fraud,128,137975,Rainy,164,5.76,11,19.1176,72.906,Medium,18-01-2026
Chhatrapati Sambhajinagar,Osmanpura,Robbery,130,50394,Foggy,5,9.77,7,19.87,75.33,Medium,31-10-2024
Nashik,Nashik Road,Theft,205,169239,Foggy,104,14.68,2,19.9975,73.7898,High,20-05-2025
Nagpur,Shankar Nagar,Assault,11,176735,Foggy,107,6.57,2,21.127,79.06,Low,10-01-2026
Pune,Wakad,Cyber Crime,223,107522,Sunny,194,6.99,11,18.5975,73.7637,High,12-10-2024
Nagpur,Sadar,Cyber Crime,156,151123,Sunny,179,6.47,4,21.1642,79.0821,High,09-01-2025
Mumbai,Bandra,Assault,90,122075,Sunny,165,6.42,7,19.0596,72.8295,Medium,21-01-2026
Nashik,CIDCO,Cyber Crime,165,64719,Foggy,65,14.15,3,19.9667,73.7667,High,08-04-2024
Nagpur,Shankar Nagar,Robbery,27,71002,Sunny,60,3.81,7,21.127,79.06,Low,14-09-2024
Nagpur,Sadar,Burglary,223,76322,Sunny,73,8.81,5,21.1642,79.0821,High,08-02-2025
Pune,Baner,Theft,65,93999,Sunny,19,4.25,5,18.559,73.7868,Low,24-09-2024
Mumbai,Powai,Burglary,211,52180,Rainy,142,11.38,8,19.1176,72.906,High,21-10-2025
Nashik,Gangapur Road,Robbery,188,121333,Rainy,211,10.57,8,20.011,73.75,High,04-08-2024
Mumbai,Colaba,Assault,10,178296,Rainy,206,2.34,3,18.9067,72.8147,Low,22-04-2026
Chhatrapati Sambhajinagar,Aurangpura,Robbery,86,118842,Sunny,34,14.54,6,19.8762,75.3433,Medium,20-08-2025
Nashik,Gangapur Road,Assault,151,95380,Foggy,140,14.75,2,20.011,73.75,High,06-02-2026
Nashik,Gangapur Road,Robbery,73,45618,Cloudy,104,11.65,9,20.011,73.75,Low,21-02-2025
Mumbai,Bandra,Robbery,149,38737,Sunny,116,14.68,8,19.0596,72.8295,Medium,10-02-2026
Nashik,CIDCO,Fraud,249,53335,Sunny,166,5.71,1,19.9667,73.7667,High,22-11-2025
Chhatrapati Sambhajinagar,Aurangpura,Theft,151,174290,Foggy,197,9.75,11,19.8762,75.3433,High,06-04-2026
Nagpur,Dharampeth,Fraud,71,185342,Cloudy,117,7.69,2,21.129,79.0588,Low,02-03-2025
Nagpur,Sadar,Robbery,205,102548,Foggy,177,5.54,8,21.1642,79.0821,High,08-11-2025
Nagpur,Jaripatka,Fraud,183,27404,Sunny,139,9.01,6,21.1801,79.0955,High,28-05-2025
Nashik,CIDCO,Robbery,58,116227,Foggy,69,2.48,7,19.9667,73.7667,Low,10-10-2024
Pune,Hinjewadi,Fraud,32,178367,Rainy,37,11.19,2,18.5912,73.7389,Low,24-04-2024
Chhatrapati Sambhajinagar,Aurangpura,Assault,220,103152,Sunny,178,11.96,6,19.8762,75.3433,High,26-07-2025
Nagpur,Shankar Nagar,Cyber Crime,80,164795,Sunny,20,6.46,6,21.127,79.06,Medium,26-11-2024
Nashik,Gangapur Road,Robbery,237,158121,Foggy,30,9.95,8,20.011,73.75,High,05-09-2025
Nashik,Nashik Road,Robbery,191,31241,Sunny,177,5.77,3,19.9975,73.7898,High,28-07-2025
Nashik,Gangapur Road,Assault,217,74532,Sunny,124,5.36,7,20.011,73.75,High,03-01-2025
Pune,Kothrud,Theft,45,160884,Rainy,52,11.42,7,18.5074,73.8077,Low,15-05-2024
Mumbai,Powai,Theft,173,134162,Rainy,173,12.43,5,19.1176,72.906,High,30-10-2025
Mumbai,Powai,Robbery,44,112982,Rainy,31,14.22,11,19.1176,72.906,Low,07-03-2024
Mumbai,Dadar,Assault,210,84042,Cloudy,153,4.38,4,19.0178,72.8478,High,28-03-2025
Nashik,CIDCO,Assault,236,109235,Cloudy,100,3.13,6,19.9667,73.7667,High,19-06-2025
Chhatrapati Sambhajinagar,Osmanpura,Robbery,106,54606,Foggy,114,13.68,11,19.87,75.33,Medium,25-08-2024
Mumbai,Andheri,Assault,63,71532,Cloudy,197,2.01,1,19.1136,72.8697,Low,06-05-2025
Nashik,Nashik Road,Fraud,53,173294,Rainy,184,5.33,10,19.9975,73.7898,Low,12-11-2025
Chhatrapati Sambhajinagar,CIDCO,Fraud,48,100516,Rainy,67,6.61,8,19.889,75.32,Low,12-01-2024
Nashik,CIDCO,Fraud,14,104030,Cloudy,90,6.87,10,19.9667,73.7667,Low,27-06-2025
Mumbai,Andheri,Burglary,143,85407,Foggy,207,13.11,9,19.1136,72.8697,Medium,20-07-2024
Pune,Kothrud,Theft,61,39756,Foggy,109,5.95,2,18.5074,73.8077,Low,10-09-2025
Pune,Shivaji Nagar,Robbery,169,149113,Rainy,135,12.45,9,18.5308,73.8475,High,22-03-2026
Mumbai,Andheri,Burglary,149,117473,Rainy,182,12.13,12,19.1136,72.8697,Medium,02-11-2024
Nagpur,Sitabuldi,Assault,23,126314,Foggy,197,3.71,10,21.1458,79.0882,Low,09-12-2024
Nagpur,Dharampeth,Cyber Crime,126,41757,Sunny,201,4.9,11,21.129,79.0588,Medium,08-05-2024
Pune,Baner,Assault,60,125123,Foggy,117,13.65,11,18.559,73.7868,Low,09-06-2025
Nagpur,Lakadganj,Cyber Crime,137,149928,Foggy,65,9.56,12,21.1505,79.1155,Medium,28-03-2025
Nagpur,Civil Lines,Burglary,174,85240,Sunny,211,8.71,7,21.153,79.072,High,21-05-2026
Pune,Shivaji Nagar,Theft,106,164022,Foggy,210,7.51,7,18.5308,73.8475,Medium,16-05-2026
Nashik,CIDCO,Fraud,129,176721,Rainy,136,10.99,10,19.9667,73.7667,Medium,22-09-2025
Chhatrapati Sambhajinagar,CIDCO,Theft,100,38677,Sunny,166,13.73,4,19.889,75.32,Medium,19-03-2025
Chhatrapati Sambhajinagar,CIDCO,Theft,21,163574,Rainy,183,2.48,9,19.889,75.32,Low,04-06-2026
Nashik,CIDCO,Fraud,145,83234,Cloudy,156,5.28,12,19.9667,73.7667,Medium,22-02-2025
Nagpur,Shankar Nagar,Robbery,98,91600,Foggy,82,7.45,8,21.127,79.06,Medium,02-11-2025
Pune,Kothrud,Robbery,15,47989,Foggy,38,2.68,6,18.5074,73.8077,Low,11-01-2025
Nashik,Nashik Road,Theft,28,128174,Sunny,90,7.57,10,19.9975,73.7898,Low,20-10-2025
Nagpur,Dharampeth,Theft,178,93405,Sunny,29,10.99,5,21.129,79.0588,High,09-02-2024
Pune,Shivaji Nagar,Burglary,153,156981,Sunny,158,6.67,4,18.5308,73.8475,High,05-07-2025
Nagpur,Shankar Nagar,Assault,226,196443,Cloudy,113,5.81,11,21.127,79.06,High,01-07-2025
Chhatrapati Sambhajinagar,Osmanpura,Theft,205,94645,Rainy,88,13.17,3,19.87,75.33,High,26-05-2025
Pune,Hinjewadi,Assault,63,101471,Cloudy,53,13.46,1,18.5912,73.7389,Low,13-01-2026
Chhatrapati Sambhajinagar,Osmanpura,Robbery,234,55180,Cloudy,158,3.68,9,19.87,75.33,High,10-04-2025
Mumbai,Borivali,Theft,109,68360,Foggy,166,11.72,10,19.2307,72.8567,Medium,01-12-2025
Mumbai,Andheri,Assault,33,109531,Cloudy,40,12.7,3,19.1136,72.8697,Low,06-10-2024
Mumbai,Bandra,Assault,67,97354,Rainy,81,5.93,7,19.0596,72.8295,Low,12-02-2026
Pune,Wakad,Cyber Crime,90,96932,Sunny,134,13.96,7,18.5975,73.7637,Medium,27-04-2025
Nagpur,Jaripatka,Burglary,135,80641,Rainy,125,14.46,3,21.1801,79.0955,Medium,06-01-2026
Nashik,Nashik Road,Cyber Crime,230,64286,Sunny,31,10.99,11,19.9975,73.7898,High,22-10-2025
Nagpur,Sadar,Robbery,240,28817,Rainy,99,10.43,7,21.1642,79.0821,High,12-07-2025
Pune,Baner,Fraud,145,116904,Cloudy,166,2.32,12,18.559,73.7868,Medium,23-02-2026
Pune,Shivaji Nagar,Theft,63,48766,Rainy,21,7.05,9,18.5308,73.8475,Low,03-11-2024
Mumbai,Andheri,Cyber Crime,225,84353,Foggy,148,2.63,4,19.1136,72.8697,High,21-11-2025
Nashik,Nashik Road,Fraud,83,178663,Foggy,186,4.29,8,19.9975,73.7898,Medium,22-09-2025
Pune,Shivaji Nagar,Theft,43,41655,Rainy,153,2.17,5,18.5308,73.8475,Low,26-10-2025
Mumbai,Powai,Robbery,23,195065,Foggy,10,11.27,2,19.1176,72.906,Low,22-06-2024
Nashik,Gangapur Road,Assault,227,118339,Rainy,192,9.24,4,20.011,73.75,High,17-11-2025
Nashik,Gangapur Road,Robbery,73,122373,Rainy,136,6.8,3,20.011,73.75,Low,25-09-2025
Chhatrapati Sambhajinagar,CIDCO,Burglary,247,73892,Rainy,34,14.98,6,19.889,75.32,High,07-08-2024
Chhatrapati Sambhajinagar,Osmanpura,Fraud,47,173533,Cloudy,174,8.89,3,19.87,75.33,Low,14-09-2024
Pune,Hadapsar,Assault,25,159729,Rainy,14,12.62,9,18.5089,73.9259,Low,29-05-2024
Pune,Hadapsar,Fraud,159,183573,Foggy,212,5.71,5,18.5089,73.9259,High,26-11-2024
Pune,Hinjewadi,Robbery,50,94137,Foggy,86,7.53,12,18.5912,73.7389,Low,07-01-2025
Pune,Hinjewadi,Fraud,247,44714,Cloudy,71,3.79,9,18.5912,73.7389,High,03-02-2026
Nagpur,Shankar Nagar,Cyber Crime,221,43554,Rainy,185,13.61,3,21.127,79.06,High,20-06-2024
Mumbai,Powai,Burglary,149,146865,Foggy,83,6.69,4,19.1176,72.906,Medium,01-06-2024
Nashik,Nashik Road,Theft,13,193414,Cloudy,125,10.07,2,19.9975,73.7898,Low,21-04-2025
Nagpur,Civil Lines,Assault,118,85059,Sunny,82,11.24,9,21.153,79.072,Medium,16-03-2024
Pune,Hadapsar,Assault,196,184365,Cloudy,125,12.39,12,18.5089,73.9259,High,31-05-2026
Nagpur,Sadar,Burglary,69,67512,Sunny,101,9.8,11,21.1642,79.0821,Low,25-05-2026
Chhatrapati Sambhajinagar,Aurangpura,Burglary,111,70204,Cloudy,162,10.58,1,19.8762,75.3433,Medium,19-02-2026
Nagpur,Sitabuldi,Assault,13,162936,Sunny,137,10.18,4,21.1458,79.0882,Low,06-06-2025
Nashik,Gangapur Road,Theft,38,60130,Sunny,30,13.77,4,20.011,73.75,Low,22-04-2024
Mumbai,Colaba,Fraud,224,177554,Rainy,44,7.06,4,18.9067,72.8147,High,26-02-2025
Mumbai,Borivali,Burglary,102,104339,Foggy,107,13.1,4,19.2307,72.8567,Medium,21-12-2024
Chhatrapati Sambhajinagar,CIDCO,Fraud,155,68915,Cloudy,46,14.78,6,19.889,75.32,High,07-01-2024
Pune,Hadapsar,Theft,136,168818,Cloudy,189,5.19,7,18.5089,73.9259,Medium,06-06-2024
Mumbai,Dadar,Cyber Crime,106,29633,Rainy,186,13.06,10,19.0178,72.8478,Medium,24-01-2026
Nagpur,Sadar,Assault,114,187366,Rainy,21,5.75,3,21.1642,79.0821,Medium,15-08-2025
Mumbai,Powai,Assault,151,119650,Foggy,62,11.87,3,19.1176,72.906,High,25-01-2024
Nagpur,Dharampeth,Theft,64,177875,Sunny,150,5.53,5,21.129,79.0588,Low,19-10-2025
Mumbai,Borivali,Theft,24,189104,Sunny,17,5.62,9,19.2307,72.8567,Low,28-02-2025
Chhatrapati Sambhajinagar,Aurangpura,Burglary,171,52328,Cloudy,102,12.54,8,19.8762,75.3433,High,06-04-2026
Nashik,Gangapur Road,Robbery,33,154722,Cloudy,82,12.52,11,20.011,73.75,Low,28-11-2025
Pune,Hadapsar,Assault,37,170429,Rainy,15,11.64,10,18.5089,73.9259,Low,08-02-2024
Nashik,Nashik Road,Burglary,231,143452,Sunny,59,4.43,5,19.9975,73.7898,High,19-10-2025
Nagpur,Lakadganj,Cyber Crime,88,97192,Rainy,87,4.74,2,21.1505,79.1155,Medium,28-10-2025
Nashik,Gangapur Road,Burglary,140,123547,Sunny,76,14.13,12,20.011,73.75,Medium,10-07-2024
Mumbai,Andheri,Assault,88,167311,Rainy,140,6.69,10,19.1136,72.8697,Medium,24-08-2024
Pune,Shivaji Nagar,Fraud,83,133307,Sunny,150,3.99,2,18.5308,73.8475,Medium,14-05-2025
Nashik,Nashik Road,Fraud,59,59741,Sunny,199,14.75,10,19.9975,73.7898,Low,17-01-2024
Nagpur,Lakadganj,Cyber Crime,243,186487,Foggy,80,13.17,9,21.1505,79.1155,High,08-03-2025
Nagpur,Shankar Nagar,Cyber Crime,112,88260,Sunny,109,4.66,8,21.127,79.06,Medium,06-03-2024
Mumbai,Colaba,Burglary,152,168929,Rainy,56,7.38,7,18.9067,72.8147,High,26-03-2026
Pune,Baner,Theft,57,82069,Foggy,13,3.55,2,18.559,73.7868,Low,19-10-2025
Pune,Wakad,Theft,246,50254,Cloudy,22,11.2,10,18.5975,73.7637,High,19-05-2024
Nagpur,Civil Lines,Burglary,245,55590,Rainy,206,5.56,2,21.153,79.072,High,14-06-2025
Nashik,CIDCO,Cyber Crime,138,48497,Rainy,37,5.17,12,19.9667,73.7667,Medium,03-04-2026
Mumbai,Borivali,Robbery,105,42247,Rainy,158,8.04,1,19.2307,72.8567,Medium,07-08-2024
Pune,Hadapsar,Fraud,11,70131,Foggy,64,6.43,9,18.5089,73.9259,Low,14-02-2024
Mumbai,Andheri,Cyber Crime,156,109391,Cloudy,179,2.11,8,19.1136,72.8697,High,21-07-2025
Mumbai,Dadar,Theft,170,71536,Sunny,178,14.83,7,19.0178,72.8478,High,22-03-2026
Nagpur,Civil Lines,Fraud,166,147531,Foggy,185,5.91,3,21.153,79.072,High,16-04-2025
Pune,Hinjewadi,Assault,157,156034,Sunny,205,8.69,2,18.5912,73.7389,High,27-05-2026
Chhatrapati Sambhajinagar,Aurangpura,Assault,19,120106,Foggy,212,6.88,10,19.8762,75.3433,Low,30-09-2025
Nagpur,Lakadganj,Robbery,54,62450,Sunny,84,9.91,9,21.1505,79.1155,Low,23-09-2024
Nashik,CIDCO,Fraud,217,47184,Rainy,93,8.67,5,19.9667,73.7667,High,31-10-2024
Nashik,Gangapur Road,Fraud,175,46644,Rainy,128,2.45,5,20.011,73.75,High,27-11-2025
Chhatrapati Sambhajinagar,Aurangpura,Burglary,70,105488,Rainy,54,8.72,7,19.8762,75.3433,Low,23-11-2025
Pune,Baner,Robbery,247,108416,Cloudy,20,13.14,6,18.559,73.7868,High,21-04-2024
Chhatrapati Sambhajinagar,Osmanpura,Theft,58,35358,Sunny,213,9.29,4,19.87,75.33,Low,17-07-2025
Nagpur,Civil Lines,Robbery,53,152657,Cloudy,54,2.94,6,21.153,79.072,Low,29-03-2024
Chhatrapati Sambhajinagar,Aurangpura,Assault,108,146010,Rainy,160,4.04,2,19.8762,75.3433,Medium,03-05-2024
Pune,Hadapsar,Robbery,152,81013,Cloudy,129,4.52,11,18.5089,73.9259,High,04-03-2026
Chhatrapati Sambhajinagar,Aurangpura,Fraud,70,124495,Foggy,19,14.82,8,19.8762,75.3433,Low,06-03-2024
Nagpur,Jaripatka,Fraud,36,62134,Foggy,43,11.53,5,21.1801,79.0955,Low,02-08-2024
Nashik,CIDCO,Assault,149,140269,Sunny,76,2.65,12,19.9667,73.7667,Medium,07-11-2024
Nashik,CIDCO,Theft,214,73787,Rainy,118,9.41,10,19.9667,73.7667,High,31-08-2024
Nashik,Gangapur Road,Fraud,127,89006,Foggy,194,7.33,12,20.011,73.75,Medium,31-10-2024
Mumbai,Dadar,Burglary,65,75668,Cloudy,219,2.32,9,19.0178,72.8478,Low,19-06-2024
Pune,Hadapsar,Assault,75,132055,Cloudy,13,10.98,9,18.5089,73.9259,Low,12-09-2025
Pune,Wakad,Fraud,182,156382,Sunny,217,13.81,4,18.5975,73.7637,High,08-03-2025
Mumbai,Borivali,Burglary,47,97175,Cloudy,58,5.81,1,19.2307,72.8567,Low,29-03-2025
Nagpur,Lakadganj,Fraud,171,118690,Foggy,217,3.89,12,21.1505,79.1155,High,01-10-2025
Mumbai,Dadar,Burglary,165,73509,Foggy,180,11.38,7,19.0178,72.8478,High,26-02-2025
Nagpur,Sadar,Robbery,31,190901,Rainy,30,3.35,6,21.1642,79.0821,Low,10-01-2026
Pune,Shivaji Nagar,Theft,119,37489,Sunny,196,3.72,1,18.5308,73.8475,Medium,25-12-2024
Mumbai,Borivali,Cyber Crime,16,51916,Foggy,154,7.99,1,19.2307,72.8567,Low,19-03-2026
Nashik,Nashik Road,Fraud,121,112120,Foggy,157,4.99,9,19.9975,73.7898,Medium,08-07-2025
Nagpur,Sadar,Fraud,144,193034,Rainy,191,13.73,4,21.1642,79.0821,Medium,14-05-2026
Nagpur,Shankar Nagar,Theft,162,90951,Foggy,88,14.84,5,21.127,79.06,High,03-11-2024
Mumbai,Bandra,Assault,46,152072,Foggy,203,6.47,11,19.0596,72.8295,Low,27-09-2024
Nashik,Nashik Road,Robbery,85,80487,Sunny,199,12.12,5,19.9975,73.7898,Medium,18-03-2026
Chhatrapati Sambhajinagar,CIDCO,Fraud,244,155268,Sunny,166,10.16,10,19.889,75.32,High,25-05-2026
Mumbai,Colaba,Fraud,46,52632,Cloudy,16,13.33,12,18.9067,72.8147,Low,17-01-2026
Chhatrapati Sambhajinagar,Aurangpura,Fraud,180,174783,Cloudy,33,11.68,10,19.8762,75.3433,High,09-04-2026
Chhatrapati Sambhajinagar,Aurangpura,Cyber Crime,32,174638,Sunny,150,10.22,3,19.8762,75.3433,Low,18-11-2025
Nagpur,Sitabuldi,Cyber Crime,184,127154,Cloudy,113,6.75,9,21.1458,79.0882,High,15-02-2026
Mumbai,Andheri,Robbery,176,82027,Cloudy,74,12.29,4,19.1136,72.8697,High,27-06-2024
Chhatrapati Sambhajinagar,Aurangpura,Burglary,241,148768,Foggy,111,10.05,5,19.8762,75.3433,High,16-06-2026
Mumbai,Powai,Cyber Crime,110,129341,Sunny,210,6.89,10,19.1176,72.906,Medium,20-06-2024
Chhatrapati Sambhajinagar,CIDCO,Robbery,126,109371,Foggy,116,9.07,4,19.889,75.32,Medium,19-03-2025
Mumbai,Powai,Assault,188,169213,Cloudy,6,4.31,12,19.1176,72.906,High,12-04-2026
Nashik,Nashik Road,Robbery,224,58837,Rainy,180,2.97,1,19.9975,73.7898,High,12-04-2025
Chhatrapati Sambhajinagar,Aurangpura,Robbery,124,142992,Sunny,158,8.23,7,19.8762,75.3433,Medium,06-06-2024
Nagpur,Shankar Nagar,Robbery,141,98225,Sunny,157,12.68,1,21.127,79.06,Medium,27-03-2024
Nagpur,Sadar,Cyber Crime,60,181026,Foggy,70,6.22,11,21.1642,79.0821,Low,21-01-2025
Nagpur,Civil Lines,Theft,40,125647,Foggy,149,2.12,11,21.153,79.072,Low,09-09-2025
Chhatrapati Sambhajinagar,Aurangpura,Assault,191,88286,Sunny,14,14.06,4,19.8762,75.3433,High,20-01-2025
Nagpur,Sadar,Assault,57,184038,Sunny,147,7.2,6,21.1642,79.0821,Low,26-12-2024
Chhatrapati Sambhajinagar,Aurangpura,Robbery,227,34493,Foggy,127,10.32,11,19.8762,75.3433,High,29-04-2025
Chhatrapati Sambhajinagar,Aurangpura,Robbery,124,176775,Cloudy,7,12.08,4,19.8762,75.3433,Medium,06-08-2025
Nashik,CIDCO,Burglary,60,83278,Sunny,62,9.14,1,19.9667,73.7667,Low,26-03-2024
Nagpur,Dharampeth,Burglary,45,106081,Sunny,151,13.11,4,21.129,79.0588,Low,19-06-2024
Nashik,Nashik Road,Theft,177,81747,Sunny,180,6.57,3,19.9975,73.7898,High,09-10-2024
Mumbai,Dadar,Robbery,139,171333,Cloudy,57,11.97,9,19.0178,72.8478,Medium,30-03-2024
Nashik,Nashik Road,Burglary,173,170942,Foggy,49,4.61,1,19.9975,73.7898,High,23-03-2026
Nagpur,Sitabuldi,Assault,177,76250,Cloudy,109,8.52,12,21.1458,79.0882,High,05-01-2024
Chhatrapati Sambhajinagar,Aurangpura,Cyber Crime,26,68424,Sunny,169,6.79,3,19.8762,75.3433,Low,02-02-2026
Nashik,Gangapur Road,Robbery,140,137025,Rainy,10,7.95,4,20.011,73.75,Medium,11-01-2024
Mumbai,Andheri,Cyber Crime,215,131969,Rainy,170,9.73,12,19.1136,72.8697,High,29-11-2024
Chhatrapati Sambhajinagar,Osmanpura,Theft,185,191141,Sunny,147,8.35,5,19.87,75.33,High,28-03-2026
Chhatrapati Sambhajinagar,CIDCO,Fraud,241,88320,Cloudy,36,14.04,4,19.889,75.32,High,14-07-2025
Nagpur,Sitabuldi,Robbery,195,163234,Foggy,36,2.64,6,21.1458,79.0882,High,03-03-2024
Pune,Baner,Fraud,105,38026,Foggy,143,14.66,8,18.559,73.7868,Medium,08-05-2026
Pune,Baner,Robbery,198,180570,Foggy,123,8.83,2,18.559,73.7868,High,14-04-2026
Chhatrapati Sambhajinagar,Osmanpura,Robbery,24,168609,Sunny,187,5.22,4,19.87,75.33,Low,20-10-2025
Chhatrapati Sambhajinagar,Aurangpura,Assault,120,44088,Cloudy,98,13.56,11,19.8762,75.3433,Medium,19-07-2025
Nagpur,Jaripatka,Burglary,119,45428,Sunny,47,3.65,7,21.1801,79.0955,Medium,23-09-2024
Nashik,Nashik Road,Cyber Crime,129,73655,Rainy,57,5.88,2,19.9975,73.7898,Medium,10-02-2025
Pune,Hadapsar,Assault,39,178312,Cloudy,202,6.97,7,18.5089,73.9259,Low,05-01-2025
Nashik,CIDCO,Assault,181,112644,Cloudy,11,2.02,8,19.9667,73.7667,High,08-03-2025
Nagpur,Sadar,Robbery,48,172529,Rainy,47,9.36,3,21.1642,79.0821,Low,04-12-2024
Chhatrapati Sambhajinagar,Osmanpura,Cyber Crime,233,93339,Rainy,190,14.51,7,19.87,75.33,High,04-01-2025
Chhatrapati Sambhajinagar,Aurangpura,Theft,173,182815,Rainy,210,9.08,2,19.8762,75.3433,High,24-09-2025
Chhatrapati Sambhajinagar,Aurangpura,Burglary,238,46674,Rainy,121,11.87,7,19.8762,75.3433,High,20-03-2026
Chhatrapati Sambhajinagar,Aurangpura,Cyber Crime,219,169300,Foggy,151,3.19,9,19.8762,75.3433,High,01-05-2024
Nashik,Gangapur Road,Fraud,112,132781,Sunny,75,11.87,2,20.011,73.75,Medium,10-06-2024
Pune,Hinjewadi,Assault,197,53210,Cloudy,170,13.99,9,18.5912,73.7389,High,03-11-2025
Mumbai,Powai,Fraud,32,168869,Sunny,87,14.38,9,19.1176,72.906,Low,20-01-2024
Mumbai,Borivali,Cyber Crime,233,101988,Rainy,206,10.15,3,19.2307,72.8567,High,07-02-2026
Nagpur,Shankar Nagar,Burglary,97,157931,Foggy,38,2.92,4,21.127,79.06,Medium,16-03-2026
Chhatrapati Sambhajinagar,Aurangpura,Fraud,224,96159,Rainy,161,10.94,10,19.8762,75.3433,High,03-03-2026
Nashik,Gangapur Road,Theft,192,152035,Cloudy,131,4.6,9,20.011,73.75,High,01-05-2025
Nagpur,Jaripatka,Robbery,157,53339,Cloudy,131,9.73,1,21.1801,79.0955,High,09-03-2024
Mumbai,Powai,Cyber Crime,108,62238,Rainy,176,9.18,4,19.1176,72.906,Medium,23-03-2024
Nashik,Nashik Road,Theft,81,39257,Cloudy,195,3.34,10,19.9975,73.7898,Medium,07-11-2025
Nagpur,Civil Lines,Burglary,49,63787,Cloudy,156,3.16,4,21.153,79.072,Low,16-12-2024
Chhatrapati Sambhajinagar,Aurangpura,Assault,209,34193,Foggy,44,2.14,2,19.8762,75.3433,High,17-06-2025
Chhatrapati Sambhajinagar,Osmanpura,Theft,133,149149,Cloudy,203,9.48,4,19.87,75.33,Medium,11-08-2024
Chhatrapati Sambhajinagar,CIDCO,Fraud,10,87373,Rainy,178,6.78,9,19.889,75.32,Low,30-01-2026
Nashik,Gangapur Road,Burglary,109,155380,Cloudy,30,6.39,3,20.011,73.75,Medium,06-10-2024
Nagpur,Civil Lines,Cyber Crime,191,39377,Cloudy,40,12.67,12,21.153,79.072,High,24-11-2025
Mumbai,Powai,Assault,124,30569,Cloudy,205,2.4,5,19.1176,72.906,Medium,19-06-2026
Mumbai,Andheri,Cyber Crime,145,29240,Foggy,88,10.25,6,19.1136,72.8697,Medium,28-07-2025
Mumbai,Powai,Cyber Crime,119,183546,Cloudy,216,12.36,3,19.1176,72.906,Medium,16-01-2024
Pune,Wakad,Burglary,130,27471,Sunny,95,13.58,2,18.5975,73.7637,Medium,07-01-2025
Nagpur,Dharampeth,Burglary,78,194997,Cloudy,34,3.88,4,21.129,79.0588,Medium,12-01-2025
Pune,Wakad,Robbery,65,163914,Rainy,133,5.63,1,18.5975,73.7637,Low,07-06-2026
Pune,Wakad,Assault,112,170243,Rainy,71,9.77,3,18.5975,73.7637,Medium,10-08-2025
Chhatrapati Sambhajinagar,Osmanpura,Cyber Crime,210,103775,Sunny,119,7.85,1,19.87,75.33,High,13-06-2025
Nagpur,Lakadganj,Assault,60,67183,Cloudy,155,5,5,21.1505,79.1155,Low,14-08-2025
Chhatrapati Sambhajinagar,Aurangpura,Assault,44,42231,Foggy,95,10.75,2,19.8762,75.3433,Low,14-04-2026
Nashik,Nashik Road,Robbery,98,147014,Sunny,136,3.19,8,19.9975,73.7898,Medium,07-04-2024
Nagpur,Civil Lines,Robbery,63,45864,Rainy,111,13.2,2,21.153,79.072,Low,23-10-2025
Chhatrapati Sambhajinagar,Osmanpura,Assault,79,168358,Cloudy,139,14.7,6,19.87,75.33,Medium,27-06-2024
Pune,Shivaji Nagar,Assault,83,164396,Sunny,24,12.35,4,18.5308,73.8475,Medium,28-05-2026
Chhatrapati Sambhajinagar,Aurangpura,Robbery,20,58907,Rainy,177,12.68,3,19.8762,75.3433,Low,03-02-2025
Chhatrapati Sambhajinagar,Osmanpura,Assault,19,30656,Cloudy,150,11.16,5,19.87,75.33,Low,10-05-2024
Nagpur,Shankar Nagar,Fraud,240,97961,Foggy,63,10.7,11,21.127,79.06,High,10-03-2024
Mumbai,Colaba,Burglary,191,53350,Foggy,189,11.92,7,18.9067,72.8147,High,16-12-2025
Chhatrapati Sambhajinagar,Aurangpura,Cyber Crime,42,188401,Foggy,180,7.74,9,19.8762,75.3433,Low,29-03-2024
Nagpur,Sitabuldi,Burglary,209,187019,Rainy,15,2.71,12,21.1458,79.0882,High,29-11-2025
Pune,Kothrud,Cyber Crime,212,187965,Rainy,24,4.07,6,18.5074,73.8077,High,10-06-2025
Nagpur,Dharampeth,Fraud,116,88666,Sunny,212,14.44,11,21.129,79.0588,Medium,08-03-2026
Mumbai,Dadar,Robbery,165,143093,Rainy,97,8.56,9,19.0178,72.8478,High,21-10-2025
Nashik,CIDCO,Fraud,204,160479,Cloudy,177,11.53,10,19.9667,73.7667,High,21-11-2024
Nagpur,Lakadganj,Fraud,245,52766,Cloudy,161,11.68,8,21.1505,79.1155,High,03-08-2024
Nashik,Nashik Road,Robbery,58,169677,Foggy,10,12.01,11,19.9975,73.7898,Low,19-04-2025
Nagpur,Shankar Nagar,Fraud,134,134331,Sunny,193,8.05,3,21.127,79.06,Medium,27-09-2024
Nashik,CIDCO,Burglary,45,125649,Sunny,20,13.9,10,19.9667,73.7667,Low,31-01-2024
Pune,Shivaji Nagar,Cyber Crime,191,51453,Foggy,16,14.61,9,18.5308,73.8475,High,16-04-2026
Mumbai,Colaba,Fraud,155,103415,Foggy,58,8.62,5,18.9067,72.8147,High,15-03-2025
Pune,Shivaji Nagar,Robbery,162,135896,Rainy,88,12.38,12,18.5308,73.8475,High,23-01-2025
Nagpur,Jaripatka,Cyber Crime,22,163191,Sunny,181,10.8,11,21.1801,79.0955,Low,17-03-2025
Pune,Hinjewadi,Cyber Crime,190,94043,Cloudy,73,6.89,3,18.5912,73.7389,High,09-06-2026
Mumbai,Powai,Theft,45,174089,Rainy,143,14.87,10,19.1176,72.906,Low,26-06-2024
Nashik,Nashik Road,Robbery,108,96195,Foggy,182,2.07,3,19.9975,73.7898,Medium,28-03-2025
Nagpur,Shankar Nagar,Cyber Crime,239,181008,Rainy,56,8.77,7,21.127,79.06,High,07-05-2026
Nagpur,Lakadganj,Robbery,170,162606,Foggy,113,5.63,3,21.1505,79.1155,High,30-09-2024
Mumbai,Powai,Fraud,85,103441,Cloudy,53,7.21,9,19.1176,72.906,Medium,17-01-2026
Mumbai,Bandra,Robbery,204,26360,Cloudy,185,8.59,12,19.0596,72.8295,High,04-06-2025
Pune,Baner,Robbery,26,46736,Rainy,107,3.87,4,18.559,73.7868,Low,25-08-2025
Chhatrapati Sambhajinagar,Aurangpura,Robbery,43,33676,Cloudy,46,14.38,7,19.8762,75.3433,Low,31-05-2025
Nagpur,Jaripatka,Assault,45,37710,Cloudy,8,6.79,10,21.1801,79.0955,Low,17-01-2025
Mumbai,Borivali,Assault,184,69024,Foggy,217,2.38,12,19.2307,72.8567,High,28-12-2024
Nashik,Gangapur Road,Fraud,113,135722,Cloudy,26,4.51,11,20.011,73.75,Medium,13-07-2025
Pune,Kothrud,Assault,98,134286,Sunny,164,5.71,3,18.5074,73.8077,Medium,24-12-2024
Mumbai,Borivali,Fraud,248,61824,Cloudy,121,7.03,8,19.2307,72.8567,High,03-03-2025
Mumbai,Powai,Cyber Crime,167,95272,Rainy,46,10.94,1,19.1176,72.906,High,14-08-2025
Pune,Shivaji Nagar,Cyber Crime,179,74976,Foggy,103,4.41,3,18.5308,73.8475,High,24-09-2025
Pune,Kothrud,Assault,141,116225,Foggy,117,14.69,2,18.5074,73.8077,Medium,18-11-2024
Nagpur,Shankar Nagar,Robbery,108,30437,Foggy,121,9.93,8,21.127,79.06,Medium,14-10-2025
Pune,Hinjewadi,Theft,198,49958,Foggy,106,5.12,6,18.5912,73.7389,High,23-09-2024
Mumbai,Bandra,Robbery,131,117568,Rainy,159,2.74,9,19.0596,72.8295,Medium,25-02-2025
Nagpur,Civil Lines,Assault,25,123500,Foggy,112,11.05,2,21.153,79.072,Low,07-09-2024
Nagpur,Sitabuldi,Assault,203,98555,Sunny,51,12.27,8,21.1458,79.0882,High,06-04-2024
Mumbai,Powai,Cyber Crime,96,158785,Foggy,154,14.26,12,19.1176,72.906,Medium,28-10-2025
Nashik,Gangapur Road,Burglary,62,151472,Cloudy,116,4.78,8,20.011,73.75,Low,13-07-2024
Mumbai,Bandra,Fraud,81,124813,Cloudy,32,13.89,12,19.0596,72.8295,Medium,10-03-2024
Chhatrapati Sambhajinagar,CIDCO,Robbery,192,193883,Cloudy,217,2.68,7,19.889,75.32,High,10-07-2025
Nashik,CIDCO,Assault,230,101368,Sunny,171,3.65,1,19.9667,73.7667,High,22-04-2025
Mumbai,Borivali,Cyber Crime,216,118923,Cloudy,169,11.6,3,19.2307,72.8567,High,16-05-2025
Chhatrapati Sambhajinagar,Osmanpura,Robbery,236,64321,Sunny,133,11.3,11,19.87,75.33,High,28-02-2026
Nashik,CIDCO,Burglary,74,164276,Sunny,88,13.19,8,19.9667,73.7667,Low,23-09-2024
Pune,Shivaji Nagar,Assault,85,41136,Foggy,11,9.96,11,18.5308,73.8475,Medium,30-06-2025
Nagpur,Dharampeth,Cyber Crime,108,129342,Rainy,21,14.65,10,21.129,79.0588,Medium,18-05-2025
Nashik,Nashik Road,Assault,145,120719,Sunny,45,12.39,9,19.9975,73.7898,Medium,20-05-2026
Pune,Hinjewadi,Theft,70,170529,Rainy,185,2.85,11,18.5912,73.7389,Low,12-10-2024
Chhatrapati Sambhajinagar,CIDCO,Theft,95,164581,Rainy,69,9.41,10,19.889,75.32,Medium,07-10-2025
Mumbai,Andheri,Fraud,230,140133,Rainy,48,13.19,11,19.1136,72.8697,High,06-02-2025
Mumbai,Powai,Cyber Crime,187,112758,Rainy,220,3.5,7,19.1176,72.906,High,27-03-2026
Pune,Hinjewadi,Fraud,33,64262,Cloudy,143,6.15,4,18.5912,73.7389,Low,07-03-2024
Pune,Shivaji Nagar,Burglary,94,168841,Cloudy,110,8.22,3,18.5308,73.8475,Medium,02-10-2024
Chhatrapati Sambhajinagar,Osmanpura,Assault,204,57205,Cloudy,163,6.28,4,19.87,75.33,High,07-08-2025
Mumbai,Colaba,Burglary,80,54265,Cloudy,214,6.93,8,18.9067,72.8147,Medium,24-01-2024
Pune,Shivaji Nagar,Assault,77,41438,Cloudy,193,6.7,6,18.5308,73.8475,Medium,03-02-2026
Pune,Shivaji Nagar,Fraud,169,30761,Cloudy,96,11.25,3,18.5308,73.8475,High,24-11-2025
Chhatrapati Sambhajinagar,CIDCO,Fraud,137,115652,Foggy,19,14.53,3,19.889,75.32,Medium,29-04-2026
Mumbai,Bandra,Fraud,116,124136,Sunny,87,3.3,12,19.0596,72.8295,Medium,12-12-2025
Chhatrapati Sambhajinagar,Osmanpura,Theft,200,111133,Sunny,214,7.09,8,19.87,75.33,High,02-02-2026
Nagpur,Dharampeth,Cyber Crime,54,106981,Rainy,91,13.49,5,21.129,79.0588,Low,10-12-2025
Chhatrapati Sambhajinagar,Aurangpura,Assault,194,102154,Cloudy,43,13.77,9,19.8762,75.3433,High,08-12-2025
Nashik,Nashik Road,Theft,85,51594,Sunny,123,13.64,3,19.9975,73.7898,Medium,29-05-2026
Nagpur,Jaripatka,Fraud,41,57231,Cloudy,94,10.76,4,21.1801,79.0955,Low,16-03-2024
Mumbai,Dadar,Theft,164,147641,Cloudy,174,4.96,11,19.0178,72.8478,High,15-04-2024
Mumbai,Dadar,Burglary,222,66919,Rainy,9,9.65,10,19.0178,72.8478,High,31-10-2024
Nagpur,Civil Lines,Robbery,196,70442,Cloudy,9,13.24,6,21.153,79.072,High,05-11-2024
Nashik,CIDCO,Robbery,70,175174,Cloudy,5,11.29,4,19.9667,73.7667,Low,09-10-2024
Mumbai,Borivali,Assault,11,161120,Foggy,67,13.44,6,19.2307,72.8567,Low,28-12-2024
Nagpur,Sadar,Fraud,81,82852,Sunny,50,4.17,4,21.1642,79.0821,Medium,27-05-2024
Chhatrapati Sambhajinagar,CIDCO,Burglary,61,187826,Foggy,181,7.14,5,19.889,75.32,Low,08-08-2024
Nagpur,Sitabuldi,Cyber Crime,28,62798,Sunny,86,3.24,2,21.1458,79.0882,Low,18-10-2024
Mumbai,Bandra,Burglary,140,53517,Cloudy,203,14.34,7,19.0596,72.8295,Medium,10-04-2026
Nashik,Gangapur Road,Burglary,77,175423,Cloudy,155,2.59,8,20.011,73.75,Medium,11-12-2025
Mumbai,Borivali,Theft,59,164532,Foggy,161,9.37,10,19.2307,72.8567,Low,21-12-2024
Nashik,Nashik Road,Cyber Crime,82,143963,Rainy,133,12.01,9,19.9975,73.7898,Medium,03-02-2024
Mumbai,Andheri,Robbery,171,160434,Sunny,48,6.79,7,19.1136,72.8697,High,06-05-2025
Chhatrapati Sambhajinagar,CIDCO,Cyber Crime,191,50701,Rainy,42,3.5,6,19.889,75.32,High,04-07-2025
Nashik,Nashik Road,Robbery,185,94596,Rainy,86,4.44,7,19.9975,73.7898,High,01-05-2024
Chhatrapati Sambhajinagar,Osmanpura,Robbery,152,140457,Cloudy,125,2.82,3,19.87,75.33,High,18-06-2024
Chhatrapati Sambhajinagar,Aurangpura,Cyber Crime,34,186831,Foggy,17,3.8,10,19.8762,75.3433,Low,18-06-2026
Pune,Wakad,Fraud,25,164547,Cloudy,41,3.84,8,18.5975,73.7637,Low,29-08-2024
Mumbai,Dadar,Fraud,205,28545,Foggy,50,8.3,2,19.0178,72.8478,High,21-03-2025
Pune,Baner,Burglary,131,136303,Foggy,134,10.41,3,18.559,73.7868,Medium,21-03-2026
Pune,Hadapsar,Burglary,208,92613,Sunny,21,7.89,2,18.5089,73.9259,High,08-05-2024
Chhatrapati Sambhajinagar,CIDCO,Assault,22,111106,Sunny,204,12.92,4,19.889,75.32,Low,21-03-2024
Nashik,CIDCO,Assault,183,41523,Foggy,54,6.95,2,19.9667,73.7667,High,24-11-2024
Nashik,Gangapur Road,Assault,180,32601,Sunny,90,6.64,3,20.011,73.75,High,06-07-2025
Nashik,Nashik Road,Robbery,25,35558,Foggy,174,9.41,8,19.9975,73.7898,Low,30-04-2024
Mumbai,Dadar,Theft,24,142020,Cloudy,194,3.28,10,19.0178,72.8478,Low,01-06-2024
Nashik,Nashik Road,Cyber Crime,124,25101,Foggy,216,11.86,1,19.9975,73.7898,Medium,03-06-2026
Mumbai,Bandra,Cyber Crime,141,89252,Cloudy,53,3.92,5,19.0596,72.8295,Medium,10-10-2025
Nagpur,Sadar,Cyber Crime,60,80809,Sunny,55,12.42,4,21.1642,79.0821,Low,05-12-2025
Nagpur,Dharampeth,Theft,101,144295,Rainy,120,3.25,4,21.129,79.0588,Medium,19-09-2024
Chhatrapati Sambhajinagar,Osmanpura,Robbery,244,43064,Cloudy,203,5.68,10,19.87,75.33,High,17-03-2025
Nagpur,Shankar Nagar,Robbery,241,64606,Sunny,154,9.17,2,21.127,79.06,High,09-01-2025
Pune,Kothrud,Fraud,153,90865,Sunny,134,2.77,9,18.5074,73.8077,High,17-08-2024
Mumbai,Colaba,Robbery,189,154305,Sunny,128,8.04,4,18.9067,72.8147,High,23-10-2024
Nagpur,Lakadganj,Burglary,35,52386,Cloudy,152,12.74,3,21.1505,79.1155,Low,25-10-2024
Mumbai,Bandra,Burglary,229,61916,Foggy,65,6.43,12,19.0596,72.8295,High,07-09-2025
Nashik,CIDCO,Cyber Crime,244,50373,Cloudy,162,13.15,2,19.9667,73.7667,High,19-09-2025
Chhatrapati Sambhajinagar,Aurangpura,Robbery,211,189391,Sunny,113,11.3,12,19.8762,75.3433,High,22-07-2025
Mumbai,Colaba,Fraud,125,163673,Sunny,208,7.26,6,18.9067,72.8147,Medium,14-01-2025
Mumbai,Powai,Fraud,247,153375,Sunny,139,2.84,9,19.1176,72.906,High,22-12-2024
Nashik,CIDCO,Theft,204,60133,Foggy,84,7.7,1,19.9667,73.7667,High,08-08-2025
Mumbai,Andheri,Robbery,189,105621,Cloudy,185,10.89,1,19.1136,72.8697,High,18-04-2024
Pune,Kothrud,Theft,144,195161,Sunny,39,13.73,2,18.5074,73.8077,Medium,05-12-2024
Chhatrapati Sambhajinagar,CIDCO,Burglary,215,154825,Rainy,23,11.8,5,19.889,75.32,High,17-03-2026
Chhatrapati Sambhajinagar,Aurangpura,Cyber Crime,150,196500,Foggy,57,5.31,10,19.8762,75.3433,Medium,07-10-2025
Pune,Shivaji Nagar,Theft,144,130632,Rainy,92,9.11,11,18.5308,73.8475,Medium,05-01-2024
Nagpur,Lakadganj,Cyber Crime,122,88795,Rainy,207,12.9,5,21.1505,79.1155,Medium,23-05-2025
Mumbai,Powai,Burglary,25,25838,Foggy,193,5.26,9,19.1176,72.906,Low,29-11-2025
Chhatrapati Sambhajinagar,CIDCO,Cyber Crime,49,93602,Foggy,41,11.77,10,19.889,75.32,Low,18-07-2025
Nagpur,Civil Lines,Burglary,23,172701,Rainy,181,10.39,2,21.153,79.072,Low,27-02-2026
Nagpur,Jaripatka,Fraud,85,77766,Rainy,198,8.9,12,21.1801,79.0955,Medium,15-09-2025
Mumbai,Colaba,Burglary,29,72504,Sunny,85,2.58,7,18.9067,72.8147,Low,11-03-2026
Nagpur,Lakadganj,Robbery,98,152999,Rainy,112,7.47,1,21.1505,79.1155,Medium,03-04-2025
Pune,Shivaji Nagar,Burglary,224,99231,Foggy,208,14.94,9,18.5308,73.8475,High,29-01-2024
Nagpur,Sadar,Robbery,69,47345,Rainy,194,10.5,8,21.1642,79.0821,Low,15-03-2026
Nagpur,Jaripatka,Theft,139,100637,Cloudy,99,7.66,10,21.1801,79.0955,Medium,29-04-2024
Chhatrapati Sambhajinagar,CIDCO,Robbery,24,189750,Cloudy,148,10.2,8,19.889,75.32,Low,30-05-2024
Nashik,Nashik Road,Fraud,91,171476,Cloudy,134,10.16,3,19.9975,73.7898,Medium,29-12-2025
Chhatrapati Sambhajinagar,CIDCO,Theft,134,38517,Sunny,62,5.36,10,19.889,75.32,Medium,20-05-2024
Mumbai,Bandra,Assault,27,64068,Foggy,129,11.26,2,19.0596,72.8295,Low,06-04-2026
Chhatrapati Sambhajinagar,CIDCO,Cyber Crime,200,199949,Sunny,139,4.52,6,19.889,75.32,High,22-09-2025
Nagpur,Shankar Nagar,Assault,26,90654,Sunny,144,5.18,10,21.127,79.06,Low,26-08-2024
Pune,Wakad,Burglary,150,35185,Sunny,147,12.61,4,18.5975,73.7637,Medium,11-09-2024
Chhatrapati Sambhajinagar,CIDCO,Theft,79,141413,Cloudy,215,12.48,10,19.889,75.32,Medium,14-11-2024
Nashik,Nashik Road,Cyber Crime,95,187578,Foggy,104,6.03,8,19.9975,73.7898,Medium,24-01-2025
Mumbai,Dadar,Burglary,209,147443,Foggy,32,8.23,11,19.0178,72.8478,High,12-02-2026
Nagpur,Civil Lines,Assault,37,64182,Sunny,132,7.71,7,21.153,79.072,Low,17-04-2024
Nagpur,Lakadganj,Burglary,198,147415,Rainy,160,6.72,8,21.1505,79.1155,High,05-01-2025
Pune,Wakad,Theft,116,199892,Rainy,138,2.06,1,18.5975,73.7637,Medium,18-05-2024
Chhatrapati Sambhajinagar,Aurangpura,Theft,104,50111,Foggy,65,7.41,3,19.8762,75.3433,Medium,09-12-2025
Nashik,Gangapur Road,Burglary,77,158286,Cloudy,88,10.62,11,20.011,73.75,Medium,09-10-2024
Mumbai,Andheri,Theft,163,181396,Cloudy,62,6.63,9,19.1136,72.8697,High,06-03-2024
Chhatrapati Sambhajinagar,CIDCO,Fraud,52,31654,Foggy,118,4.52,8,19.889,75.32,Low,22-02-2024
Pune,Kothrud,Burglary,210,139139,Sunny,23,11.29,2,18.5074,73.8077,High,04-01-2026
Chhatrapati Sambhajinagar,CIDCO,Burglary,133,39487,Cloudy,109,5.49,6,19.889,75.32,Medium,30-07-2025
Chhatrapati Sambhajinagar,Osmanpura,Theft,117,71083,Rainy,220,3.45,3,19.87,75.33,Medium,17-02-2026
Nagpur,Lakadganj,Theft,71,158860,Sunny,126,7.23,11,21.1505,79.1155,Low,16-08-2024
Nashik,Gangapur Road,Fraud,95,183962,Cloudy,29,12.14,3,20.011,73.75,Medium,23-05-2024
Pune,Hinjewadi,Assault,86,107919,Foggy,158,11.66,7,18.5912,73.7389,Medium,12-11-2025
Mumbai,Powai,Theft,26,51043,Cloudy,95,3.32,10,19.1176,72.906,Low,16-02-2026
Chhatrapati Sambhajinagar,Aurangpura,Fraud,84,75915,Foggy,191,12.46,3,19.8762,75.3433,Medium,05-09-2024
Chhatrapati Sambhajinagar,CIDCO,Cyber Crime,185,181037,Foggy,126,3.29,9,19.889,75.32,High,09-04-2025
Nashik,Gangapur Road,Assault,78,82055,Rainy,49,13.04,2,20.011,73.75,Medium,12-03-2024
Mumbai,Bandra,Cyber Crime,205,48088,Cloudy,6,8.91,6,19.0596,72.8295,High,19-07-2024
Mumbai,Bandra,Theft,97,93553,Sunny,155,5.43,4,19.0596,72.8295,Medium,02-12-2025
Mumbai,Dadar,Assault,159,167982,Cloudy,195,9.24,8,19.0178,72.8478,High,30-06-2025
Chhatrapati Sambhajinagar,Aurangpura,Assault,113,189451,Sunny,170,5.15,4,19.8762,75.3433,Medium,08-03-2026
Pune,Hadapsar,Burglary,56,180233,Rainy,75,2.23,1,18.5089,73.9259,Low,08-09-2024
Nagpur,Sitabuldi,Theft,191,45554,Rainy,99,11.95,12,21.1458,79.0882,High,20-02-2024
Pune,Shivaji Nagar,Robbery,225,75976,Foggy,137,10.92,5,18.5308,73.8475,High,08-05-2025
Pune,Kothrud,Robbery,239,194168,Cloudy,190,9.65,6,18.5074,73.8077,High,07-02-2025
Nashik,Gangapur Road,Robbery,201,37398,Rainy,189,10.4,2,20.011,73.75,High,30-10-2025
Chhatrapati Sambhajinagar,Aurangpura,Cyber Crime,65,117823,Cloudy,119,8.25,3,19.8762,75.3433,Low,28-04-2026
Nashik,CIDCO,Burglary,151,150784,Sunny,149,12.86,12,19.9667,73.7667,High,19-05-2026
Mumbai,Colaba,Fraud,14,184780,Cloudy,71,13.36,10,18.9067,72.8147,Low,23-12-2025
Pune,Shivaji Nagar,Burglary,58,27354,Cloudy,107,8.29,11,18.5308,73.8475,Low,26-04-2025
Mumbai,Dadar,Fraud,36,108450,Foggy,63,2.25,8,19.0178,72.8478,Low,26-06-2025
Chhatrapati Sambhajinagar,CIDCO,Theft,69,118755,Rainy,87,12.17,9,19.889,75.32,Low,05-08-2025
Nashik,Gangapur Road,Cyber Crime,183,100160,Sunny,150,6.93,5,20.011,73.75,High,23-01-2025
Mumbai,Bandra,Robbery,80,85548,Sunny,208,8.74,2,19.0596,72.8295,Medium,03-09-2024
Mumbai,Powai,Fraud,96,60265,Sunny,76,7.8,5,19.1176,72.906,Medium,26-04-2025
Chhatrapati Sambhajinagar,CIDCO,Assault,65,43642,Sunny,158,5.91,3,19.889,75.32,Low,27-06-2024
Nagpur,Sadar,Fraud,54,58531,Sunny,196,13.52,4,21.1642,79.0821,Low,01-07-2025
Nagpur,Sadar,Assault,93,71781,Sunny,210,11.88,9,21.1642,79.0821,Medium,15-07-2025
Pune,Hadapsar,Burglary,18,74528,Rainy,158,8.53,7,18.5089,73.9259,Low,18-01-2024
Nashik,CIDCO,Burglary,103,131315,Sunny,213,9.7,4,19.9667,73.7667,Medium,08-08-2025
Nashik,Gangapur Road,Theft,203,172278,Cloudy,120,3.92,12,20.011,73.75,High,10-06-2024
Chhatrapati Sambhajinagar,Osmanpura,Fraud,56,91170,Foggy,80,9.57,1,19.87,75.33,Low,26-03-2026
Mumbai,Powai,Burglary,69,186420,Rainy,107,7.34,3,19.1176,72.906,Low,26-01-2024
Mumbai,Dadar,Burglary,149,194182,Rainy,149,10.46,2,19.0178,72.8478,Medium,23-04-2025
Mumbai,Andheri,Theft,57,185933,Sunny,70,12.98,5,19.1136,72.8697,Low,29-06-2025
Nashik,Nashik Road,Theft,77,143683,Cloudy,120,2.92,8,19.9975,73.7898,Medium,16-03-2024
Nashik,CIDCO,Fraud,172,111517,Rainy,10,2.46,11,19.9667,73.7667,High,31-05-2025
Pune,Baner,Fraud,241,107555,Rainy,180,13.6,5,18.559,73.7868,High,29-05-2025
Nagpur,Sitabuldi,Burglary,80,47718,Cloudy,202,10.52,7,21.1458,79.0882,Medium,26-04-2025
Nagpur,Shankar Nagar,Burglary,168,182608,Sunny,143,2.96,11,21.127,79.06,High,26-09-2025
Nashik,Nashik Road,Assault,35,150882,Cloudy,69,12.8,11,19.9975,73.7898,Low,05-06-2024
Pune,Kothrud,Fraud,114,56879,Foggy,133,3.83,1,18.5074,73.8077,Medium,17-01-2026
Nashik,Gangapur Road,Theft,191,195579,Foggy,182,3.53,3,20.011,73.75,High,07-01-2026
Chhatrapati Sambhajinagar,Osmanpura,Theft,73,176110,Sunny,117,7.3,6,19.87,75.33,Low,20-09-2025
Pune,Shivaji Nagar,Cyber Crime,179,87569,Rainy,211,14.79,9,18.5308,73.8475,High,13-07-2025
Mumbai,Dadar,Cyber Crime,232,47217,Rainy,208,12.18,10,19.0178,72.8478,High,29-05-2025
Nashik,Gangapur Road,Assault,133,149335,Rainy,165,2.77,12,20.011,73.75,Medium,27-04-2025
Nashik,Nashik Road,Robbery,64,77494,Cloudy,109,8,12,19.9975,73.7898,Low,05-02-2025
Mumbai,Dadar,Assault,41,56048,Sunny,50,6.52,4,19.0178,72.8478,Low,04-01-2024
Chhatrapati Sambhajinagar,Osmanpura,Assault,74,141027,Rainy,39,4.16,8,19.87,75.33,Low,06-07-2024
Mumbai,Andheri,Robbery,238,88249,Cloudy,96,14.18,8,19.1136,72.8697,High,14-01-2024
Chhatrapati Sambhajinagar,CIDCO,Fraud,16,132963,Foggy,108,11.67,6,19.889,75.32,Low,29-08-2024
Nashik,CIDCO,Robbery,87,194946,Rainy,159,5.8,7,19.9667,73.7667,Medium,24-06-2025
Pune,Shivaji Nagar,Assault,246,34348,Sunny,219,2.68,3,18.5308,73.8475,High,31-01-2024
Nagpur,Sitabuldi,Theft,26,181286,Sunny,65,13.46,12,21.1458,79.0882,Low,04-06-2026
Nagpur,Civil Lines,Burglary,203,101171,Cloudy,131,8.65,1,21.153,79.072,High,26-01-2024
Chhatrapati Sambhajinagar,Aurangpura,Assault,202,109584,Rainy,186,7.6,11,19.8762,75.3433,High,02-04-2026
Chhatrapati Sambhajinagar,Aurangpura,Burglary,56,188409,Rainy,139,3.56,4,19.8762,75.3433,Low,24-04-2024
Pune,Kothrud,Robbery,130,134599,Foggy,147,10.77,8,18.5074,73.8077,Medium,03-03-2026
Chhatrapati Sambhajinagar,Aurangpura,Assault,68,104139,Cloudy,164,13.1,1,19.8762,75.3433,Low,27-03-2025
Pune,Baner,Cyber Crime,115,103019,Rainy,192,10.27,11,18.559,73.7868,Medium,27-03-2026
Nashik,Gangapur Road,Burglary,213,74111,Rainy,46,14.72,10,20.011,73.75,High,28-04-2025
Nagpur,Jaripatka,Theft,46,38363,Rainy,110,3.58,10,21.1801,79.0955,Low,26-05-2025
Mumbai,Colaba,Fraud,138,172418,Foggy,131,12.64,3,18.9067,72.8147,Medium,09-04-2026
Nagpur,Sadar,Fraud,18,109262,Foggy,38,4,7,21.1642,79.0821,Low,27-02-2024
Mumbai,Borivali,Theft,161,93860,Cloudy,43,11.42,12,19.2307,72.8567,High,12-07-2024
Pune,Kothrud,Theft,210,75335,Sunny,181,5.05,2,18.5074,73.8077,High,30-04-2024
Mumbai,Powai,Assault,140,119795,Cloudy,124,5.65,12,19.1176,72.906,Medium,27-06-2025
Chhatrapati Sambhajinagar,Osmanpura,Fraud,63,44440,Cloudy,183,14.78,11,19.87,75.33,Low,21-11-2025
Chhatrapati Sambhajinagar,CIDCO,Fraud,184,183521,Sunny,129,6.5,1,19.889,75.32,High,24-03-2024
Mumbai,Powai,Burglary,153,149046,Foggy,95,3.5,4,19.1176,72.906,High,22-03-2026
Pune,Hinjewadi,Assault,204,198700,Sunny,145,9.73,1,18.5912,73.7389,High,09-08-2024
Mumbai,Colaba,Cyber Crime,190,169076,Foggy,41,14.73,8,18.9067,72.8147,High,28-03-2026
Nagpur,Jaripatka,Burglary,228,146964,Cloudy,141,4.01,11,21.1801,79.0955,High,10-10-2024
Nashik,Nashik Road,Fraud,146,193013,Rainy,44,2.11,4,19.9975,73.7898,Medium,16-02-2026
Nagpur,Jaripatka,Fraud,222,116909,Foggy,190,10.28,11,21.1801,79.0955,High,12-03-2026
Nagpur,Jaripatka,Fraud,30,108261,Rainy,22,14,4,21.1801,79.0955,Low,24-05-2026
Mumbai,Dadar,Robbery,117,112826,Cloudy,95,12.57,3,19.0178,72.8478,Medium,22-12-2024
Chhatrapati Sambhajinagar,Aurangpura,Theft,70,93411,Rainy,54,12.81,8,19.8762,75.3433,Low,22-02-2024
Nagpur,Shankar Nagar,Burglary,219,136938,Rainy,155,9.29,6,21.127,79.06,High,15-05-2026
Pune,Wakad,Cyber Crime,97,123866,Rainy,164,2.2,3,18.5975,73.7637,Medium,15-08-2024
Nashik,Nashik Road,Assault,73,124390,Cloudy,196,11.43,11,19.9975,73.7898,Low,26-12-2025
Nashik,Nashik Road,Robbery,22,188076,Rainy,156,2.45,10,19.9975,73.7898,Low,04-06-2024
Nashik,CIDCO,Burglary,54,150093,Rainy,188,13.88,8,19.9667,73.7667,Low,24-01-2025
Nagpur,Shankar Nagar,Theft,141,42342,Rainy,151,6.28,8,21.127,79.06,Medium,28-03-2024
Nagpur,Dharampeth,Assault,34,34430,Cloudy,100,6.84,10,21.129,79.0588,Low,24-08-2025
Mumbai,Colaba,Fraud,132,109499,Rainy,136,9.87,11,18.9067,72.8147,Medium,12-12-2024
Pune,Baner,Burglary,170,50038,Foggy,134,7.46,7,18.559,73.7868,High,18-06-2026
Chhatrapati Sambhajinagar,Osmanpura,Assault,15,101572,Cloudy,89,6.57,7,19.87,75.33,Low,04-02-2026
Pune,Hadapsar,Burglary,216,172910,Sunny,98,10.91,4,18.5089,73.9259,High,26-11-2024
Chhatrapati Sambhajinagar,Osmanpura,Robbery,14,179081,Foggy,12,4.61,4,19.87,75.33,Low,26-07-2024
Mumbai,Colaba,Fraud,136,33896,Sunny,30,8.85,7,18.9067,72.8147,Medium,01-02-2024
Chhatrapati Sambhajinagar,Osmanpura,Cyber Crime,234,183555,Rainy,94,3.68,3,19.87,75.33,High,05-10-2025
Pune,Hadapsar,Robbery,71,83174,Rainy,5,4.05,4,18.5089,73.9259,Low,12-06-2026
Mumbai,Andheri,Robbery,232,163222,Rainy,196,9.58,12,19.1136,72.8697,High,10-04-2025
Mumbai,Bandra,Fraud,80,78360,Foggy,43,5.54,7,19.0596,72.8295,Medium,13-11-2025
Pune,Wakad,Robbery,240,173938,Cloudy,158,2.94,7,18.5975,73.7637,High,29-07-2024
Nashik,Gangapur Road,Fraud,233,36556,Cloudy,109,9.04,10,20.011,73.75,High,22-04-2025
Chhatrapati Sambhajinagar,Osmanpura,Robbery,145,186783,Sunny,208,12.91,12,19.87,75.33,Medium,19-09-2025
Pune,Hinjewadi,Fraud,43,126627,Foggy,214,11.92,6,18.5912,73.7389,Low,07-12-2025
Nashik,Nashik Road,Cyber Crime,21,187476,Cloudy,54,2.78,10,19.9975,73.7898,Low,29-12-2024
Pune,Hadapsar,Robbery,247,162754,Cloudy,185,10.17,9,18.5089,73.9259,High,11-08-2024
Chhatrapati Sambhajinagar,Aurangpura,Cyber Crime,110,77699,Cloudy,60,12.88,8,19.8762,75.3433,Medium,07-03-2024
Nagpur,Sitabuldi,Theft,33,191548,Foggy,110,10.89,10,21.1458,79.0882,Low,01-03-2026
Pune,Kothrud,Cyber Crime,91,80542,Foggy,116,3.91,7,18.5074,73.8077,Medium,30-11-2024
Nagpur,Shankar Nagar,Fraud,225,112038,Rainy,115,2.09,3,21.127,79.06,High,05-04-2026
Nagpur,Sitabuldi,Assault,73,171017,Sunny,56,11.17,12,21.1458,79.0882,Low,13-05-2026
Nashik,CIDCO,Cyber Crime,124,67825,Sunny,123,7.02,6,19.9667,73.7667,Medium,02-05-2025
Nagpur,Jaripatka,Fraud,39,163219,Sunny,24,5.66,2,21.1801,79.0955,Low,13-12-2024
Mumbai,Dadar,Burglary,52,107409,Rainy,61,11.72,6,19.0178,72.8478,Low,04-04-2024
Nagpur,Sadar,Burglary,198,56186,Rainy,34,14.21,7,21.1642,79.0821,High,05-03-2026
Nagpur,Shankar Nagar,Fraud,170,86637,Cloudy,18,5.77,2,21.127,79.06,High,14-04-2026
Pune,Hadapsar,Cyber Crime,240,86290,Sunny,17,8.69,8,18.5089,73.9259,High,07-01-2025
Mumbai,Borivali,Fraud,38,75130,Sunny,74,2.2,12,19.2307,72.8567,Low,05-04-2026
Pune,Wakad,Cyber Crime,233,74691,Foggy,208,12.52,4,18.5975,73.7637,High,13-10-2024
Mumbai,Bandra,Assault,63,88706,Rainy,37,2.99,9,19.0596,72.8295,Low,30-03-2025
Chhatrapati Sambhajinagar,Aurangpura,Robbery,118,152554,Sunny,130,10.27,2,19.8762,75.3433,Medium,21-04-2025
Pune,Wakad,Assault,123,96899,Foggy,66,6.88,6,18.5975,73.7637,Medium,17-12-2024
Mumbai,Andheri,Robbery,51,70509,Cloudy,134,2.16,5,19.1136,72.8697,Low,11-06-2024
Nagpur,Sitabuldi,Fraud,129,71814,Sunny,209,11.18,5,21.1458,79.0882,Medium,17-04-2026
Nagpur,Sadar,Cyber Crime,175,117962,Foggy,22,10.39,5,21.1642,79.0821,High,23-05-2024
Nagpur,Lakadganj,Assault,136,88887,Sunny,119,7.33,9,21.1505,79.1155,Medium,23-02-2025
Nashik,Gangapur Road,Assault,33,140601,Sunny,82,8.25,3,20.011,73.75,Low,05-05-2026
Pune,Shivaji Nagar,Robbery,173,67839,Cloudy,140,6.4,10,18.5308,73.8475,High,26-01-2024
Nagpur,Lakadganj,Burglary,164,55558,Cloudy,65,2.25,3,21.1505,79.1155,High,09-05-2025
Nagpur,Lakadganj,Robbery,37,171972,Cloudy,128,9.94,3,21.1505,79.1155,Low,20-05-2024
Nagpur,Civil Lines,Cyber Crime,91,145164,Rainy,117,7.33,5,21.153,79.072,Medium,27-08-2025
Nagpur,Dharampeth,Assault,212,87808,Rainy,179,9.91,3,21.129,79.0588,High,25-05-2024
Nagpur,Shankar Nagar,Theft,250,121654,Sunny,214,5.88,11,21.127,79.06,High,04-03-2024
Nashik,Nashik Road,Burglary,37,103901,Sunny,54,3.59,9,19.9975,73.7898,Low,15-08-2025
Mumbai,Andheri,Burglary,43,169754,Cloudy,181,8.97,1,19.1136,72.8697,Low,23-06-2025
Pune,Hadapsar,Fraud,45,74183,Foggy,168,3.56,3,18.5089,73.9259,Low,17-02-2026
Nashik,CIDCO,Theft,55,190275,Rainy,57,11.46,4,19.9667,73.7667,Low,27-08-2025
Chhatrapati Sambhajinagar,Osmanpura,Fraud,226,194687,Sunny,23,8.83,8,19.87,75.33,High,11-11-2025
Chhatrapati Sambhajinagar,Osmanpura,Theft,180,148263,Foggy,139,2.28,4,19.87,75.33,High,12-02-2026
Mumbai,Powai,Cyber Crime,18,26948,Sunny,93,10.44,6,19.1176,72.906,Low,24-02-2025
Nagpur,Sadar,Fraud,144,97456,Foggy,35,3.11,10,21.1642,79.0821,Medium,29-01-2024
Nagpur,Lakadganj,Theft,224,157825,Rainy,58,8.83,5,21.1505,79.1155,High,11-02-2025
Nagpur,Shankar Nagar,Theft,143,117685,Rainy,172,6.82,6,21.127,79.06,Medium,09-08-2024
Pune,Baner,Robbery,136,88085,Rainy,61,8.01,5,18.559,73.7868,Medium,23-07-2025
Mumbai,Dadar,Theft,141,34929,Rainy,136,2.32,8,19.0178,72.8478,Medium,24-11-2024
Mumbai,Colaba,Assault,48,120672,Foggy,52,11.68,5,18.9067,72.8147,Low,01-04-2026
Nagpur,Jaripatka,Theft,111,157662,Cloudy,67,9.34,7,21.1801,79.0955,Medium,09-09-2025
Chhatrapati Sambhajinagar,Osmanpura,Assault,198,146219,Foggy,218,9.31,12,19.87,75.33,High,27-01-2026
Nagpur,Shankar Nagar,Cyber Crime,240,65188,Foggy,142,6.95,7,21.127,79.06,High,12-02-2025
Chhatrapati Sambhajinagar,Osmanpura,Robbery,58,105118,Rainy,8,10.6,8,19.87,75.33,Low,18-06-2024
Nashik,Nashik Road,Cyber Crime,240,85961,Foggy,219,2.45,4,19.9975,73.7898,High,14-05-2024
Mumbai,Dadar,Assault,231,110648,Cloudy,71,4.59,8,19.0178,72.8478,High,06-05-2026
Chhatrapati Sambhajinagar,CIDCO,Cyber Crime,125,199309,Foggy,138,12.57,10,19.889,75.32,Medium,07-05-2025
Mumbai,Borivali,Fraud,205,84464,Cloudy,186,9.11,6,19.2307,72.8567,High,19-04-2024
Pune,Kothrud,Assault,203,49961,Sunny,121,5,8,18.5074,73.8077,High,22-11-2024
Mumbai,Powai,Robbery,249,117059,Cloudy,73,8.91,10,19.1176,72.906,High,18-03-2025
Chhatrapati Sambhajinagar,Aurangpura,Fraud,221,142732,Sunny,168,3.13,3,19.8762,75.3433,High,30-11-2024
Nashik,Nashik Road,Robbery,139,157048,Foggy,150,8.71,4,19.9975,73.7898,Medium,13-03-2025
Nagpur,Jaripatka,Robbery,123,79287,Cloudy,125,2.96,1,21.1801,79.0955,Medium,04-09-2025
Nashik,Gangapur Road,Fraud,122,74954,Foggy,28,6.97,8,20.011,73.75,Medium,07-01-2024
Mumbai,Bandra,Burglary,171,75837,Rainy,70,3.04,6,19.0596,72.8295,High,17-02-2024
Nashik,Gangapur Road,Theft,143,108927,Rainy,77,6.12,7,20.011,73.75,Medium,06-12-2025
Nashik,Nashik Road,Robbery,23,124477,Foggy,34,2.59,9,19.9975,73.7898,Low,29-10-2025
Pune,Baner,Fraud,137,40903,Sunny,198,2.87,9,18.559,73.7868,Medium,30-03-2024
Nagpur,Dharampeth,Fraud,148,57178,Sunny,6,4.05,1,21.129,79.0588,Medium,24-08-2025
Nagpur,Sadar,Fraud,183,140908,Sunny,25,10.99,9,21.1642,79.0821,High,19-01-2025
Nashik,CIDCO,Robbery,220,87683,Foggy,219,2.35,3,19.9667,73.7667,High,25-01-2026
Nashik,CIDCO,Theft,218,113545,Sunny,182,13.23,9,19.9667,73.7667,High,01-12-2024
Chhatrapati Sambhajinagar,Osmanpura,Robbery,162,54797,Cloudy,147,11.36,2,19.87,75.33,High,20-10-2024
Nagpur,Dharampeth,Robbery,195,161462,Cloudy,109,3.68,9,21.129,79.0588,High,29-04-2025
Nashik,Nashik Road,Burglary,110,50586,Rainy,147,6.64,5,19.9975,73.7898,Medium,11-10-2025
Mumbai,Powai,Cyber Crime,82,99168,Cloudy,203,2.64,8,19.1176,72.906,Medium,21-03-2025
Pune,Kothrud,Fraud,129,117104,Rainy,56,11.11,8,18.5074,73.8077,Medium,22-05-2025
Nashik,Nashik Road,Cyber Crime,83,62060,Rainy,135,3.63,1,19.9975,73.7898,Medium,27-09-2024
Nagpur,Sadar,Cyber Crime,203,26060,Foggy,133,4.45,8,21.1642,79.0821,High,10-09-2024
Pune,Hadapsar,Theft,41,165518,Foggy,107,2.76,8,18.5089,73.9259,Low,02-12-2025
Pune,Hadapsar,Burglary,46,124911,Sunny,145,10.34,12,18.5089,73.9259,Low,26-12-2024
Pune,Kothrud,Fraud,91,107301,Foggy,154,11.7,3,18.5074,73.8077,Medium,11-07-2025
Pune,Shivaji Nagar,Theft,231,169815,Rainy,211,2.83,6,18.5308,73.8475,High,20-06-2024
Chhatrapati Sambhajinagar,Osmanpura,Robbery,20,146680,Foggy,65,10.43,2,19.87,75.33,Low,16-09-2024
Chhatrapati Sambhajinagar,Osmanpura,Cyber Crime,145,140239,Foggy,192,14.2,1,19.87,75.33,Medium,01-10-2025
Pune,Hinjewadi,Cyber Crime,219,95051,Cloudy,99,11.33,8,18.5912,73.7389,High,10-08-2025
Nagpur,Sadar,Burglary,93,27837,Foggy,72,3.38,1,21.1642,79.0821,Medium,28-09-2025
Nagpur,Shankar Nagar,Robbery,176,38864,Sunny,189,4.28,9,21.127,79.06,High,01-06-2025
Nagpur,Dharampeth,Assault,230,63058,Rainy,197,5.9,9,21.129,79.0588,High,21-03-2025
Nashik,Gangapur Road,Robbery,74,156726,Cloudy,95,14.59,4,20.011,73.75,Low,02-01-2026
Mumbai,Powai,Robbery,122,118116,Foggy,112,4.72,3,19.1176,72.906,Medium,03-06-2024
Nagpur,Sitabuldi,Assault,169,120813,Sunny,188,14.72,10,21.1458,79.0882,High,17-01-2024
Chhatrapati Sambhajinagar,CIDCO,Burglary,215,172462,Cloudy,32,13.99,11,19.889,75.32,High,01-04-2026
Mumbai,Colaba,Cyber Crime,138,117888,Sunny,8,9.49,11,18.9067,72.8147,Medium,08-09-2024
Nashik,CIDCO,Burglary,186,61627,Foggy,219,4.87,7,19.9667,73.7667,High,15-09-2024
Nashik,Gangapur Road,Robbery,213,168063,Sunny,171,14.78,6,20.011,73.75,High,11-12-2025
Pune,Wakad,Cyber Crime,235,129960,Rainy,220,3.61,8,18.5975,73.7637,High,07-01-2026
Chhatrapati Sambhajinagar,Osmanpura,Burglary,57,68062,Cloudy,174,7.13,9,19.87,75.33,Low,15-12-2024
Pune,Wakad,Burglary,127,112665,Foggy,212,14.71,6,18.5975,73.7637,Medium,06-11-2024
Pune,Shivaji Nagar,Assault,59,36673,Cloudy,130,13.64,7,18.5308,73.8475,Low,30-12-2025
Chhatrapati Sambhajinagar,CIDCO,Assault,209,142000,Foggy,132,8.92,2,19.889,75.32,High,28-04-2026
Nagpur,Sadar,Assault,98,180260,Rainy,30,7.31,4,21.1642,79.0821,Medium,10-04-2025
Chhatrapati Sambhajinagar,Osmanpura,Cyber Crime,219,46230,Sunny,145,5.36,6,19.87,75.33,High,06-07-2025
Pune,Hinjewadi,Fraud,34,155465,Foggy,219,11.15,1,18.5912,73.7389,Low,23-07-2025
Nashik,Gangapur Road,Burglary,54,44524,Rainy,166,11.2,4,20.011,73.75,Low,30-07-2024
Nashik,CIDCO,Burglary,206,146913,Cloudy,72,11.61,3,19.9667,73.7667,High,12-04-2024
Chhatrapati Sambhajinagar,Aurangpura,Cyber Crime,244,38285,Rainy,200,11.03,9,19.8762,75.3433,High,16-04-2025
Nashik,Gangapur Road,Robbery,210,80764,Rainy,171,10.32,9,20.011,73.75,High,22-07-2024
Chhatrapati Sambhajinagar,Aurangpura,Burglary,232,139305,Sunny,115,8.37,8,19.8762,75.3433,High,29-06-2024
Nashik,Gangapur Road,Cyber Crime,47,196509,Sunny,99,3.71,8,20.011,73.75,Low,30-04-2026
Chhatrapati Sambhajinagar,Osmanpura,Robbery,145,50176,Sunny,119,7.07,1,19.87,75.33,Medium,23-05-2026
Chhatrapati Sambhajinagar,Aurangpura,Robbery,81,184971,Cloudy,159,14.1,12,19.8762,75.3433,Medium,23-02-2024
Chhatrapati Sambhajinagar,Osmanpura,Fraud,146,51731,Cloudy,144,5.34,8,19.87,75.33,Medium,08-07-2024
Pune,Shivaji Nagar,Assault,242,198935,Sunny,16,5.91,8,18.5308,73.8475,High,27-02-2025
Pune,Hadapsar,Theft,59,155660,Rainy,72,8.03,11,18.5089,73.9259,Low,09-03-2025
Nagpur,Civil Lines,Assault,13,56674,Rainy,22,8.52,4,21.153,79.072,Low,27-06-2025
Chhatrapati Sambhajinagar,Osmanpura,Assault,202,54462,Rainy,119,6.17,5,19.87,75.33,High,11-07-2025
Nagpur,Civil Lines,Assault,223,85823,Sunny,46,14.41,1,21.153,79.072,High,07-07-2024
Nagpur,Jaripatka,Assault,140,140829,Rainy,21,13.87,5,21.1801,79.0955,Medium,14-06-2024
Nagpur,Sadar,Robbery,165,105452,Foggy,7,10.36,5,21.1642,79.0821,High,08-05-2024
Nagpur,Lakadganj,Assault,39,57829,Cloudy,125,13.81,9,21.1505,79.1155,Low,29-09-2025
Mumbai,Andheri,Robbery,127,125819,Cloudy,15,14.91,2,19.1136,72.8697,Medium,18-08-2024
Nagpur,Civil Lines,Fraud,50,33686,Foggy,45,10.27,2,21.153,79.072,Low,20-11-2024
Nagpur,Sadar,Fraud,145,119367,Rainy,56,10.5,7,21.1642,79.0821,Medium,30-05-2026
Chhatrapati Sambhajinagar,Osmanpura,Theft,171,184927,Cloudy,194,12.73,6,19.87,75.33,High,13-05-2025
Mumbai,Dadar,Fraud,36,128455,Sunny,201,4.77,2,19.0178,72.8478,Low,31-03-2026
Nagpur,Shankar Nagar,Robbery,101,177765,Sunny,126,13.24,8,21.127,79.06,Medium,11-04-2025
Chhatrapati Sambhajinagar,CIDCO,Fraud,114,50245,Rainy,20,6.8,5,19.889,75.32,Medium,14-07-2025
Mumbai,Powai,Fraud,201,111782,Cloudy,57,12.47,2,19.1176,72.906,High,19-06-2025
Nashik,Nashik Road,Cyber Crime,224,136149,Sunny,99,12.68,6,19.9975,73.7898,High,17-02-2025
Nashik,CIDCO,Burglary,191,140172,Cloudy,73,4.9,4,19.9667,73.7667,High,22-01-2024
Pune,Kothrud,Theft,240,50500,Sunny,46,13.75,8,18.5074,73.8077,High,26-12-2024
Nashik,Gangapur Road,Cyber Crime,95,47012,Foggy,118,5.3,3,20.011,73.75,Medium,17-05-2025
Mumbai,Powai,Cyber Crime,211,77750,Sunny,179,14.8,9,19.1176,72.906,High,06-04-2026
Nashik,CIDCO,Cyber Crime,202,96807,Rainy,130,14.05,12,19.9667,73.7667,High,07-12-2025
Nashik,CIDCO,Theft,243,116806,Cloudy,64,8.85,8,19.9667,73.7667,High,09-10-2024
Chhatrapati Sambhajinagar,Osmanpura,Assault,74,31330,Rainy,141,5.64,10,19.87,75.33,Low,01-06-2024
Nagpur,Dharampeth,Assault,10,115095,Sunny,75,11.83,4,21.129,79.0588,Low,22-11-2025
Mumbai,Colaba,Robbery,171,168689,Cloudy,40,9.29,2,18.9067,72.8147,High,19-02-2026
Mumbai,Bandra,Fraud,98,71299,Cloudy,101,12.72,7,19.0596,72.8295,Medium,28-01-2024
Nagpur,Lakadganj,Theft,102,162536,Rainy,87,5.13,9,21.1505,79.1155,Medium,11-05-2026
Chhatrapati Sambhajinagar,Aurangpura,Assault,84,69591,Foggy,41,9.34,10,19.8762,75.3433,Medium,23-04-2025
Nagpur,Shankar Nagar,Burglary,167,44520,Cloudy,33,11.41,12,21.127,79.06,High,03-05-2026
Chhatrapati Sambhajinagar,Aurangpura,Theft,14,50151,Rainy,36,3.37,6,19.8762,75.3433,Low,22-01-2026
Pune,Baner,Burglary,201,182118,Rainy,201,9.14,12,18.559,73.7868,High,07-09-2025
Nagpur,Shankar Nagar,Assault,184,61855,Foggy,164,14.32,11,21.127,79.06,High,17-08-2024
Nashik,Gangapur Road,Burglary,103,43069,Sunny,47,12.1,3,20.011,73.75,Medium,01-09-2024
Mumbai,Bandra,Cyber Crime,143,100135,Sunny,15,3.9,11,19.0596,72.8295,Medium,26-01-2024
Pune,Hinjewadi,Robbery,103,173471,Rainy,128,11.67,6,18.5912,73.7389,Medium,26-01-2026
Pune,Wakad,Robbery,79,145058,Foggy,163,5.71,1,18.5975,73.7637,Medium,19-11-2025
Mumbai,Powai,Theft,149,167438,Rainy,189,9.85,10,19.1176,72.906,Medium,27-12-2025
Pune,Baner,Burglary,48,75524,Foggy,163,3.65,7,18.559,73.7868,Low,06-03-2026
Nashik,CIDCO,Assault,158,103697,Foggy,110,14.56,6,19.9667,73.7667,High,13-10-2025
Pune,Baner,Theft,155,119551,Sunny,162,9.28,9,18.559,73.7868,High,19-05-2025
Nagpur,Civil Lines,Assault,40,63494,Cloudy,115,7.15,7,21.153,79.072,Low,17-11-2024
Pune,Baner,Fraud,13,114396,Foggy,179,2.22,7,18.559,73.7868,Low,29-01-2026
Nashik,Gangapur Road,Cyber Crime,53,185301,Rainy,161,9.54,8,20.011,73.75,Low,25-04-2025
Chhatrapati Sambhajinagar,Aurangpura,Burglary,244,131111,Sunny,174,10.83,11,19.8762,75.3433,High,13-06-2024
Mumbai,Andheri,Robbery,161,166180,Sunny,95,3.58,10,19.1136,72.8697,High,25-05-2024
Mumbai,Andheri,Cyber Crime,221,108388,Rainy,59,13.16,11,19.1136,72.8697,High,03-02-2024
Chhatrapati Sambhajinagar,Osmanpura,Theft,181,92240,Rainy,7,4.59,12,19.87,75.33,High,04-05-2025
Pune,Hinjewadi,Robbery,180,49296,Rainy,8,9.48,1,18.5912,73.7389,High,30-05-2025
Nashik,CIDCO,Assault,92,91056,Cloudy,192,4.52,4,19.9667,73.7667,Medium,03-01-2025
Pune,Hinjewadi,Cyber Crime,245,156890,Foggy,59,4.19,6,18.5912,73.7389,High,30-05-2026
Nashik,Gangapur Road,Fraud,239,178932,Sunny,28,3.4,8,20.011,73.75,High,21-02-2026
Pune,Hadapsar,Fraud,181,150476,Rainy,220,3.82,5,18.5089,73.9259,High,16-03-2024
Pune,Hadapsar,Burglary,104,159712,Rainy,173,11.83,4,18.5089,73.9259,Medium,09-05-2026
Mumbai,Dadar,Cyber Crime,122,58176,Cloudy,187,14.36,12,19.0178,72.8478,Medium,08-09-2024
Nashik,CIDCO,Cyber Crime,210,159756,Cloudy,117,12.27,12,19.9667,73.7667,High,01-12-2025
Mumbai,Dadar,Assault,41,167560,Cloudy,169,13.6,3,19.0178,72.8478,Low,16-10-2024
Nagpur,Shankar Nagar,Robbery,57,105793,Sunny,84,10.31,7,21.127,79.06,Low,19-09-2025
Chhatrapati Sambhajinagar,CIDCO,Burglary,28,130896,Rainy,202,11.74,9,19.889,75.32,Low,08-08-2025
Pune,Hinjewadi,Robbery,112,167783,Foggy,155,14.97,8,18.5912,73.7389,Medium,19-02-2025
Nagpur,Lakadganj,Assault,246,25925,Foggy,17,5.36,4,21.1505,79.1155,High,16-05-2026
Mumbai,Andheri,Robbery,12,198490,Sunny,212,10.16,2,19.1136,72.8697,Low,21-01-2026
Mumbai,Colaba,Robbery,244,58766,Foggy,118,5.9,12,18.9067,72.8147,High,28-04-2024
Pune,Kothrud,Assault,219,157566,Rainy,128,13.07,9,18.5074,73.8077,High,27-12-2025
Nagpur,Civil Lines,Theft,53,28161,Rainy,12,4.9,9,21.153,79.072,Low,04-12-2024
Nagpur,Dharampeth,Assault,15,59205,Foggy,22,2.47,2,21.129,79.0588,Low,08-12-2024
Chhatrapati Sambhajinagar,Aurangpura,Fraud,169,156738,Rainy,97,10.55,7,19.8762,75.3433,High,07-06-2025
Pune,Baner,Fraud,148,188517,Sunny,115,13.49,1,18.559,73.7868,Medium,01-05-2025
Mumbai,Andheri,Theft,48,185113,Cloudy,33,9.49,12,19.1136,72.8697,Low,01-05-2025
Chhatrapati Sambhajinagar,CIDCO,Burglary,59,57435,Rainy,157,7.01,7,19.889,75.32,Low,16-02-2026
Nashik,CIDCO,Theft,175,198409,Rainy,95,8.8,1,19.9667,73.7667,High,28-08-2025
Chhatrapati Sambhajinagar,Osmanpura,Fraud,62,89899,Cloudy,59,12.44,3,19.87,75.33,Low,28-11-2025
Pune,Kothrud,Burglary,81,109346,Sunny,100,14.77,5,18.5074,73.8077,Medium,04-04-2025
Chhatrapati Sambhajinagar,Aurangpura,Burglary,218,196757,Cloudy,6,2.14,4,19.8762,75.3433,High,20-01-2024
Chhatrapati Sambhajinagar,Aurangpura,Fraud,174,52880,Rainy,55,6.02,8,19.8762,75.3433,High,02-03-2025
Mumbai,Powai,Fraud,108,149193,Sunny,133,14.2,9,19.1176,72.906,Medium,24-09-2025
Nashik,Nashik Road,Cyber Crime,31,145097,Sunny,99,8.28,2,19.9975,73.7898,Low,20-06-2025
Mumbai,Colaba,Theft,111,189455,Foggy,203,2.57,9,18.9067,72.8147,Medium,26-05-2026
Pune,Baner,Cyber Crime,77,174138,Sunny,154,9.46,6,18.559,73.7868,Medium,02-10-2025
Pune,Wakad,Theft,216,149655,Cloudy,44,8.86,10,18.5975,73.7637,High,06-08-2024
Nashik,Gangapur Road,Burglary,47,66935,Foggy,11,13.51,12,20.011,73.75,Low,13-05-2026
Mumbai,Borivali,Burglary,44,111318,Sunny,94,9.67,1,19.2307,72.8567,Low,08-01-2025
Nashik,CIDCO,Robbery,248,76514,Foggy,72,8.27,12,19.9667,73.7667,High,09-12-2024
Mumbai,Powai,Burglary,26,72687,Rainy,122,5.99,6,19.1176,72.906,Low,21-05-2026
Nashik,Nashik Road,Burglary,236,146431,Foggy,92,10.92,4,19.9975,73.7898,High,20-11-2025
Nashik,Nashik Road,Fraud,79,38532,Cloudy,126,4.6,1,19.9975,73.7898,Medium,17-02-2024
Pune,Kothrud,Cyber Crime,171,120011,Cloudy,218,14.34,10,18.5074,73.8077,High,06-05-2025
Mumbai,Colaba,Robbery,38,125606,Cloudy,197,5.86,6,18.9067,72.8147,Low,17-05-2025
Nashik,CIDCO,Robbery,243,187839,Rainy,202,10.01,11,19.9667,73.7667,High,01-03-2025
Chhatrapati Sambhajinagar,Osmanpura,Burglary,208,177274,Sunny,51,6.2,9,19.87,75.33,High,19-01-2025
Pune,Baner,Assault,181,144511,Rainy,6,9.69,11,18.559,73.7868,High,26-07-2024
Chhatrapati Sambhajinagar,CIDCO,Burglary,142,59124,Cloudy,9,6.04,5,19.889,75.32,Medium,15-08-2024
Mumbai,Dadar,Burglary,19,199876,Foggy,77,4.04,7,19.0178,72.8478,Low,07-10-2024
Nashik,Nashik Road,Fraud,32,194495,Foggy,32,8.54,5,19.9975,73.7898,Low,06-09-2024
Nashik,Gangapur Road,Assault,39,195925,Cloudy,103,14.01,2,20.011,73.75,Low,16-08-2024
Nashik,Nashik Road,Cyber Crime,52,90911,Rainy,109,6.53,12,19.9975,73.7898,Low,12-09-2024
Nagpur,Shankar Nagar,Fraud,44,157615,Sunny,211,2.9,2,21.127,79.06,Low,05-05-2024
Chhatrapati Sambhajinagar,CIDCO,Fraud,104,150551,Cloudy,72,7.72,10,19.889,75.32,Medium,26-01-2025
Nagpur,Shankar Nagar,Burglary,228,198656,Sunny,111,9.89,5,21.127,79.06,High,24-06-2025
Mumbai,Colaba,Assault,188,137385,Sunny,152,4.13,5,18.9067,72.8147,High,27-03-2026
Nashik,CIDCO,Cyber Crime,126,117286,Cloudy,220,5.34,7,19.9667,73.7667,Medium,28-02-2025
Mumbai,Dadar,Robbery,110,61736,Rainy,199,7.51,5,19.0178,72.8478,Medium,10-03-2026
Chhatrapati Sambhajinagar,Aurangpura,Cyber Crime,44,36712,Cloudy,89,13.41,12,19.8762,75.3433,Low,05-12-2025
Nagpur,Sitabuldi,Burglary,16,192712,Foggy,217,7.62,3,21.1458,79.0882,Low,09-10-2024
Mumbai,Powai,Fraud,89,153650,Cloudy,78,7.92,8,19.1176,72.906,Medium,06-02-2026
Pune,Hinjewadi,Theft,74,28118,Sunny,71,7.03,8,18.5912,73.7389,Low,19-03-2025
Mumbai,Bandra,Burglary,20,144430,Cloudy,56,5.6,7,19.0596,72.8295,Low,05-06-2025
Pune,Baner,Assault,201,153727,Sunny,84,13.38,3,18.559,73.7868,High,28-01-2024
Pune,Wakad,Burglary,81,25374,Sunny,117,7.02,9,18.5975,73.7637,Medium,23-05-2025
Mumbai,Dadar,Assault,227,156458,Rainy,101,11.71,12,19.0178,72.8478,High,06-01-2026
Nagpur,Dharampeth,Fraud,234,168806,Rainy,89,13.02,6,21.129,79.0588,High,19-08-2025
Chhatrapati Sambhajinagar,Osmanpura,Robbery,105,36730,Cloudy,89,12.63,3,19.87,75.33,Medium,06-05-2024
Pune,Hadapsar,Assault,247,189766,Foggy,149,3.75,12,18.5089,73.9259,High,17-02-2026
Nashik,Nashik Road,Assault,208,46810,Sunny,73,2.03,9,19.9975,73.7898,High,17-05-2026
Nagpur,Sadar,Theft,33,25550,Cloudy,19,3.71,11,21.1642,79.0821,Low,01-05-2025
Nashik,CIDCO,Fraud,163,175688,Foggy,189,6.82,6,19.9667,73.7667,High,25-10-2025
Nashik,Gangapur Road,Cyber Crime,202,169962,Foggy,203,5.66,11,20.011,73.75,High,20-02-2025
Nagpur,Lakadganj,Robbery,184,31351,Rainy,73,5.44,5,21.1505,79.1155,High,10-04-2025
Nagpur,Dharampeth,Fraud,73,100905,Sunny,15,3,8,21.129,79.0588,Low,25-12-2024
Nashik,CIDCO,Fraud,67,44529,Sunny,213,10.55,7,19.9667,73.7667,Low,29-08-2024
Pune,Kothrud,Robbery,26,139895,Rainy,134,3.4,7,18.5074,73.8077,Low,28-07-2024
Chhatrapati Sambhajinagar,CIDCO,Burglary,237,151823,Foggy,155,9.95,10,19.889,75.32,High,01-05-2025
Chhatrapati Sambhajinagar,Osmanpura,Theft,54,92604,Rainy,159,14.68,1,19.87,75.33,Low,19-05-2026
Pune,Shivaji Nagar,Theft,70,113508,Sunny,63,10.14,8,18.5308,73.8475,Low,22-04-2024
Nashik,Gangapur Road,Robbery,37,141451,Rainy,23,11.47,5,20.011,73.75,Low,26-12-2025
Nashik,Nashik Road,Robbery,102,33045,Cloudy,14,13.9,11,19.9975,73.7898,Medium,24-03-2024
Mumbai,Borivali,Assault,130,172368,Foggy,78,5.1,9,19.2307,72.8567,Medium,28-08-2025
Nashik,Gangapur Road,Cyber Crime,99,51839,Foggy,74,2.91,4,20.011,73.75,Medium,15-02-2025
Nashik,Gangapur Road,Robbery,76,43053,Cloudy,154,2.31,5,20.011,73.75,Medium,20-02-2026
Chhatrapati Sambhajinagar,Aurangpura,Fraud,249,184727,Foggy,126,2.2,4,19.8762,75.3433,High,06-06-2026
Nashik,CIDCO,Assault,220,62127,Cloudy,194,8.24,2,19.9667,73.7667,High,16-12-2024
Chhatrapati Sambhajinagar,Aurangpura,Theft,214,73485,Rainy,80,3.39,4,19.8762,75.3433,High,26-03-2024
Mumbai,Borivali,Robbery,29,122886,Sunny,71,9.12,11,19.2307,72.8567,Low,21-12-2025
Nashik,CIDCO,Burglary,204,175504,Sunny,73,7.04,3,19.9667,73.7667,High,10-03-2024
Nagpur,Sitabuldi,Fraud,189,139636,Foggy,24,5.91,6,21.1458,79.0882,High,21-04-2025
Mumbai,Colaba,Theft,134,169834,Rainy,121,12.54,9,18.9067,72.8147,Medium,25-10-2024
Chhatrapati Sambhajinagar,Osmanpura,Theft,96,92663,Foggy,70,13.18,9,19.87,75.33,Medium,27-07-2024
Chhatrapati Sambhajinagar,Osmanpura,Theft,54,50803,Foggy,167,10.64,4,19.87,75.33,Low,11-06-2025
Pune,Hinjewadi,Fraud,56,40425,Cloudy,158,7.99,3,18.5912,73.7389,Low,06-12-2025
Pune,Shivaji Nagar,Cyber Crime,110,114128,Foggy,84,5.82,12,18.5308,73.8475,Medium,19-06-2025
Pune,Baner,Robbery,117,122742,Foggy,33,11.14,8,18.559,73.7868,Medium,04-10-2025
Nagpur,Sadar,Assault,230,113260,Sunny,22,4.53,4,21.1642,79.0821,High,14-01-2025
Nagpur,Sadar,Theft,130,183380,Foggy,86,5.22,8,21.1642,79.0821,Medium,22-10-2024
Nagpur,Jaripatka,Assault,81,77025,Rainy,69,6.59,2,21.1801,79.0955,Medium,06-02-2024
Chhatrapati Sambhajinagar,CIDCO,Theft,244,81663,Cloudy,91,4.2,4,19.889,75.32,High,08-06-2026
Nashik,Nashik Road,Burglary,121,170540,Foggy,75,6.5,8,19.9975,73.7898,Medium,18-02-2025
Chhatrapati Sambhajinagar,Osmanpura,Theft,147,35209,Cloudy,113,5.12,3,19.87,75.33,Medium,27-10-2025
Chhatrapati Sambhajinagar,Osmanpura,Theft,59,51299,Cloudy,216,13.17,5,19.87,75.33,Low,21-08-2024
Nagpur,Jaripatka,Fraud,92,66519,Cloudy,127,12.91,9,21.1801,79.0955,Medium,02-02-2024
Mumbai,Colaba,Theft,15,145131,Cloudy,96,12.6,10,18.9067,72.8147,Low,15-03-2025
Nashik,Nashik Road,Assault,92,174394,Rainy,40,5.68,5,19.9975,73.7898,Medium,27-01-2025
Nashik,Nashik Road,Cyber Crime,186,161588,Rainy,92,5.99,3,19.9975,73.7898,High,07-05-2026
Nagpur,Sitabuldi,Theft,201,115035,Rainy,99,4.97,4,21.1458,79.0882,High,17-04-2026
Pune,Kothrud,Robbery,190,51586,Cloudy,125,7.33,3,18.5074,73.8077,High,08-03-2025
Nashik,Nashik Road,Cyber Crime,224,128208,Sunny,179,11.06,9,19.9975,73.7898,High,22-05-2024
Mumbai,Borivali,Burglary,114,151701,Cloudy,138,10.81,12,19.2307,72.8567,Medium,13-06-2025
Nashik,Nashik Road,Theft,123,197724,Cloudy,67,9.15,4,19.9975,73.7898,Medium,12-10-2025
Mumbai,Andheri,Cyber Crime,145,166033,Rainy,68,14.53,2,19.1136,72.8697,Medium,16-03-2024
Nashik,Nashik Road,Robbery,209,49499,Rainy,179,10.49,10,19.9975,73.7898,High,15-07-2024
Nashik,Nashik Road,Assault,56,72328,Sunny,111,5.25,10,19.9975,73.7898,Low,27-07-2024
Nashik,CIDCO,Cyber Crime,33,126923,Rainy,81,14.26,7,19.9667,73.7667,Low,08-03-2025
Pune,Wakad,Cyber Crime,57,68473,Rainy,66,7.57,6,18.5975,73.7637,Low,11-12-2025
Mumbai,Borivali,Assault,196,90617,Rainy,80,12.6,4,19.2307,72.8567,High,22-02-2025
Chhatrapati Sambhajinagar,CIDCO,Cyber Crime,204,125836,Foggy,203,10.16,10,19.889,75.32,High,03-10-2024
Nashik,Gangapur Road,Robbery,16,94712,Foggy,171,3.1,1,20.011,73.75,Low,29-12-2024
Mumbai,Borivali,Assault,153,88676,Cloudy,133,13.51,12,19.2307,72.8567,High,22-05-2026
Chhatrapati Sambhajinagar,Osmanpura,Assault,65,182193,Sunny,174,2.62,9,19.87,75.33,Low,21-07-2024
Mumbai,Andheri,Robbery,34,105726,Foggy,140,12.2,2,19.1136,72.8697,Low,26-03-2026
Chhatrapati Sambhajinagar,Aurangpura,Burglary,13,53320,Rainy,35,3.72,2,19.8762,75.3433,Low,26-11-2025
Nashik,Nashik Road,Assault,178,120040,Cloudy,116,3.87,12,19.9975,73.7898,High,05-05-2024
Chhatrapati Sambhajinagar,CIDCO,Assault,97,62411,Rainy,201,7.19,2,19.889,75.32,Medium,16-04-2024
Mumbai,Colaba,Cyber Crime,70,130313,Foggy,67,8.23,12,18.9067,72.8147,Low,31-10-2025
Mumbai,Borivali,Cyber Crime,38,136884,Sunny,56,3.56,3,19.2307,72.8567,Low,27-04-2025
Nashik,Nashik Road,Assault,15,156198,Rainy,29,8.33,11,19.9975,73.7898,Low,30-11-2025
Nashik,CIDCO,Fraud,121,121265,Foggy,76,4.87,1,19.9667,73.7667,Medium,30-04-2026
Mumbai,Andheri,Burglary,169,184135,Cloudy,115,6.93,5,19.1136,72.8697,High,14-10-2024
Pune,Hinjewadi,Cyber Crime,129,193140,Cloudy,87,9.93,7,18.5912,73.7389,Medium,18-08-2025
Nagpur,Sadar,Cyber Crime,151,80247,Rainy,187,12.19,12,21.1642,79.0821,High,30-04-2026
Mumbai,Borivali,Burglary,83,142465,Sunny,183,7.81,7,19.2307,72.8567,Medium,01-06-2025
Pune,Baner,Fraud,62,189470,Foggy,200,13.2,5,18.559,73.7868,Low,05-06-2024
Pune,Hinjewadi,Assault,183,32416,Rainy,213,11.12,3,18.5912,73.7389,High,06-07-2024
Chhatrapati Sambhajinagar,Aurangpura,Assault,152,150925,Rainy,72,14.96,11,19.8762,75.3433,High,13-01-2025
Mumbai,Dadar,Fraud,241,46011,Sunny,33,11.5,2,19.0178,72.8478,High,26-05-2024
Pune,Hinjewadi,Fraud,31,73679,Foggy,162,13.88,1,18.5912,73.7389,Low,18-09-2025
Pune,Wakad,Cyber Crime,148,156745,Rainy,87,12.28,6,18.5975,73.7637,Medium,21-03-2026
Pune,Kothrud,Theft,173,69217,Rainy,93,4.18,6,18.5074,73.8077,High,06-02-2024
Mumbai,Dadar,Assault,182,115486,Cloudy,74,11.24,9,19.0178,72.8478,High,15-10-2025
Pune,Kothrud,Robbery,146,145444,Cloudy,206,7.04,9,18.5074,73.8077,Medium,13-09-2024
Mumbai,Bandra,Cyber Crime,178,32732,Rainy,109,13.94,5,19.0596,72.8295,High,26-04-2025
Nashik,Gangapur Road,Assault,160,78793,Sunny,53,11.44,12,20.011,73.75,High,14-09-2025
Chhatrapati Sambhajinagar,Osmanpura,Cyber Crime,74,170298,Foggy,111,2.69,8,19.87,75.33,Low,02-03-2026
Mumbai,Andheri,Robbery,75,138173,Rainy,63,10.47,6,19.1136,72.8697,Low,30-06-2025
Nashik,Nashik Road,Assault,117,193833,Cloudy,182,13.57,2,19.9975,73.7898,Medium,10-06-2025
Pune,Hinjewadi,Cyber Crime,101,42633,Cloudy,85,8.66,9,18.5912,73.7389,Medium,26-05-2024
Nagpur,Sitabuldi,Robbery,156,167948,Cloudy,57,7.61,4,21.1458,79.0882,High,02-06-2024
Nagpur,Civil Lines,Fraud,221,97534,Cloudy,121,11.05,12,21.153,79.072,High,10-04-2025
Nashik,Gangapur Road,Robbery,214,128290,Cloudy,110,14.75,4,20.011,73.75,High,01-05-2024
Pune,Baner,Robbery,65,181926,Cloudy,37,7.21,12,18.559,73.7868,Low,19-02-2025
Nagpur,Shankar Nagar,Burglary,239,132903,Rainy,10,11.84,5,21.127,79.06,High,19-12-2025
Chhatrapati Sambhajinagar,Aurangpura,Burglary,237,135348,Sunny,11,4.41,6,19.8762,75.3433,High,28-01-2026
Pune,Shivaji Nagar,Theft,77,95397,Sunny,169,9.42,2,18.5308,73.8475,Medium,09-12-2025
Nashik,Nashik Road,Assault,115,100965,Cloudy,146,13.57,6,19.9975,73.7898,Medium,21-04-2024
Chhatrapati Sambhajinagar,CIDCO,Fraud,230,195656,Sunny,126,6.34,10,19.889,75.32,High,29-06-2025
Mumbai,Dadar,Assault,213,78315,Rainy,91,5.62,12,19.0178,72.8478,High,21-02-2026
Nashik,Gangapur Road,Cyber Crime,118,124864,Rainy,157,10.62,12,20.011,73.75,Medium,11-03-2025
Mumbai,Colaba,Burglary,100,119784,Sunny,120,14.67,2,18.9067,72.8147,Medium,13-07-2024
Chhatrapati Sambhajinagar,Osmanpura,Theft,81,183349,Cloudy,127,4.14,7,19.87,75.33,Medium,04-02-2024
Nagpur,Sitabuldi,Theft,69,149364,Foggy,110,9.08,9,21.1458,79.0882,Low,29-04-2026
Pune,Baner,Fraud,165,176512,Cloudy,13,13.92,9,18.559,73.7868,High,27-06-2025
Pune,Hinjewadi,Robbery,23,89568,Sunny,12,6.5,9,18.5912,73.7389,Low,27-01-2026
Mumbai,Powai,Robbery,182,171698,Cloudy,118,7.41,12,19.1176,72.906,High,08-08-2024
Nagpur,Sitabuldi,Theft,184,120956,Rainy,173,3.15,10,21.1458,79.0882,High,19-01-2025
Chhatrapati Sambhajinagar,CIDCO,Fraud,115,181516,Sunny,178,10.78,3,19.889,75.32,Medium,16-10-2025
Mumbai,Borivali,Theft,168,115031,Foggy,89,8.05,4,19.2307,72.8567,High,25-02-2024
Mumbai,Powai,Fraud,171,127487,Cloudy,73,7.5,5,19.1176,72.906,High,02-12-2025
Nashik,Gangapur Road,Theft,182,70737,Sunny,166,3.41,1,20.011,73.75,High,03-03-2026
Nagpur,Sitabuldi,Fraud,193,145985,Cloudy,193,11.61,5,21.1458,79.0882,High,31-08-2024
Nagpur,Sitabuldi,Fraud,41,63841,Rainy,79,11.92,3,21.1458,79.0882,Low,08-10-2024
Nagpur,Sadar,Assault,132,70159,Rainy,53,5.9,8,21.1642,79.0821,Medium,29-11-2025
Pune,Baner,Cyber Crime,191,63035,Rainy,146,4.23,6,18.559,73.7868,High,16-04-2026
Nagpur,Shankar Nagar,Fraud,76,99331,Sunny,111,10.84,2,21.127,79.06,Medium,31-12-2025
Chhatrapati Sambhajinagar,CIDCO,Robbery,64,159936,Sunny,46,9.66,9,19.889,75.32,Low,10-03-2024
Mumbai,Colaba,Robbery,11,42225,Foggy,77,13.37,3,18.9067,72.8147,Low,11-09-2025
Nashik,Gangapur Road,Cyber Crime,40,154499,Cloudy,161,13.09,8,20.011,73.75,Low,01-07-2024
Nagpur,Dharampeth,Robbery,155,86235,Foggy,147,3.06,3,21.129,79.0588,High,07-02-2026
Nagpur,Sitabuldi,Burglary,73,95347,Sunny,98,3.08,12,21.1458,79.0882,Low,24-01-2025
Pune,Kothrud,Cyber Crime,237,152530,Sunny,193,9.66,3,18.5074,73.8077,High,31-03-2024
Pune,Kothrud,Robbery,81,76486,Sunny,66,13.08,8,18.5074,73.8077,Medium,04-06-2026
Mumbai,Colaba,Cyber Crime,81,124994,Foggy,70,4.79,1,18.9067,72.8147,Medium,18-03-2026
Mumbai,Borivali,Cyber Crime,135,121646,Sunny,77,13.23,12,19.2307,72.8567,Medium,13-04-2025
Nashik,Nashik Road,Theft,182,178213,Rainy,82,3.92,8,19.9975,73.7898,High,29-01-2026
Chhatrapati Sambhajinagar,CIDCO,Robbery,12,168495,Sunny,109,14.82,4,19.889,75.32,Low,29-08-2024
Nashik,CIDCO,Fraud,177,107023,Sunny,112,8.94,7,19.9667,73.7667,High,20-08-2025
Chhatrapati Sambhajinagar,CIDCO,Robbery,229,72484,Sunny,118,10.85,9,19.889,75.32,High,09-06-2024
Nashik,Nashik Road,Burglary,149,136975,Rainy,90,6.56,2,19.9975,73.7898,Medium,26-07-2024
Mumbai,Bandra,Robbery,58,40435,Sunny,52,3.82,2,19.0596,72.8295,Low,14-01-2024
Mumbai,Dadar,Robbery,41,130312,Foggy,11,8.49,6,19.0178,72.8478,Low,10-04-2025
Nashik,Gangapur Road,Burglary,37,101545,Rainy,161,10.73,3,20.011,73.75,Low,29-12-2024
Nagpur,Sadar,Burglary,54,142643,Rainy,71,13.72,3,21.1642,79.0821,Low,14-08-2025
Chhatrapati Sambhajinagar,CIDCO,Theft,177,38473,Cloudy,99,9.97,7,19.889,75.32,High,14-05-2025
Pune,Wakad,Theft,219,115326,Sunny,23,11.61,12,18.5975,73.7637,High,24-09-2025
Nashik,Gangapur Road,Assault,57,140266,Sunny,19,7.8,8,20.011,73.75,Low,29-01-2025
Nagpur,Jaripatka,Cyber Crime,57,190449,Cloudy,96,7.65,6,21.1801,79.0955,Low,09-08-2024
Pune,Hadapsar,Theft,232,78179,Rainy,46,10.12,9,18.5089,73.9259,High,28-08-2025
Nashik,CIDCO,Fraud,128,181453,Cloudy,47,4.42,7,19.9667,73.7667,Medium,30-10-2025
Nagpur,Sitabuldi,Cyber Crime,154,96700,Cloudy,78,14.2,8,21.1458,79.0882,High,19-06-2024
Nagpur,Sitabuldi,Fraud,169,71117,Rainy,21,10.3,4,21.1458,79.0882,High,09-10-2025
Mumbai,Borivali,Cyber Crime,41,191667,Foggy,176,6.52,6,19.2307,72.8567,Low,09-05-2026
Chhatrapati Sambhajinagar,CIDCO,Burglary,108,29681,Cloudy,12,4.77,8,19.889,75.32,Medium,25-12-2024
Pune,Hadapsar,Assault,96,76617,Foggy,190,3.44,4,18.5089,73.9259,Medium,27-12-2024
Mumbai,Dadar,Cyber Crime,103,41106,Foggy,85,4.1,10,19.0178,72.8478,Medium,25-06-2024
Pune,Shivaji Nagar,Cyber Crime,130,84859,Foggy,27,4.5,7,18.5308,73.8475,Medium,12-01-2026
Mumbai,Bandra,Fraud,33,38208,Sunny,184,9.02,8,19.0596,72.8295,Low,30-03-2025
Nagpur,Lakadganj,Robbery,20,161418,Rainy,42,12.05,6,21.1505,79.1155,Low,08-06-2025
Chhatrapati Sambhajinagar,Osmanpura,Robbery,89,67815,Foggy,190,5.14,12,19.87,75.33,Medium,03-02-2026
Pune,Kothrud,Assault,241,83761,Foggy,163,6.5,4,18.5074,73.8077,High,10-06-2026
Nagpur,Civil Lines,Assault,32,178001,Rainy,10,3.45,4,21.153,79.072,Low,18-04-2024
Mumbai,Bandra,Theft,115,85584,Rainy,178,7.71,5,19.0596,72.8295,Medium,26-11-2025
Nashik,Nashik Road,Burglary,155,28418,Foggy,29,13.32,9,19.9975,73.7898,High,07-02-2026
Pune,Hinjewadi,Burglary,119,102872,Cloudy,80,9.43,8,18.5912,73.7389,Medium,05-03-2024
Chhatrapati Sambhajinagar,Aurangpura,Assault,168,34146,Foggy,30,7.07,1,19.8762,75.3433,High,21-11-2024
Chhatrapati Sambhajinagar,CIDCO,Cyber Crime,202,84985,Sunny,168,13.33,3,19.889,75.32,High,25-05-2026
Mumbai,Dadar,Fraud,20,122101,Foggy,162,2.87,9,19.0178,72.8478,Low,24-03-2026
Chhatrapati Sambhajinagar,Aurangpura,Robbery,224,75606,Sunny,22,7.31,11,19.8762,75.3433,High,02-10-2024
Nagpur,Lakadganj,Fraud,49,167413,Sunny,181,9.28,6,21.1505,79.1155,Low,19-08-2024
Mumbai,Borivali,Assault,223,86055,Foggy,132,12.95,9,19.2307,72.8567,High,18-06-2024
Mumbai,Bandra,Fraud,28,154999,Rainy,55,6.31,7,19.0596,72.8295,Low,17-09-2024
Nagpur,Sitabuldi,Assault,115,61350,Cloudy,135,3.2,9,21.1458,79.0882,Medium,06-12-2025
Mumbai,Powai,Robbery,102,78918,Sunny,53,10.85,4,19.1176,72.906,Medium,19-12-2025
Nashik,Nashik Road,Assault,35,91739,Cloudy,102,13.51,9,19.9975,73.7898,Low,26-03-2024
Mumbai,Bandra,Burglary,171,188771,Cloudy,174,14.3,1,19.0596,72.8295,High,06-08-2024
Mumbai,Borivali,Theft,189,167554,Foggy,83,6.36,6,19.2307,72.8567,High,02-11-2024
Chhatrapati Sambhajinagar,Aurangpura,Fraud,246,48245,Cloudy,118,10.18,10,19.8762,75.3433,High,22-05-2026
Pune,Shivaji Nagar,Cyber Crime,198,69181,Rainy,174,10.41,1,18.5308,73.8475,High,22-09-2024
Pune,Hadapsar,Cyber Crime,212,28095,Foggy,108,3.85,3,18.5089,73.9259,High,09-05-2024
Nagpur,Civil Lines,Robbery,55,110080,Cloudy,175,5.49,1,21.153,79.072,Low,01-04-2024
Nashik,CIDCO,Burglary,119,131506,Cloudy,162,11.87,10,19.9667,73.7667,Medium,25-03-2025
Nashik,Nashik Road,Burglary,100,62597,Sunny,154,12.74,5,19.9975,73.7898,Medium,26-03-2026
Mumbai,Dadar,Assault,111,93056,Sunny,180,9.58,12,19.0178,72.8478,Medium,13-01-2026
Chhatrapati Sambhajinagar,Osmanpura,Burglary,185,112654,Rainy,191,11.61,11,19.87,75.33,High,23-07-2024
Nashik,CIDCO,Assault,113,97678,Foggy,100,5.94,2,19.9667,73.7667,Medium,31-10-2025
Chhatrapati Sambhajinagar,Osmanpura,Burglary,129,137019,Sunny,92,13.76,2,19.87,75.33,Medium,21-08-2025
Chhatrapati Sambhajinagar,CIDCO,Cyber Crime,105,159065,Rainy,46,7.61,12,19.889,75.32,Medium,12-08-2025
Chhatrapati Sambhajinagar,Osmanpura,Burglary,104,67415,Foggy,83,14.32,11,19.87,75.33,Medium,03-10-2024
Nagpur,Shankar Nagar,Assault,91,144140,Foggy,89,12.67,7,21.127,79.06,Medium,05-10-2024
Nashik,Nashik Road,Assault,88,133445,Sunny,177,14.56,7,19.9975,73.7898,Medium,08-10-2025
Nashik,CIDCO,Theft,237,89742,Sunny,90,4.17,10,19.9667,73.7667,High,30-06-2024
Pune,Shivaji Nagar,Cyber Crime,85,62299,Sunny,158,9.71,6,18.5308,73.8475,Medium,23-06-2024
Pune,Kothrud,Robbery,247,42547,Sunny,17,5.75,12,18.5074,73.8077,High,03-08-2024
Mumbai,Powai,Cyber Crime,35,70040,Sunny,113,3.02,6,19.1176,72.906,Low,27-10-2025
Pune,Hadapsar,Assault,106,50734,Sunny,96,11.17,9,18.5089,73.9259,Medium,30-05-2025
Pune,Hadapsar,Burglary,37,89131,Cloudy,42,7.7,6,18.5089,73.9259,Low,14-09-2025
Mumbai,Colaba,Theft,89,41064,Foggy,204,5.5,12,18.9067,72.8147,Medium,06-12-2024
Chhatrapati Sambhajinagar,CIDCO,Theft,104,71891,Rainy,91,5.25,1,19.889,75.32,Medium,26-02-2024
Chhatrapati Sambhajinagar,Aurangpura,Fraud,134,194721,Foggy,36,3.15,4,19.8762,75.3433,Medium,26-02-2025
Nashik,CIDCO,Fraud,243,119524,Sunny,47,6.77,5,19.9667,73.7667,High,11-09-2025
Nashik,Gangapur Road,Burglary,20,51607,Sunny,35,2.64,7,20.011,73.75,Low,17-02-2025
Pune,Kothrud,Robbery,146,153675,Cloudy,19,14.54,8,18.5074,73.8077,Medium,22-03-2024
Nashik,Gangapur Road,Robbery,236,74250,Sunny,46,11.71,6,20.011,73.75,High,15-02-2024
Chhatrapati Sambhajinagar,Osmanpura,Assault,172,194711,Rainy,209,9.6,7,19.87,75.33,High,03-03-2025
Nashik,Nashik Road,Burglary,175,68772,Foggy,163,11.41,4,19.9975,73.7898,High,22-10-2025
Nashik,Gangapur Road,Fraud,148,80146,Cloudy,148,14.81,9,20.011,73.75,Medium,02-07-2024
Nagpur,Lakadganj,Robbery,100,179052,Cloudy,164,11.77,6,21.1505,79.1155,Medium,02-12-2024
Nashik,Nashik Road,Burglary,144,134324,Cloudy,100,3.84,9,19.9975,73.7898,Medium,05-06-2026
Pune,Wakad,Theft,157,95370,Sunny,134,10.86,8,18.5975,73.7637,High,22-04-2024
Nagpur,Shankar Nagar,Burglary,243,168072,Rainy,64,9.18,8,21.127,79.06,High,04-01-2025
Nashik,CIDCO,Burglary,132,178687,Foggy,26,9.14,5,19.9667,73.7667,Medium,05-03-2025
Nashik,Nashik Road,Cyber Crime,119,182828,Cloudy,71,13.94,4,19.9975,73.7898,Medium,11-01-2026
Chhatrapati Sambhajinagar,CIDCO,Fraud,39,143593,Cloudy,179,13.24,3,19.889,75.32,Low,03-10-2024
Pune,Wakad,Fraud,57,56149,Sunny,73,13.08,3,18.5975,73.7637,Low,24-01-2025
Nagpur,Sadar,Robbery,249,66480,Foggy,160,8.86,10,21.1642,79.0821,High,22-12-2025
Nagpur,Sadar,Fraud,83,198020,Sunny,106,5.96,11,21.1642,79.0821,Medium,27-03-2025
Pune,Baner,Theft,159,90461,Foggy,144,3.72,7,18.559,73.7868,High,24-03-2024
Chhatrapati Sambhajinagar,Aurangpura,Robbery,236,39913,Rainy,213,3.85,4,19.8762,75.3433,High,24-07-2025
Chhatrapati Sambhajinagar,Aurangpura,Robbery,76,95397,Sunny,10,11.41,5,19.8762,75.3433,Medium,04-10-2025
Pune,Baner,Cyber Crime,229,28041,Foggy,103,10.98,8,18.559,73.7868,High,15-03-2024
Nashik,Gangapur Road,Cyber Crime,171,28283,Foggy,15,11.25,6,20.011,73.75,High,28-01-2026
Nagpur,Dharampeth,Assault,125,116671,Foggy,46,12.42,4,21.129,79.0588,Medium,25-08-2025
Chhatrapati Sambhajinagar,Aurangpura,Cyber Crime,104,187989,Rainy,95,7.01,7,19.8762,75.3433,Medium,23-04-2026
Nagpur,Sadar,Burglary,106,40659,Rainy,186,12.05,10,21.1642,79.0821,Medium,12-07-2025
Mumbai,Andheri,Fraud,207,102259,Cloudy,30,4.63,3,19.1136,72.8697,High,15-08-2024
Nagpur,Lakadganj,Burglary,215,54546,Foggy,192,8.38,12,21.1505,79.1155,High,28-02-2024
Pune,Hinjewadi,Cyber Crime,200,89039,Rainy,24,9.63,4,18.5912,73.7389,High,04-06-2025
Pune,Wakad,Fraud,173,66467,Sunny,45,9.48,2,18.5975,73.7637,High,19-04-2025
Nagpur,Sadar,Fraud,98,43466,Cloudy,190,13,10,21.1642,79.0821,Medium,30-12-2025
Nagpur,Civil Lines,Assault,104,109913,Cloudy,49,5.57,4,21.153,79.072,Medium,30-03-2026
Chhatrapati Sambhajinagar,Aurangpura,Fraud,22,162186,Rainy,219,8.58,10,19.8762,75.3433,Low,13-02-2025
Nagpur,Sadar,Fraud,199,182502,Rainy,16,7.58,5,21.1642,79.0821,High,15-02-2025
Mumbai,Colaba,Burglary,129,188753,Rainy,137,4.79,12,18.9067,72.8147,Medium,08-01-2024
Pune,Hadapsar,Assault,157,177933,Sunny,6,12.74,3,18.5089,73.9259,High,07-10-2024
Nagpur,Dharampeth,Robbery,55,97286,Cloudy,92,8.01,5,21.129,79.0588,Low,31-07-2025
Nashik,CIDCO,Theft,74,29744,Cloudy,81,6.93,5,19.9667,73.7667,Low,06-12-2025
Mumbai,Andheri,Theft,11,38886,Foggy,101,11.21,4,19.1136,72.8697,Low,11-09-2024
Mumbai,Dadar,Cyber Crime,247,82970,Cloudy,117,14.34,8,19.0178,72.8478,High,24-08-2025
Pune,Kothrud,Burglary,22,30805,Foggy,205,4.28,6,18.5074,73.8077,Low,02-02-2026
Chhatrapati Sambhajinagar,Aurangpura,Burglary,69,78617,Cloudy,216,6.06,10,19.8762,75.3433,Low,17-05-2024
Nashik,Nashik Road,Robbery,230,80755,Rainy,195,12,4,19.9975,73.7898,High,13-05-2026
Nagpur,Lakadganj,Cyber Crime,40,183024,Sunny,51,13.23,4,21.1505,79.1155,Low,28-11-2024
Nashik,Nashik Road,Fraud,249,171969,Sunny,105,3.55,3,19.9975,73.7898,High,28-11-2024
Nagpur,Sadar,Cyber Crime,192,110218,Sunny,169,12.06,7,21.1642,79.0821,High,17-02-2025
Mumbai,Borivali,Assault,227,29482,Sunny,7,7.34,4,19.2307,72.8567,High,24-05-2025
Nagpur,Sitabuldi,Assault,155,101846,Cloudy,69,5.13,2,21.1458,79.0882,High,17-08-2024
Chhatrapati Sambhajinagar,CIDCO,Cyber Crime,37,160983,Cloudy,205,4.38,4,19.889,75.32,Low,18-02-2025
Nashik,CIDCO,Cyber Crime,134,142004,Foggy,53,5.37,1,19.9667,73.7667,Medium,18-05-2025
Mumbai,Andheri,Burglary,93,100484,Sunny,182,7.78,9,19.1136,72.8697,Medium,29-06-2025
Nagpur,Sadar,Burglary,57,103330,Foggy,25,11.32,5,21.1642,79.0821,Low,12-04-2025
Chhatrapati Sambhajinagar,CIDCO,Cyber Crime,113,30469,Foggy,26,14.5,5,19.889,75.32,Medium,14-09-2025
Chhatrapati Sambhajinagar,CIDCO,Cyber Crime,61,36556,Rainy,157,13.86,3,19.889,75.32,Low,27-09-2024
Nagpur,Jaripatka,Assault,125,44424,Sunny,99,6.28,5,21.1801,79.0955,Medium,16-06-2024
Pune,Wakad,Robbery,94,39509,Rainy,218,10.26,10,18.5975,73.7637,Medium,29-03-2026
Chhatrapati Sambhajinagar,CIDCO,Theft,235,91630,Foggy,110,8.57,11,19.889,75.32,High,05-03-2024
Nashik,Gangapur Road,Theft,182,30481,Foggy,37,5.04,8,20.011,73.75,High,24-03-2024
Chhatrapati Sambhajinagar,CIDCO,Robbery,86,192925,Sunny,69,6.5,10,19.889,75.32,Medium,18-08-2025
Mumbai,Borivali,Burglary,141,80089,Cloudy,60,12.35,4,19.2307,72.8567,Medium,17-03-2026
Nashik,CIDCO,Burglary,223,49891,Foggy,39,7.34,12,19.9667,73.7667,High,12-02-2024
Mumbai,Borivali,Cyber Crime,155,79630,Rainy,18,11.39,8,19.2307,72.8567,High,01-06-2025
Mumbai,Colaba,Assault,69,52051,Rainy,116,10.51,6,18.9067,72.8147,Low,08-09-2024
Nashik,Gangapur Road,Theft,115,63780,Sunny,133,8.6,10,20.011,73.75,Medium,19-11-2024
Mumbai,Dadar,Fraud,128,172954,Foggy,109,5.55,10,19.0178,72.8478,Medium,17-01-2026
Mumbai,Borivali,Burglary,108,30121,Cloudy,147,12.36,5,19.2307,72.8567,Medium,16-02-2025
Pune,Shivaji Nagar,Burglary,39,46868,Sunny,193,9.07,2,18.5308,73.8475,Low,17-05-2026
Mumbai,Bandra,Fraud,246,140665,Rainy,128,4.99,4,19.0596,72.8295,High,18-10-2024
Nashik,CIDCO,Robbery,169,71400,Cloudy,125,5.73,11,19.9667,73.7667,High,14-05-2026
Mumbai,Andheri,Burglary,35,108104,Foggy,160,4.17,2,19.1136,72.8697,Low,05-12-2024
Chhatrapati Sambhajinagar,Aurangpura,Robbery,144,82969,Sunny,60,10.41,9,19.8762,75.3433,Medium,17-07-2024
Mumbai,Andheri,Robbery,136,178981,Rainy,173,9.13,1,19.1136,72.8697,Medium,27-06-2025
Mumbai,Dadar,Theft,107,27713,Sunny,91,5.38,3,19.0178,72.8478,Medium,22-09-2025
Pune,Shivaji Nagar,Burglary,203,185490,Foggy,6,6.12,3,18.5308,73.8475,High,23-11-2024
Nashik,Nashik Road,Burglary,189,27151,Cloudy,112,2.12,11,19.9975,73.7898,High,27-10-2024
Nagpur,Dharampeth,Cyber Crime,46,127804,Rainy,16,7.51,11,21.129,79.0588,Low,09-07-2025
Nagpur,Civil Lines,Robbery,118,99148,Sunny,125,11.94,1,21.153,79.072,Medium,07-08-2025
Nashik,CIDCO,Fraud,28,182679,Cloudy,106,3.22,3,19.9667,73.7667,Low,12-07-2025
Nagpur,Civil Lines,Cyber Crime,88,172251,Sunny,153,5.31,6,21.153,79.072,Medium,27-12-2024
Nashik,CIDCO,Burglary,189,42562,Rainy,191,2,3,19.9667,73.7667,High,28-05-2025
Nashik,Nashik Road,Robbery,155,50298,Sunny,19,10.69,2,19.9975,73.7898,High,01-05-2024
Nashik,Nashik Road,Cyber Crime,243,27712,Foggy,84,7.04,1,19.9975,73.7898,High,16-02-2024
Nashik,CIDCO,Burglary,165,196018,Sunny,101,14.76,8,19.9667,73.7667,High,12-05-2025
Chhatrapati Sambhajinagar,CIDCO,Assault,226,90687,Sunny,33,4.72,8,19.889,75.32,High,17-01-2024
Pune,Hinjewadi,Theft,211,83762,Foggy,63,14.43,10,18.5912,73.7389,High,16-01-2026
Nashik,Nashik Road,Robbery,142,186953,Cloudy,142,2.07,8,19.9975,73.7898,Medium,11-08-2025
Nagpur,Dharampeth,Cyber Crime,128,70204,Foggy,143,7.66,8,21.129,79.0588,Medium,13-09-2024
Pune,Baner,Theft,95,136910,Foggy,48,7.36,3,18.559,73.7868,Medium,07-06-2026
Nashik,CIDCO,Robbery,184,127446,Cloudy,19,7.07,5,19.9667,73.7667,High,16-02-2024
Nagpur,Shankar Nagar,Assault,156,111809,Cloudy,55,10.37,7,21.127,79.06,High,30-04-2026
Mumbai,Andheri,Assault,224,134430,Cloudy,162,6.06,11,19.1136,72.8697,High,28-10-2025
Chhatrapati Sambhajinagar,Aurangpura,Cyber Crime,219,109874,Cloudy,168,5.58,4,19.8762,75.3433,High,12-05-2025
Mumbai,Bandra,Burglary,167,141011,Foggy,40,7.54,12,19.0596,72.8295,High,28-05-2025
Mumbai,Andheri,Robbery,244,62182,Rainy,77,9.79,9,19.1136,72.8697,High,23-03-2024
Mumbai,Bandra,Robbery,139,162759,Rainy,152,11.82,10,19.0596,72.8295,Medium,06-11-2024
Nashik,Gangapur Road,Fraud,112,187788,Sunny,186,14.19,8,20.011,73.75,Medium,07-09-2025
Pune,Hadapsar,Robbery,18,175347,Sunny,101,8.06,7,18.5089,73.9259,Low,10-02-2026
Mumbai,Colaba,Fraud,168,98628,Rainy,194,12.1,3,18.9067,72.8147,High,30-03-2026
Nashik,CIDCO,Robbery,143,198508,Cloudy,206,7.34,3,19.9667,73.7667,Medium,08-09-2025
Chhatrapati Sambhajinagar,Osmanpura,Theft,173,154706,Cloudy,179,4.83,7,19.87,75.33,High,05-01-2024
Chhatrapati Sambhajinagar,Aurangpura,Theft,149,53148,Cloudy,134,2.69,10,19.8762,75.3433,Medium,27-09-2025
Nagpur,Shankar Nagar,Theft,183,114529,Rainy,105,3.2,4,21.127,79.06,High,16-06-2026
Nagpur,Sadar,Burglary,238,52517,Rainy,200,11.24,1,21.1642,79.0821,High,05-08-2024
Nashik,CIDCO,Assault,150,114334,Foggy,48,11.18,9,19.9667,73.7667,Medium,07-07-2025
Nagpur,Lakadganj,Burglary,117,78023,Sunny,122,11.18,8,21.1505,79.1155,Medium,20-06-2025
Mumbai,Powai,Fraud,46,77200,Foggy,51,4.6,9,19.1176,72.906,Low,30-07-2025
Nagpur,Sitabuldi,Fraud,177,169238,Foggy,123,5.89,8,21.1458,79.0882,High,02-12-2024
Pune,Hadapsar,Burglary,220,76665,Cloudy,121,13.08,12,18.5089,73.9259,High,24-06-2024
Chhatrapati Sambhajinagar,Osmanpura,Assault,171,101667,Rainy,70,5.75,3,19.87,75.33,High,24-10-2024
Nagpur,Jaripatka,Assault,80,83826,Cloudy,175,13.17,9,21.1801,79.0955,Medium,28-12-2025
Chhatrapati Sambhajinagar,Osmanpura,Theft,24,80463,Sunny,88,7.18,2,19.87,75.33,Low,25-04-2026
Pune,Kothrud,Fraud,79,117350,Foggy,121,3.09,11,18.5074,73.8077,Medium,08-02-2024
Pune,Shivaji Nagar,Assault,117,92293,Sunny,58,9.81,11,18.5308,73.8475,Medium,16-01-2026
Pune,Baner,Burglary,243,68191,Foggy,57,5.76,7,18.559,73.7868,High,11-10-2025
Pune,Hinjewadi,Burglary,245,64586,Foggy,80,7.06,7,18.5912,73.7389,High,07-11-2025
Nashik,CIDCO,Assault,186,55871,Sunny,29,9.53,11,19.9667,73.7667,High,17-09-2024
Chhatrapati Sambhajinagar,Osmanpura,Assault,181,34160,Sunny,169,12.9,8,19.87,75.33,High,24-07-2024
Nashik,Gangapur Road,Cyber Crime,115,131853,Sunny,164,12.82,1,20.011,73.75,Medium,08-02-2026
Chhatrapati Sambhajinagar,CIDCO,Robbery,198,39405,Sunny,89,7.77,3,19.889,75.32,High,24-02-2024
Chhatrapati Sambhajinagar,CIDCO,Fraud,129,32575,Cloudy,19,3.04,5,19.889,75.32,Medium,20-03-2026
Pune,Shivaji Nagar,Robbery,189,37198,Rainy,185,2.44,10,18.5308,73.8475,High,10-07-2025
Chhatrapati Sambhajinagar,Aurangpura,Cyber Crime,178,84448,Sunny,210,6.61,8,19.8762,75.3433,High,11-01-2026
Mumbai,Borivali,Cyber Crime,242,185830,Cloudy,81,2.03,10,19.2307,72.8567,High,30-05-2026
Pune,Hinjewadi,Fraud,98,67460,Cloudy,204,11.95,12,18.5912,73.7389,Medium,18-02-2024
Nashik,CIDCO,Robbery,198,104751,Rainy,64,9.75,4,19.9667,73.7667,High,03-04-2025
Mumbai,Powai,Assault,28,188899,Foggy,111,10.98,5,19.1176,72.906,Low,31-03-2026
Chhatrapati Sambhajinagar,Osmanpura,Robbery,47,44741,Cloudy,131,10.64,8,19.87,75.33,Low,03-07-2025
Nagpur,Sitabuldi,Fraud,100,187374,Sunny,182,2.95,2,21.1458,79.0882,Medium,06-12-2024
Nashik,CIDCO,Burglary,81,144913,Foggy,159,2.64,8,19.9667,73.7667,Medium,27-01-2024
Nagpur,Jaripatka,Assault,128,154463,Sunny,117,5.6,3,21.1801,79.0955,Medium,10-11-2024
Nagpur,Jaripatka,Burglary,91,72305,Rainy,19,3.61,1,21.1801,79.0955,Medium,20-01-2026
Nagpur,Shankar Nagar,Theft,127,187437,Sunny,148,12.26,5,21.127,79.06,Medium,31-10-2024
Pune,Shivaji Nagar,Theft,202,97713,Foggy,27,7.64,1,18.5308,73.8475,High,13-01-2024
Mumbai,Bandra,Robbery,69,100485,Rainy,179,8.11,12,19.0596,72.8295,Low,02-02-2026
Chhatrapati Sambhajinagar,CIDCO,Theft,14,82582,Rainy,58,8.68,1,19.889,75.32,Low,19-06-2024
Chhatrapati Sambhajinagar,Osmanpura,Burglary,141,133510,Sunny,14,7.03,7,19.87,75.33,Medium,12-06-2024
Nagpur,Shankar Nagar,Burglary,78,83091,Foggy,52,10.96,4,21.127,79.06,Medium,11-07-2025
Mumbai,Bandra,Assault,70,30410,Rainy,73,4.91,1,19.0596,72.8295,Low,01-11-2025
Chhatrapati Sambhajinagar,Aurangpura,Fraud,132,154216,Rainy,119,3.25,7,19.8762,75.3433,Medium,25-03-2026
Chhatrapati Sambhajinagar,Aurangpura,Fraud,53,197756,Foggy,108,2.52,12,19.8762,75.3433,Low,13-11-2025
Mumbai,Andheri,Theft,42,119590,Cloudy,147,11.02,6,19.1136,72.8697,Low,04-04-2026
Mumbai,Andheri,Burglary,38,143148,Sunny,179,7.3,8,19.1136,72.8697,Low,24-02-2024
Chhatrapati Sambhajinagar,Osmanpura,Assault,10,137284,Cloudy,111,9.69,2,19.87,75.33,Low,19-11-2024
Chhatrapati Sambhajinagar,CIDCO,Assault,162,99804,Foggy,155,11.34,4,19.889,75.32,High,23-04-2026
Mumbai,Andheri,Assault,12,163954,Cloudy,95,6.27,9,19.1136,72.8697,Low,23-04-2024
Chhatrapati Sambhajinagar,Aurangpura,Cyber Crime,202,57084,Rainy,117,5.68,7,19.8762,75.3433,High,23-01-2025
Nagpur,Sitabuldi,Cyber Crime,121,149521,Sunny,71,11.44,10,21.1458,79.0882,Medium,29-06-2025
Chhatrapati Sambhajinagar,Aurangpura,Assault,33,178838,Rainy,60,11.25,8,19.8762,75.3433,Low,22-09-2024
Mumbai,Dadar,Assault,201,108034,Sunny,220,12.83,5,19.0178,72.8478,High,30-05-2025
Nagpur,Civil Lines,Burglary,192,56619,Cloudy,55,9.54,10,21.153,79.072,High,24-08-2024
Nagpur,Lakadganj,Robbery,102,198782,Foggy,209,2.8,10,21.1505,79.1155,Medium,24-11-2025
Mumbai,Powai,Cyber Crime,216,134277,Sunny,168,11.47,6,19.1176,72.906,High,06-10-2025
Mumbai,Colaba,Fraud,141,168673,Sunny,164,14.58,2,18.9067,72.8147,Medium,25-01-2026
Mumbai,Colaba,Burglary,20,179606,Sunny,98,5.61,1,18.9067,72.8147,Low,05-10-2025
Nashik,Nashik Road,Cyber Crime,246,69125,Rainy,162,3.42,3,19.9975,73.7898,High,06-01-2025
Nagpur,Civil Lines,Fraud,26,142907,Foggy,123,3.88,10,21.153,79.072,Low,26-09-2025
Mumbai,Andheri,Assault,130,69399,Rainy,100,14.25,8,19.1136,72.8697,Medium,19-06-2026
Mumbai,Colaba,Cyber Crime,17,29098,Rainy,121,11.48,10,18.9067,72.8147,Low,13-06-2026
Mumbai,Colaba,Robbery,240,196826,Cloudy,101,8.47,10,18.9067,72.8147,High,26-02-2026
Chhatrapati Sambhajinagar,Osmanpura,Theft,197,115597,Sunny,154,11.09,7,19.87,75.33,High,15-11-2024
Pune,Shivaji Nagar,Robbery,155,55453,Sunny,153,11.5,11,18.5308,73.8475,High,20-07-2025
Pune,Wakad,Robbery,174,112689,Cloudy,151,3.38,9,18.5975,73.7637,High,03-08-2025
Nagpur,Jaripatka,Theft,66,149909,Foggy,197,7.1,3,21.1801,79.0955,Low,06-04-2026
Nagpur,Lakadganj,Robbery,157,55944,Foggy,39,14.58,3,21.1505,79.1155,High,17-01-2026
Nashik,Gangapur Road,Theft,232,83284,Cloudy,11,11.21,11,20.011,73.75,High,21-11-2024
Mumbai,Powai,Cyber Crime,72,88769,Cloudy,176,3.06,6,19.1176,72.906,Low,16-04-2025
Nashik,Gangapur Road,Robbery,223,161945,Foggy,149,14.87,9,20.011,73.75,High,03-01-2024
Nagpur,Lakadganj,Robbery,105,146536,Sunny,61,10.34,3,21.1505,79.1155,Medium,26-10-2025
Nagpur,Lakadganj,Theft,137,36227,Cloudy,164,7.55,9,21.1505,79.1155,Medium,18-06-2026
Nagpur,Dharampeth,Theft,50,96292,Foggy,83,12.13,4,21.129,79.0588,Low,26-07-2025
Chhatrapati Sambhajinagar,CIDCO,Burglary,49,156868,Foggy,26,9.29,2,19.889,75.32,Low,09-03-2026
Nagpur,Civil Lines,Assault,203,56161,Rainy,34,13.22,10,21.153,79.072,High,13-06-2026
Pune,Kothrud,Cyber Crime,222,56360,Cloudy,169,3.71,5,18.5074,73.8077,High,13-10-2025
Nashik,Nashik Road,Cyber Crime,147,38639,Sunny,93,14.81,8,19.9975,73.7898,Medium,03-09-2025
Chhatrapati Sambhajinagar,Osmanpura,Cyber Crime,78,77498,Sunny,37,3.6,4,19.87,75.33,Medium,21-04-2024
Pune,Shivaji Nagar,Cyber Crime,100,133529,Rainy,97,12.23,4,18.5308,73.8475,Medium,21-04-2024
Mumbai,Andheri,Burglary,241,176657,Cloudy,209,7.08,4,19.1136,72.8697,High,16-04-2024
Mumbai,Dadar,Theft,39,117635,Cloudy,78,3.88,10,19.0178,72.8478,Low,18-11-2025
Pune,Hinjewadi,Burglary,191,109092,Sunny,27,8.65,11,18.5912,73.7389,High,27-05-2025
Nagpur,Sadar,Cyber Crime,35,158167,Cloudy,24,9.86,2,21.1642,79.0821,Low,04-06-2026
Nagpur,Jaripatka,Theft,19,167531,Rainy,168,11.18,2,21.1801,79.0955,Low,14-03-2026
Mumbai,Dadar,Fraud,208,83832,Rainy,219,6.83,4,19.0178,72.8478,High,26-03-2025
Nagpur,Shankar Nagar,Fraud,139,157412,Foggy,189,4.56,11,21.127,79.06,Medium,22-06-2025
Chhatrapati Sambhajinagar,CIDCO,Fraud,96,176849,Rainy,89,12.43,8,19.889,75.32,Medium,24-11-2025
Chhatrapati Sambhajinagar,Osmanpura,Robbery,225,177527,Rainy,79,12.95,9,19.87,75.33,High,28-11-2024
Nagpur,Dharampeth,Fraud,126,94153,Rainy,206,9.9,3,21.129,79.0588,Medium,29-03-2025
Nagpur,Jaripatka,Theft,20,142929,Rainy,47,11.31,2,21.1801,79.0955,Low,23-01-2024
Mumbai,Dadar,Cyber Crime,138,56636,Foggy,71,10.73,3,19.0178,72.8478,Medium,21-10-2025
Chhatrapati Sambhajinagar,CIDCO,Theft,245,95670,Rainy,47,4.84,6,19.889,75.32,High,15-03-2024
Chhatrapati Sambhajinagar,Osmanpura,Theft,227,25869,Cloudy,18,11.54,4,19.87,75.33,High,28-02-2026
Pune,Hadapsar,Burglary,233,28398,Foggy,23,13.63,10,18.5089,73.9259,High,06-03-2026
Mumbai,Dadar,Burglary,78,73706,Sunny,169,2.45,2,19.0178,72.8478,Medium,23-03-2025
Chhatrapati Sambhajinagar,Osmanpura,Robbery,39,52340,Rainy,126,2.24,5,19.87,75.33,Low,23-03-2026
Nagpur,Sitabuldi,Fraud,95,108416,Sunny,118,5.02,3,21.1458,79.0882,Medium,25-01-2024
Pune,Shivaji Nagar,Robbery,153,71522,Sunny,11,2.4,7,18.5308,73.8475,High,01-04-2025
Chhatrapati Sambhajinagar,Aurangpura,Cyber Crime,96,37510,Foggy,196,10.62,12,19.8762,75.3433,Medium,24-08-2024
Nashik,CIDCO,Burglary,105,90547,Cloudy,117,3.85,10,19.9667,73.7667,Medium,03-06-2025
Nashik,CIDCO,Robbery,226,129303,Sunny,36,3.38,11,19.9667,73.7667,High,21-05-2024
Pune,Shivaji Nagar,Theft,196,188348,Rainy,13,5.86,12,18.5308,73.8475,High,24-11-2024
Nashik,Nashik Road,Robbery,127,154651,Foggy,68,11.16,2,19.9975,73.7898,Medium,06-09-2024
Nashik,CIDCO,Fraud,167,38341,Cloudy,45,2.85,7,19.9667,73.7667,High,15-05-2024
Mumbai,Borivali,Fraud,22,102148,Sunny,192,3.99,3,19.2307,72.8567,Low,15-01-2024
Chhatrapati Sambhajinagar,CIDCO,Cyber Crime,209,186094,Foggy,72,12.51,8,19.889,75.32,High,14-04-2025
Nagpur,Dharampeth,Assault,247,149551,Cloudy,153,7.44,3,21.129,79.0588,High,14-05-2024
Pune,Hadapsar,Cyber Crime,70,158358,Rainy,128,6.81,8,18.5089,73.9259,Low,10-01-2024
Pune,Hinjewadi,Assault,154,124400,Rainy,144,8.36,3,18.5912,73.7389,High,23-05-2024
Mumbai,Powai,Assault,93,137261,Sunny,27,3.25,12,19.1176,72.906,Medium,08-07-2024
Pune,Hinjewadi,Burglary,221,39205,Foggy,133,11.13,12,18.5912,73.7389,High,20-11-2024
Chhatrapati Sambhajinagar,Osmanpura,Burglary,104,84034,Cloudy,218,8.08,7,19.87,75.33,Medium,03-02-2025
Chhatrapati Sambhajinagar,Osmanpura,Burglary,143,116779,Foggy,60,3.34,12,19.87,75.33,Medium,15-12-2024
Nashik,Nashik Road,Robbery,91,59324,Rainy,18,12.64,4,19.9975,73.7898,Medium,02-08-2024
Pune,Wakad,Robbery,250,83612,Foggy,38,9.34,1,18.5975,73.7637,High,03-08-2025
Mumbai,Powai,Fraud,26,142898,Foggy,205,2.48,9,19.1176,72.906,Low,14-12-2025
Mumbai,Dadar,Fraud,205,177288,Sunny,188,5.55,7,19.0178,72.8478,High,18-11-2025
Mumbai,Bandra,Cyber Crime,126,32507,Rainy,67,3.15,9,19.0596,72.8295,Medium,14-05-2026
Pune,Wakad,Theft,28,98432,Sunny,85,3.58,3,18.5975,73.7637,Low,31-07-2025
Nashik,Gangapur Road,Robbery,157,37238,Foggy,7,7.17,10,20.011,73.75,High,17-07-2024
Pune,Hinjewadi,Burglary,249,143711,Sunny,118,5.7,4,18.5912,73.7389,High,04-02-2026
Chhatrapati Sambhajinagar,Osmanpura,Assault,29,61723,Rainy,109,5.54,4,19.87,75.33,Low,14-02-2024
Chhatrapati Sambhajinagar,Osmanpura,Assault,40,107269,Rainy,92,13.25,11,19.87,75.33,Low,27-03-2026
Mumbai,Andheri,Cyber Crime,152,67693,Cloudy,191,7.51,10,19.1136,72.8697,High,28-11-2024
Nashik,CIDCO,Fraud,123,135906,Rainy,63,12.54,6,19.9667,73.7667,Medium,10-03-2026
Pune,Wakad,Assault,119,56713,Foggy,17,14.86,1,18.5975,73.7637,Medium,03-04-2024
Nagpur,Civil Lines,Fraud,97,91476,Cloudy,6,7.5,4,21.153,79.072,Medium,21-10-2025
Nashik,CIDCO,Cyber Crime,244,169301,Foggy,206,9.16,10,19.9667,73.7667,High,25-01-2024
Chhatrapati Sambhajinagar,CIDCO,Cyber Crime,29,178916,Sunny,160,14.77,11,19.889,75.32,Low,07-01-2024
Nashik,CIDCO,Assault,237,150569,Sunny,76,5.89,4,19.9667,73.7667,High,22-07-2024
Nagpur,Sadar,Robbery,118,71843,Rainy,167,10.69,2,21.1642,79.0821,Medium,25-05-2025
Mumbai,Dadar,Cyber Crime,25,46662,Sunny,97,9.41,8,19.0178,72.8478,Low,07-06-2026
Mumbai,Dadar,Fraud,98,46122,Sunny,180,14.72,3,19.0178,72.8478,Medium,18-06-2025
Chhatrapati Sambhajinagar,Aurangpura,Fraud,93,153115,Rainy,7,5.48,2,19.8762,75.3433,Medium,18-06-2026
Mumbai,Colaba,Robbery,38,102794,Rainy,189,4.68,6,18.9067,72.8147,Low,28-04-2025
Pune,Baner,Theft,48,118672,Cloudy,41,13.38,4,18.559,73.7868,Low,03-02-2025
Chhatrapati Sambhajinagar,Osmanpura,Burglary,173,198070,Sunny,175,10.45,5,19.87,75.33,High,07-06-2026
Pune,Kothrud,Burglary,245,32480,Rainy,73,13.78,9,18.5074,73.8077,High,01-04-2025
Pune,Wakad,Fraud,195,92538,Rainy,108,12.63,12,18.5975,73.7637,High,26-03-2025
Mumbai,Colaba,Cyber Crime,238,163035,Cloudy,176,13.56,9,18.9067,72.8147,High,06-10-2024
Mumbai,Dadar,Assault,11,76248,Foggy,208,12.07,6,19.0178,72.8478,Low,17-12-2025
Nagpur,Sitabuldi,Robbery,155,127555,Sunny,150,11.78,1,21.1458,79.0882,High,21-04-2025
Mumbai,Andheri,Cyber Crime,119,96305,Sunny,129,8.52,9,19.1136,72.8697,Medium,04-03-2024
Nagpur,Dharampeth,Assault,118,180930,Cloudy,209,13.68,11,21.129,79.0588,Medium,05-02-2025
Pune,Kothrud,Cyber Crime,200,77971,Rainy,124,14.25,5,18.5074,73.8077,High,10-12-2024
Chhatrapati Sambhajinagar,Osmanpura,Fraud,243,146552,Sunny,56,10.23,12,19.87,75.33,High,15-07-2025
Mumbai,Bandra,Fraud,240,73483,Foggy,102,5.55,11,19.0596,72.8295,High,02-05-2024
Pune,Baner,Cyber Crime,174,116389,Cloudy,85,5.93,4,18.559,73.7868,High,13-01-2026
Nagpur,Jaripatka,Cyber Crime,147,102905,Foggy,63,14.42,10,21.1801,79.0955,Medium,28-08-2024
Pune,Shivaji Nagar,Robbery,158,87029,Foggy,153,5.33,6,18.5308,73.8475,High,14-05-2026
Chhatrapati Sambhajinagar,CIDCO,Assault,187,154317,Sunny,111,8.45,2,19.889,75.32,High,03-06-2025
Nashik,CIDCO,Assault,47,97444,Foggy,160,3.71,4,19.9667,73.7667,Low,25-01-2024
Chhatrapati Sambhajinagar,Osmanpura,Fraud,123,97570,Rainy,35,11.11,12,19.87,75.33,Medium,23-11-2025
Nashik,Nashik Road,Fraud,75,194743,Rainy,99,10.47,3,19.9975,73.7898,Low,12-01-2025
Nashik,Nashik Road,Assault,91,190819,Rainy,50,2.93,12,19.9975,73.7898,Medium,07-12-2024
Nashik,Gangapur Road,Cyber Crime,177,26852,Rainy,89,7.9,5,20.011,73.75,High,10-03-2026
Nagpur,Lakadganj,Theft,154,86325,Foggy,141,9.76,12,21.1505,79.1155,High,11-10-2024
Nashik,Nashik Road,Burglary,109,134973,Rainy,195,4.11,5,19.9975,73.7898,Medium,24-10-2025
Nagpur,Sitabuldi,Assault,227,174477,Sunny,113,12.89,9,21.1458,79.0882,High,29-11-2025
Nashik,Nashik Road,Fraud,102,78771,Rainy,150,11.28,12,19.9975,73.7898,Medium,23-03-2025
Pune,Baner,Fraud,213,98585,Rainy,198,11.16,9,18.559,73.7868,High,05-10-2025
Pune,Hadapsar,Assault,120,151049,Sunny,93,8.6,11,18.5089,73.9259,Medium,21-08-2025
Mumbai,Powai,Cyber Crime,222,73511,Sunny,207,11.16,7,19.1176,72.906,High,08-03-2026
Nagpur,Shankar Nagar,Theft,83,131087,Cloudy,153,8.23,6,21.127,79.06,Medium,19-10-2025
Mumbai,Bandra,Cyber Crime,218,73976,Rainy,72,12.92,5,19.0596,72.8295,High,16-10-2025
Mumbai,Powai,Burglary,27,177988,Foggy,47,12.06,5,19.1176,72.906,Low,19-01-2025
Chhatrapati Sambhajinagar,CIDCO,Assault,211,46953,Foggy,219,5.77,5,19.889,75.32,High,14-02-2025
Chhatrapati Sambhajinagar,Osmanpura,Fraud,195,74373,Rainy,150,2.64,9,19.87,75.33,High,21-02-2026
Nagpur,Sadar,Cyber Crime,191,177465,Foggy,8,14.91,12,21.1642,79.0821,High,02-01-2025
Mumbai,Dadar,Cyber Crime,62,55555,Foggy,105,11.65,2,19.0178,72.8478,Low,16-04-2025
Nashik,Gangapur Road,Assault,42,96482,Foggy,208,10.08,10,20.011,73.75,Low,03-04-2025
Nashik,Gangapur Road,Cyber Crime,233,47379,Foggy,214,6.85,4,20.011,73.75,High,21-02-2024
Mumbai,Andheri,Assault,248,54374,Foggy,168,5.69,2,19.1136,72.8697,High,12-09-2024
Pune,Wakad,Fraud,99,162816,Cloudy,63,11.12,11,18.5975,73.7637,Medium,05-09-2024
Nashik,Nashik Road,Cyber Crime,129,197237,Rainy,77,11.97,10,19.9975,73.7898,Medium,16-04-2025
Chhatrapati Sambhajinagar,Aurangpura,Robbery,104,73622,Sunny,198,7.61,7,19.8762,75.3433,Medium,04-05-2026
Chhatrapati Sambhajinagar,CIDCO,Theft,122,66828,Rainy,10,13.31,12,19.889,75.32,Medium,05-08-2024
Nashik,Nashik Road,Fraud,93,99133,Cloudy,199,12.66,12,19.9975,73.7898,Medium,09-03-2026
Chhatrapati Sambhajinagar,Osmanpura,Fraud,160,53688,Cloudy,116,5.86,8,19.87,75.33,High,28-06-2025
Mumbai,Powai,Cyber Crime,67,115905,Foggy,145,6.42,1,19.1176,72.906,Low,06-07-2024
Chhatrapati Sambhajinagar,Aurangpura,Theft,144,156781,Sunny,28,9.57,11,19.8762,75.3433,Medium,01-01-2025
Mumbai,Colaba,Robbery,209,122548,Rainy,60,2.2,3,18.9067,72.8147,High,19-08-2025
Pune,Shivaji Nagar,Burglary,145,189055,Cloudy,175,4.57,8,18.5308,73.8475,Medium,22-07-2024
Nagpur,Lakadganj,Fraud,157,102229,Rainy,127,7.15,1,21.1505,79.1155,High,28-03-2024
Nashik,Gangapur Road,Assault,104,157435,Cloudy,51,7.54,11,20.011,73.75,Medium,06-01-2025
Chhatrapati Sambhajinagar,CIDCO,Robbery,215,161572,Foggy,220,3.91,6,19.889,75.32,High,02-07-2024
Chhatrapati Sambhajinagar,Osmanpura,Theft,162,101285,Cloudy,9,4.54,2,19.87,75.33,High,25-07-2025
Nagpur,Dharampeth,Cyber Crime,142,104088,Sunny,12,14.95,9,21.129,79.0588,Medium,13-05-2025
Pune,Hinjewadi,Theft,59,102356,Rainy,157,7.18,9,18.5912,73.7389,Low,11-12-2024
Nagpur,Sadar,Assault,223,92206,Foggy,212,8.58,4,21.1642,79.0821,High,27-08-2024
Pune,Hadapsar,Cyber Crime,64,188195,Sunny,19,14.77,8,18.5089,73.9259,Low,20-02-2026
Nashik,Nashik Road,Cyber Crime,250,124231,Cloudy,44,7.96,6,19.9975,73.7898,High,28-11-2025
Chhatrapati Sambhajinagar,Aurangpura,Assault,31,39910,Foggy,60,9.64,3,19.8762,75.3433,Low,24-10-2024
Nagpur,Shankar Nagar,Theft,233,162622,Foggy,46,3.88,3,21.127,79.06,High,15-03-2025
Nashik,Nashik Road,Robbery,120,33387,Sunny,142,9.36,12,19.9975,73.7898,Medium,14-03-2025
Nashik,CIDCO,Burglary,164,57142,Cloudy,146,10.35,6,19.9667,73.7667,High,14-06-2025
Nagpur,Sitabuldi,Assault,109,26367,Cloudy,108,9.17,10,21.1458,79.0882,Medium,27-11-2025
Mumbai,Colaba,Burglary,208,176242,Cloudy,46,2.89,5,18.9067,72.8147,High,30-07-2024
Chhatrapati Sambhajinagar,CIDCO,Burglary,194,125765,Cloudy,179,3.86,10,19.889,75.32,High,25-04-2025
Nashik,Gangapur Road,Assault,174,85005,Cloudy,31,7.61,3,20.011,73.75,High,31-12-2025
Chhatrapati Sambhajinagar,Aurangpura,Assault,176,141891,Foggy,43,12.68,12,19.8762,75.3433,High,15-03-2026
Nashik,Gangapur Road,Theft,113,112705,Cloudy,168,7.9,7,20.011,73.75,Medium,14-07-2024
Mumbai,Dadar,Fraud,139,171494,Rainy,45,12.18,7,19.0178,72.8478,Medium,02-08-2024
Nashik,Gangapur Road,Assault,116,87927,Sunny,133,11.45,3,20.011,73.75,Medium,06-08-2025
Pune,Kothrud,Theft,63,55948,Foggy,138,11.27,2,18.5074,73.8077,Low,05-06-2026
Nagpur,Jaripatka,Assault,77,126516,Rainy,7,10.78,11,21.1801,79.0955,Medium,26-01-2026
Nashik,Gangapur Road,Robbery,201,152277,Foggy,135,7.77,8,20.011,73.75,High,23-03-2024
Nashik,Nashik Road,Burglary,77,63125,Sunny,78,7.65,7,19.9975,73.7898,Medium,22-02-2026
Mumbai,Dadar,Cyber Crime,116,88064,Cloudy,74,5.12,2,19.0178,72.8478,Medium,04-05-2024
Nagpur,Jaripatka,Robbery,58,191013,Cloudy,116,7.49,4,21.1801,79.0955,Low,15-01-2025
Pune,Hinjewadi,Burglary,224,132245,Rainy,182,6.71,3,18.5912,73.7389,High,12-10-2025
Chhatrapati Sambhajinagar,CIDCO,Assault,52,162522,Rainy,127,11.59,10,19.889,75.32,Low,15-06-2025
Nagpur,Civil Lines,Assault,15,124904,Cloudy,214,10.28,7,21.153,79.072,Low,15-11-2025
Nashik,Nashik Road,Cyber Crime,196,186409,Rainy,76,6.52,5,19.9975,73.7898,High,07-06-2025
Nashik,Nashik Road,Theft,202,128950,Rainy,36,11.42,2,19.9975,73.7898,High,01-02-2025
Mumbai,Borivali,Cyber Crime,198,55647,Cloudy,181,12.94,8,19.2307,72.8567,High,14-08-2024
Nagpur,Civil Lines,Burglary,165,190329,Sunny,56,7.91,5,21.153,79.072,High,05-09-2024
Mumbai,Andheri,Fraud,120,153088,Cloudy,74,3.95,12,19.1136,72.8697,Medium,29-02-2024
Nagpur,Sitabuldi,Robbery,92,27807,Rainy,87,10.5,8,21.1458,79.0882,Medium,15-12-2024
Chhatrapati Sambhajinagar,Osmanpura,Burglary,152,118121,Foggy,212,4.95,6,19.87,75.33,High,19-07-2025
Pune,Baner,Assault,100,81108,Rainy,62,10.88,8,18.559,73.7868,Medium,30-05-2025
Chhatrapati Sambhajinagar,CIDCO,Robbery,168,111025,Cloudy,193,4.37,10,19.889,75.32,High,15-06-2026
Chhatrapati Sambhajinagar,CIDCO,Burglary,119,155879,Sunny,211,6.27,9,19.889,75.32,Medium,19-11-2025
Nashik,Nashik Road,Assault,152,87093,Sunny,48,3.9,8,19.9975,73.7898,High,08-07-2024
Pune,Wakad,Assault,249,85586,Sunny,39,2.22,2,18.5975,73.7637,High,11-08-2024
Chhatrapati Sambhajinagar,Osmanpura,Robbery,158,148863,Sunny,15,13.28,5,19.87,75.33,High,03-06-2026
Mumbai,Powai,Theft,26,33595,Sunny,159,4.21,3,19.1176,72.906,Low,28-02-2024
Mumbai,Powai,Assault,37,156094,Foggy,153,11.95,10,19.1176,72.906,Low,14-03-2025
Mumbai,Borivali,Cyber Crime,68,75271,Sunny,36,5.02,7,19.2307,72.8567,Low,23-11-2024
Nagpur,Civil Lines,Theft,102,30257,Sunny,111,6.51,3,21.153,79.072,Medium,14-10-2025
Nagpur,Shankar Nagar,Fraud,124,72046,Foggy,137,7.46,2,21.127,79.06,Medium,04-01-2024
Chhatrapati Sambhajinagar,CIDCO,Burglary,163,49992,Sunny,220,8.34,9,19.889,75.32,High,23-06-2024
Chhatrapati Sambhajinagar,CIDCO,Assault,38,56540,Foggy,30,5.78,7,19.889,75.32,Low,15-05-2024
Pune,Baner,Theft,191,169380,Foggy,6,7.81,9,18.559,73.7868,High,01-04-2025
Pune,Shivaji Nagar,Theft,156,125817,Rainy,48,14.45,4,18.5308,73.8475,High,30-07-2025
Nashik,Nashik Road,Burglary,85,155900,Cloudy,154,9.19,11,19.9975,73.7898,Medium,21-01-2024
Mumbai,Borivali,Robbery,163,128825,Rainy,197,8.93,4,19.2307,72.8567,High,23-05-2025
Chhatrapati Sambhajinagar,Osmanpura,Cyber Crime,148,122480,Cloudy,180,3.37,12,19.87,75.33,Medium,19-05-2026
Chhatrapati Sambhajinagar,Osmanpura,Fraud,245,141648,Cloudy,111,11.25,1,19.87,75.33,High,12-05-2026
Chhatrapati Sambhajinagar,Osmanpura,Fraud,43,33187,Rainy,130,13.89,9,19.87,75.33,Low,21-10-2024
Nagpur,Lakadganj,Assault,198,37686,Rainy,215,14.13,4,21.1505,79.1155,High,01-03-2025
Pune,Shivaji Nagar,Burglary,20,152545,Foggy,170,5.83,9,18.5308,73.8475,Low,04-12-2025
Mumbai,Dadar,Theft,220,122566,Foggy,52,7.55,3,19.0178,72.8478,High,02-12-2025
Chhatrapati Sambhajinagar,Aurangpura,Assault,54,107620,Rainy,28,3.17,6,19.8762,75.3433,Low,26-12-2025
Chhatrapati Sambhajinagar,CIDCO,Fraud,76,162010,Rainy,169,8.78,6,19.889,75.32,Medium,01-05-2024
Chhatrapati Sambhajinagar,Osmanpura,Burglary,143,54826,Cloudy,81,7.36,7,19.87,75.33,Medium,11-05-2024
Nashik,Gangapur Road,Burglary,148,61610,Cloudy,93,4.79,10,20.011,73.75,Medium,01-08-2025
Mumbai,Borivali,Theft,26,181908,Sunny,56,2.33,12,19.2307,72.8567,Low,08-03-2025
Chhatrapati Sambhajinagar,CIDCO,Robbery,35,70216,Foggy,21,5.13,3,19.889,75.32,Low,21-02-2024
Chhatrapati Sambhajinagar,Osmanpura,Fraud,135,153487,Rainy,117,10.45,9,19.87,75.33,Medium,03-03-2024
Mumbai,Borivali,Robbery,99,74369,Foggy,125,4.22,2,19.2307,72.8567,Medium,10-01-2026
Chhatrapati Sambhajinagar,Osmanpura,Assault,178,128968,Sunny,204,8.28,5,19.87,75.33,High,22-01-2024
Pune,Shivaji Nagar,Assault,17,72895,Rainy,180,14.98,10,18.5308,73.8475,Low,06-01-2026
Pune,Hinjewadi,Robbery,116,87788,Cloudy,67,12.26,4,18.5912,73.7389,Medium,05-09-2024
Mumbai,Powai,Assault,107,143739,Foggy,117,4.82,3,19.1176,72.906,Medium,04-02-2024
Pune,Baner,Assault,18,89848,Foggy,51,13.15,8,18.559,73.7868,Low,13-06-2026
Chhatrapati Sambhajinagar,CIDCO,Burglary,246,54390,Foggy,68,5.22,5,19.889,75.32,High,19-02-2026
Nagpur,Jaripatka,Burglary,175,139500,Sunny,135,12.39,5,21.1801,79.0955,High,09-03-2025
Nashik,Gangapur Road,Fraud,175,72790,Cloudy,125,4.05,12,20.011,73.75,High,19-04-2026
Chhatrapati Sambhajinagar,CIDCO,Theft,70,83736,Foggy,178,5.62,12,19.889,75.32,Low,08-01-2025
Pune,Hinjewadi,Assault,188,139427,Sunny,199,6.67,10,18.5912,73.7389,High,15-05-2024
Nagpur,Dharampeth,Robbery,131,77479,Rainy,34,4.45,9,21.129,79.0588,Medium,24-08-2024
Nagpur,Jaripatka,Theft,45,165860,Sunny,150,7.15,6,21.1801,79.0955,Low,13-12-2025
Chhatrapati Sambhajinagar,Osmanpura,Cyber Crime,209,102083,Rainy,165,4.69,7,19.87,75.33,High,23-12-2025
Nagpur,Dharampeth,Assault,19,165951,Sunny,191,3.42,5,21.129,79.0588,Low,14-12-2024
Chhatrapati Sambhajinagar,Aurangpura,Cyber Crime,215,183912,Foggy,205,7.36,5,19.8762,75.3433,High,24-02-2024
Nashik,CIDCO,Cyber Crime,15,167380,Cloudy,208,5.38,3,19.9667,73.7667,Low,18-08-2024
Nashik,Gangapur Road,Burglary,227,85813,Foggy,155,4.73,6,20.011,73.75,High,11-06-2025
Pune,Hinjewadi,Cyber Crime,105,92402,Foggy,145,7.21,3,18.5912,73.7389,Medium,26-12-2025
Nashik,CIDCO,Robbery,228,66152,Sunny,64,11.79,12,19.9667,73.7667,High,06-12-2025
Chhatrapati Sambhajinagar,CIDCO,Assault,150,26819,Sunny,54,9.86,5,19.889,75.32,Medium,07-10-2024
Chhatrapati Sambhajinagar,Osmanpura,Burglary,136,166021,Foggy,212,7.91,8,19.87,75.33,Medium,18-10-2024
Mumbai,Borivali,Fraud,84,49966,Rainy,155,6.42,2,19.2307,72.8567,Medium,19-10-2025
Nashik,CIDCO,Cyber Crime,54,165288,Cloudy,218,5.77,1,19.9667,73.7667,Low,22-10-2024
Pune,Hadapsar,Burglary,33,38657,Foggy,94,14.21,3,18.5089,73.9259,Low,25-09-2024
Nagpur,Jaripatka,Assault,63,142685,Cloudy,54,14.94,5,21.1801,79.0955,Low,24-09-2025
Nashik,CIDCO,Robbery,239,35020,Rainy,187,2.47,5,19.9667,73.7667,High,10-03-2024
Mumbai,Powai,Robbery,23,30771,Sunny,154,12.1,2,19.1176,72.906,Low,04-05-2024
Chhatrapati Sambhajinagar,CIDCO,Assault,109,85169,Rainy,61,2.74,12,19.889,75.32,Medium,30-04-2025
Pune,Hinjewadi,Burglary,46,84464,Cloudy,179,11.9,8,18.5912,73.7389,Low,01-11-2025
Pune,Baner,Theft,186,173357,Rainy,114,2.02,2,18.559,73.7868,High,15-04-2024
Mumbai,Powai,Cyber Crime,220,122589,Cloudy,49,10.55,6,19.1176,72.906,High,23-08-2025
Chhatrapati Sambhajinagar,Osmanpura,Theft,241,175336,Foggy,175,7.1,8,19.87,75.33,High,13-03-2026
Mumbai,Bandra,Theft,121,134574,Rainy,108,11.65,4,19.0596,72.8295,Medium,17-09-2025
Mumbai,Colaba,Cyber Crime,135,140461,Rainy,165,11.89,1,18.9067,72.8147,Medium,10-01-2026
Nagpur,Shankar Nagar,Burglary,45,141561,Cloudy,20,14.95,11,21.127,79.06,Low,29-01-2024
Mumbai,Borivali,Theft,148,82367,Cloudy,122,5.97,6,19.2307,72.8567,Medium,10-05-2024
Mumbai,Colaba,Fraud,217,183679,Foggy,147,7.14,6,18.9067,72.8147,High,21-04-2024
Nashik,CIDCO,Robbery,50,164200,Rainy,196,9.99,4,19.9667,73.7667,Low,10-05-2026
Chhatrapati Sambhajinagar,Aurangpura,Robbery,18,115856,Cloudy,145,3.41,6,19.8762,75.3433,Low,02-06-2024
Pune,Baner,Robbery,150,39108,Foggy,158,12.6,1,18.559,73.7868,Medium,06-10-2024
Nashik,CIDCO,Assault,84,48138,Rainy,65,12.21,4,19.9667,73.7667,Medium,25-06-2025
Pune,Shivaji Nagar,Cyber Crime,229,27977,Rainy,61,9.91,6,18.5308,73.8475,High,15-07-2025
Mumbai,Powai,Cyber Crime,128,151140,Foggy,189,10.77,5,19.1176,72.906,Medium,24-05-2024
Nagpur,Lakadganj,Fraud,189,105963,Cloudy,18,6.32,7,21.1505,79.1155,High,16-05-2026
Nagpur,Sitabuldi,Cyber Crime,137,83804,Rainy,199,4.49,4,21.1458,79.0882,Medium,29-10-2024
Nagpur,Jaripatka,Fraud,160,47306,Foggy,111,14.91,8,21.1801,79.0955,High,20-12-2024
Nagpur,Dharampeth,Fraud,204,142482,Sunny,56,6.63,7,21.129,79.0588,High,30-04-2026
Pune,Baner,Theft,109,185546,Rainy,52,3.9,3,18.559,73.7868,Medium,26-04-2025
Nashik,CIDCO,Assault,131,142373,Rainy,92,6.79,7,19.9667,73.7667,Medium,14-12-2024
Chhatrapati Sambhajinagar,Aurangpura,Burglary,154,157486,Rainy,91,14.54,2,19.8762,75.3433,High,03-12-2025
Nashik,CIDCO,Robbery,185,74272,Sunny,219,11.06,3,19.9667,73.7667,High,12-02-2024
Mumbai,Andheri,Theft,79,31311,Sunny,155,10.54,2,19.1136,72.8697,Medium,26-03-2024
Mumbai,Borivali,Fraud,15,40708,Rainy,175,6.04,7,19.2307,72.8567,Low,18-12-2024
Nagpur,Civil Lines,Assault,66,124674,Foggy,111,2.3,4,21.153,79.072,Low,09-06-2026
Nagpur,Jaripatka,Assault,114,43903,Sunny,93,9.4,7,21.1801,79.0955,Medium,15-11-2025
Nashik,Nashik Road,Theft,186,154762,Rainy,75,14.34,1,19.9975,73.7898,High,22-12-2025
Nagpur,Shankar Nagar,Assault,104,116972,Cloudy,184,2.66,12,21.127,79.06,Medium,22-07-2024
Nashik,Gangapur Road,Cyber Crime,34,157263,Rainy,21,10.52,7,20.011,73.75,Low,28-06-2024
Pune,Kothrud,Robbery,166,69527,Foggy,178,8.1,6,18.5074,73.8077,High,11-07-2024
Nashik,Gangapur Road,Fraud,199,156967,Foggy,41,2.11,5,20.011,73.75,High,12-02-2024
Nagpur,Lakadganj,Cyber Crime,161,145127,Foggy,144,14.48,2,21.1505,79.1155,High,02-02-2026
Chhatrapati Sambhajinagar,Aurangpura,Theft,54,86814,Sunny,159,14.41,1,19.8762,75.3433,Low,25-06-2024
Pune,Hinjewadi,Fraud,90,44863,Cloudy,163,10.78,5,18.5912,73.7389,Medium,19-01-2026
Pune,Wakad,Theft,32,29642,Foggy,176,2.53,12,18.5975,73.7637,Low,25-03-2025
Nashik,Gangapur Road,Assault,126,46183,Foggy,13,12.67,8,20.011,73.75,Medium,28-05-2025
Chhatrapati Sambhajinagar,CIDCO,Robbery,88,78146,Foggy,51,13.48,4,19.889,75.32,Medium,01-03-2025
Nashik,Gangapur Road,Robbery,133,161773,Foggy,151,8.49,3,20.011,73.75,Medium,15-05-2025
Nagpur,Jaripatka,Assault,18,195604,Sunny,204,4.12,8,21.1801,79.0955,Low,11-01-2025
Chhatrapati Sambhajinagar,CIDCO,Cyber Crime,40,184265,Sunny,27,14.99,2,19.889,75.32,Low,21-11-2024
Nagpur,Civil Lines,Theft,225,77270,Foggy,44,9.82,12,21.153,79.072,High,16-09-2024
Mumbai,Powai,Assault,219,68235,Sunny,21,2.58,2,19.1176,72.906,High,02-06-2025
Pune,Wakad,Assault,68,153210,Foggy,75,5.14,5,18.5975,73.7637,Low,01-01-2024
Nagpur,Dharampeth,Burglary,196,146735,Rainy,157,2.95,1,21.129,79.0588,High,21-06-2025
Pune,Shivaji Nagar,Cyber Crime,232,59986,Foggy,60,9.37,12,18.5308,73.8475,High,20-05-2026
Nashik,Nashik Road,Fraud,118,112574,Cloudy,17,3.92,8,19.9975,73.7898,Medium,17-08-2025
Nashik,Gangapur Road,Cyber Crime,205,125147,Foggy,45,11.63,3,20.011,73.75,High,23-05-2024
Nagpur,Lakadganj,Cyber Crime,169,159986,Sunny,110,11.68,3,21.1505,79.1155,High,01-05-2024
Nashik,Nashik Road,Theft,213,127351,Foggy,117,9.89,6,19.9975,73.7898,High,03-08-2025
Chhatrapati Sambhajinagar,Aurangpura,Assault,56,106672,Rainy,46,7.87,6,19.8762,75.3433,Low,12-10-2025
Chhatrapati Sambhajinagar,Aurangpura,Assault,93,138180,Foggy,72,14.76,4,19.8762,75.3433,Medium,06-12-2024
Nagpur,Sadar,Fraud,164,184016,Foggy,104,14.67,6,21.1642,79.0821,High,28-02-2025
Mumbai,Dadar,Cyber Crime,170,51652,Rainy,69,10.18,4,19.0178,72.8478,High,08-02-2026
Chhatrapati Sambhajinagar,CIDCO,Cyber Crime,124,108863,Foggy,31,12.67,6,19.889,75.32,Medium,09-09-2025
Pune,Kothrud,Burglary,75,169865,Foggy,69,9.92,9,18.5074,73.8077,Low,04-06-2024
Chhatrapati Sambhajinagar,Aurangpura,Burglary,56,30057,Sunny,136,9.03,7,19.8762,75.3433,Low,17-02-2026
Pune,Kothrud,Assault,208,101378,Sunny,22,6.5,4,18.5074,73.8077,High,10-11-2025
Nagpur,Lakadganj,Assault,42,183452,Foggy,90,2.31,2,21.1505,79.1155,Low,11-03-2026
Mumbai,Colaba,Fraud,39,67619,Sunny,75,7.27,9,18.9067,72.8147,Low,29-05-2025
Nagpur,Sadar,Theft,134,40988,Sunny,162,11.94,3,21.1642,79.0821,Medium,03-11-2025
Nashik,CIDCO,Theft,39,122539,Foggy,87,9.46,1,19.9667,73.7667,Low,22-01-2025
Pune,Hadapsar,Theft,108,130487,Foggy,200,12.12,7,18.5089,73.9259,Medium,04-12-2024
Mumbai,Borivali,Burglary,211,81838,Cloudy,119,10.25,6,19.2307,72.8567,High,09-05-2025
Chhatrapati Sambhajinagar,CIDCO,Fraud,157,120634,Rainy,39,10.58,10,19.889,75.32,High,20-01-2026
Pune,Hinjewadi,Burglary,170,188522,Foggy,58,9.28,1,18.5912,73.7389,High,03-06-2024
Nashik,Gangapur Road,Burglary,80,174619,Sunny,58,8.55,5,20.011,73.75,Medium,14-03-2024
Nashik,Gangapur Road,Cyber Crime,40,157277,Foggy,42,10.67,9,20.011,73.75,Low,15-02-2025
Pune,Baner,Robbery,32,43573,Cloudy,187,12.19,7,18.559,73.7868,Low,20-03-2024
Pune,Wakad,Fraud,231,40843,Cloudy,215,2.51,9,18.5975,73.7637,High,12-05-2025
Mumbai,Bandra,Burglary,161,102954,Sunny,215,9.58,10,19.0596,72.8295,High,02-02-2025
Pune,Kothrud,Cyber Crime,250,56576,Cloudy,15,11.4,1,18.5074,73.8077,High,09-05-2024
Chhatrapati Sambhajinagar,Osmanpura,Fraud,226,157437,Sunny,137,8.73,9,19.87,75.33,High,14-06-2026
Mumbai,Bandra,Burglary,74,98694,Cloudy,217,9.11,7,19.0596,72.8295,Low,04-11-2025
Chhatrapati Sambhajinagar,CIDCO,Robbery,207,102927,Rainy,99,11.89,10,19.889,75.32,High,16-07-2024
Mumbai,Powai,Fraud,79,134317,Foggy,105,3.73,4,19.1176,72.906,Medium,12-12-2025
Nashik,Gangapur Road,Cyber Crime,69,52195,Sunny,39,2.94,11,20.011,73.75,Low,01-03-2025
Nagpur,Civil Lines,Burglary,65,129631,Cloudy,133,2.16,6,21.153,79.072,Low,30-11-2025
Pune,Baner,Cyber Crime,23,56767,Rainy,90,10.72,5,18.559,73.7868,Low,04-12-2024
Mumbai,Colaba,Theft,95,33610,Cloudy,74,7.72,1,18.9067,72.8147,Medium,25-01-2024
Chhatrapati Sambhajinagar,Aurangpura,Cyber Crime,31,156704,Cloudy,37,11.23,5,19.8762,75.3433,Low,11-03-2024
Mumbai,Colaba,Cyber Crime,183,100876,Cloudy,184,4.85,6,18.9067,72.8147,High,16-08-2025
Chhatrapati Sambhajinagar,Osmanpura,Burglary,99,96333,Cloudy,191,8.5,9,19.87,75.33,Medium,08-02-2025
Nagpur,Sitabuldi,Burglary,130,59167,Rainy,89,3.3,7,21.1458,79.0882,Medium,04-05-2024
Chhatrapati Sambhajinagar,Aurangpura,Burglary,223,39404,Sunny,148,3.01,5,19.8762,75.3433,High,07-06-2026
Mumbai,Bandra,Fraud,121,106105,Foggy,171,14.14,4,19.0596,72.8295,Medium,06-05-2024
Pune,Wakad,Burglary,12,80418,Foggy,39,5.62,2,18.5975,73.7637,Low,06-11-2025
Nagpur,Sadar,Assault,20,51365,Sunny,44,7.95,9,21.1642,79.0821,Low,15-12-2025
Nashik,Nashik Road,Theft,205,99738,Rainy,194,5.07,2,19.9975,73.7898,High,21-06-2024
Pune,Hinjewadi,Burglary,41,94544,Foggy,154,10.82,11,18.5912,73.7389,Low,12-01-2024
Mumbai,Bandra,Burglary,89,52918,Rainy,86,5.68,11,19.0596,72.8295,Medium,09-11-2024
Pune,Baner,Cyber Crime,69,52229,Sunny,52,9.38,2,18.559,73.7868,Low,27-10-2025
Mumbai,Dadar,Cyber Crime,167,153683,Rainy,152,11.35,11,19.0178,72.8478,High,04-02-2024
Mumbai,Colaba,Burglary,102,78775,Cloudy,23,9.19,10,18.9067,72.8147,Medium,11-01-2025
Chhatrapati Sambhajinagar,Aurangpura,Robbery,110,169316,Foggy,9,2.82,4,19.8762,75.3433,Medium,03-03-2026
Pune,Baner,Cyber Crime,103,67243,Foggy,13,11.51,4,18.559,73.7868,Medium,26-11-2024
Nashik,CIDCO,Robbery,162,117544,Foggy,206,6.59,1,19.9667,73.7667,High,21-02-2025
Nagpur,Civil Lines,Theft,53,105194,Cloudy,179,6.03,11,21.153,79.072,Low,30-08-2025
Nagpur,Sitabuldi,Robbery,130,145256,Sunny,34,9.57,4,21.1458,79.0882,Medium,18-07-2024
Nagpur,Jaripatka,Assault,35,197151,Cloudy,208,9.74,2,21.1801,79.0955,Low,08-12-2025
Pune,Shivaji Nagar,Fraud,133,52374,Rainy,48,5.96,4,18.5308,73.8475,Medium,15-04-2025
Mumbai,Andheri,Assault,41,151936,Cloudy,200,10.34,9,19.1136,72.8697,Low,02-07-2024
Nashik,Nashik Road,Cyber Crime,129,134662,Rainy,178,8.85,6,19.9975,73.7898,Medium,12-05-2026
Nagpur,Civil Lines,Burglary,90,158279,Cloudy,17,5.43,4,21.153,79.072,Medium,27-12-2024
Nashik,CIDCO,Fraud,122,121202,Rainy,19,5.99,11,19.9667,73.7667,Medium,28-10-2025
Chhatrapati Sambhajinagar,CIDCO,Burglary,116,160157,Sunny,197,4.34,11,19.889,75.32,Medium,16-06-2024
Pune,Hinjewadi,Fraud,90,190923,Foggy,194,8.88,3,18.5912,73.7389,Medium,16-05-2024
Mumbai,Dadar,Assault,103,187843,Foggy,217,10.53,9,19.0178,72.8478,Medium,14-02-2024
Mumbai,Bandra,Fraud,201,145145,Cloudy,200,11.73,1,19.0596,72.8295,High,10-12-2024
Chhatrapati Sambhajinagar,Aurangpura,Burglary,105,197976,Cloudy,32,12.21,6,19.8762,75.3433,Medium,03-04-2024
Nashik,CIDCO,Theft,97,138192,Foggy,190,5.34,6,19.9667,73.7667,Medium,01-03-2024
Nagpur,Shankar Nagar,Cyber Crime,32,133675,Rainy,48,12.52,5,21.127,79.06,Low,05-06-2025
Nagpur,Civil Lines,Assault,167,93678,Cloudy,128,11.78,4,21.153,79.072,High,04-10-2024
Chhatrapati Sambhajinagar,Aurangpura,Assault,25,112929,Cloudy,153,12.11,10,19.8762,75.3433,Low,15-07-2025
Mumbai,Bandra,Robbery,75,104487,Rainy,203,10.64,5,19.0596,72.8295,Low,26-09-2025
Pune,Hinjewadi,Robbery,86,84742,Foggy,75,9.76,2,18.5912,73.7389,Medium,25-12-2025
Pune,Wakad,Robbery,59,195773,Cloudy,18,11.41,8,18.5975,73.7637,Low,08-06-2024
Chhatrapati Sambhajinagar,Aurangpura,Burglary,154,81704,Rainy,139,9.52,4,19.8762,75.3433,High,31-12-2025
Mumbai,Andheri,Cyber Crime,110,198552,Cloudy,95,11.91,3,19.1136,72.8697,Medium,06-08-2025
Chhatrapati Sambhajinagar,Aurangpura,Assault,204,124451,Cloudy,61,6.17,3,19.8762,75.3433,High,16-10-2024
Nashik,CIDCO,Cyber Crime,21,100477,Foggy,35,6.16,1,19.9667,73.7667,Low,05-03-2026
Nagpur,Civil Lines,Theft,17,74154,Cloudy,75,14.12,2,21.153,79.072,Low,03-07-2024
Nagpur,Shankar Nagar,Burglary,218,64292,Rainy,206,7.42,6,21.127,79.06,High,20-09-2025
Nashik,CIDCO,Assault,240,150582,Cloudy,188,13.5,2,19.9667,73.7667,High,09-01-2024
Nagpur,Civil Lines,Assault,146,99486,Cloudy,140,14.93,2,21.153,79.072,Medium,03-03-2026
Pune,Kothrud,Robbery,92,186052,Rainy,172,6.89,6,18.5074,73.8077,Medium,28-10-2024
Nashik,CIDCO,Theft,59,167331,Sunny,220,7.67,9,19.9667,73.7667,Low,22-04-2024
Mumbai,Andheri,Robbery,147,196497,Foggy,27,12.17,9,19.1136,72.8697,Medium,22-05-2025
Nashik,CIDCO,Cyber Crime,141,181927,Sunny,112,13.53,8,19.9667,73.7667,Medium,27-11-2024
Chhatrapati Sambhajinagar,Aurangpura,Burglary,228,86719,Foggy,212,14.58,10,19.8762,75.3433,High,28-03-2024
Mumbai,Dadar,Robbery,55,47423,Foggy,109,2.92,5,19.0178,72.8478,Low,13-03-2025
Nagpur,Dharampeth,Fraud,175,127201,Foggy,59,14.59,5,21.129,79.0588,High,18-01-2026
Chhatrapati Sambhajinagar,Osmanpura,Cyber Crime,236,107562,Cloudy,21,4.82,11,19.87,75.33,High,02-12-2024
Nashik,Nashik Road,Theft,188,125251,Rainy,91,10.13,10,19.9975,73.7898,High,28-09-2024
Nashik,Nashik Road,Cyber Crime,43,168699,Cloudy,77,2.98,10,19.9975,73.7898,Low,24-10-2024
Pune,Shivaji Nagar,Cyber Crime,84,49758,Rainy,50,12.86,7,18.5308,73.8475,Medium,13-05-2025
Pune,Baner,Fraud,42,156339,Sunny,160,13.36,6,18.559,73.7868,Low,04-05-2024
Nagpur,Civil Lines,Robbery,61,52936,Foggy,67,5.26,3,21.153,79.072,Low,05-07-2024
Pune,Baner,Robbery,196,181888,Sunny,84,14.56,10,18.559,73.7868,High,15-07-2024
Pune,Hinjewadi,Assault,68,80968,Rainy,73,8.02,1,18.5912,73.7389,Low,14-04-2026
Chhatrapati Sambhajinagar,Aurangpura,Robbery,234,113609,Rainy,123,10.91,1,19.8762,75.3433,High,12-03-2026
Nashik,Gangapur Road,Assault,240,34897,Cloudy,96,8.81,1,20.011,73.75,High,06-06-2025
Pune,Wakad,Assault,39,76097,Rainy,9,9.03,5,18.5975,73.7637,Low,11-04-2025
Nagpur,Civil Lines,Fraud,137,147369,Rainy,133,2.7,1,21.153,79.072,Medium,28-02-2025
Nashik,CIDCO,Burglary,205,45829,Foggy,174,7.91,10,19.9667,73.7667,High,01-12-2025
Chhatrapati Sambhajinagar,Aurangpura,Cyber Crime,170,121972,Rainy,71,4.38,8,19.8762,75.3433,High,27-12-2025
Nagpur,Sitabuldi,Cyber Crime,64,60874,Sunny,175,10.42,4,21.1458,79.0882,Low,18-04-2026
Nagpur,Shankar Nagar,Robbery,33,161893,Cloudy,60,8.74,4,21.127,79.06,Low,12-10-2025
Chhatrapati Sambhajinagar,Osmanpura,Cyber Crime,98,182903,Cloudy,115,7.53,3,19.87,75.33,Medium,17-01-2026
Nagpur,Civil Lines,Cyber Crime,158,151388,Rainy,47,6.83,11,21.153,79.072,High,20-03-2026
Mumbai,Dadar,Assault,94,154364,Sunny,130,8.66,1,19.0178,72.8478,Medium,25-11-2025
Mumbai,Bandra,Cyber Crime,38,100601,Sunny,8,11.57,5,19.0596,72.8295,Low,12-03-2026
Pune,Baner,Burglary,70,43414,Rainy,50,11.1,4,18.559,73.7868,Low,18-06-2024
Chhatrapati Sambhajinagar,CIDCO,Fraud,215,38338,Cloudy,40,2.89,6,19.889,75.32,High,04-07-2024
Chhatrapati Sambhajinagar,CIDCO,Burglary,163,160814,Rainy,64,13.01,12,19.889,75.32,High,07-10-2024
Nashik,Gangapur Road,Assault,225,125949,Sunny,87,8.37,12,20.011,73.75,High,16-03-2024
Mumbai,Powai,Assault,234,169110,Rainy,32,9.7,10,19.1176,72.906,High,06-08-2025
Chhatrapati Sambhajinagar,CIDCO,Burglary,165,180709,Sunny,115,14.11,1,19.889,75.32,High,26-08-2024
Nagpur,Civil Lines,Robbery,218,93426,Rainy,93,6.35,12,21.153,79.072,High,29-04-2026
Mumbai,Andheri,Cyber Crime,76,80349,Sunny,107,3.08,10,19.1136,72.8697,Medium,01-10-2024
Mumbai,Powai,Fraud,180,51569,Cloudy,107,4.28,8,19.1176,72.906,High,11-05-2026
Nashik,CIDCO,Theft,22,79299,Foggy,71,5.18,12,19.9667,73.7667,Low,05-03-2024
Nashik,Gangapur Road,Assault,56,132800,Sunny,163,13.62,7,20.011,73.75,Low,04-12-2025
Nashik,Gangapur Road,Cyber Crime,181,112099,Cloudy,107,2.37,9,20.011,73.75,High,10-05-2024
Nagpur,Dharampeth,Burglary,177,173693,Foggy,23,11.19,4,21.129,79.0588,High,17-07-2025
Mumbai,Andheri,Cyber Crime,193,120937,Sunny,127,14.93,2,19.1136,72.8697,High,21-10-2024
Pune,Hinjewadi,Robbery,198,37857,Foggy,12,8.77,12,18.5912,73.7389,High,04-11-2025
Pune,Baner,Robbery,165,62222,Foggy,176,6.48,6,18.559,73.7868,High,22-06-2025
Chhatrapati Sambhajinagar,CIDCO,Theft,218,126533,Sunny,65,2.47,6,19.889,75.32,High,22-06-2024
Nashik,Nashik Road,Theft,95,48372,Rainy,214,4.79,7,19.9975,73.7898,Medium,24-10-2025
Pune,Shivaji Nagar,Cyber Crime,56,128110,Cloudy,90,8.03,2,18.5308,73.8475,Low,24-12-2025
Nashik,CIDCO,Theft,203,95500,Foggy,164,13.52,2,19.9667,73.7667,High,09-04-2024
Mumbai,Borivali,Burglary,193,134283,Cloudy,7,10.92,1,19.2307,72.8567,High,13-03-2026
Nagpur,Sadar,Cyber Crime,237,92416,Cloudy,163,13.62,10,21.1642,79.0821,High,11-01-2025
Nashik,CIDCO,Fraud,45,83331,Cloudy,207,2.64,9,19.9667,73.7667,Low,29-11-2024
Pune,Hinjewadi,Robbery,42,191570,Foggy,86,9.35,4,18.5912,73.7389,Low,22-08-2025
Mumbai,Andheri,Robbery,20,164239,Sunny,44,2.24,2,19.1136,72.8697,Low,18-10-2025
Nagpur,Sadar,Cyber Crime,153,110364,Rainy,138,9.3,6,21.1642,79.0821,High,05-06-2026
Nagpur,Jaripatka,Cyber Crime,228,142774,Rainy,73,8.54,7,21.1801,79.0955,High,27-09-2024
Chhatrapati Sambhajinagar,CIDCO,Robbery,67,188002,Foggy,98,13.13,4,19.889,75.32,Low,20-07-2024
Nashik,CIDCO,Robbery,147,119503,Sunny,141,7.37,6,19.9667,73.7667,Medium,17-07-2024
Mumbai,Powai,Cyber Crime,43,79562,Cloudy,44,3.45,5,19.1176,72.906,Low,02-03-2025
Pune,Baner,Robbery,75,100163,Foggy,34,14.22,7,18.559,73.7868,Low,06-11-2025
Nashik,Nashik Road,Burglary,184,138323,Sunny,216,11.85,2,19.9975,73.7898,High,06-10-2024
Nashik,Gangapur Road,Burglary,237,195926,Cloudy,31,5.72,3,20.011,73.75,High,16-10-2024
Mumbai,Colaba,Fraud,224,153699,Foggy,63,6.13,11,18.9067,72.8147,High,05-01-2026
Mumbai,Andheri,Assault,154,40340,Foggy,90,11.13,9,19.1136,72.8697,High,29-05-2025
Pune,Hadapsar,Robbery,192,32661,Foggy,82,8.24,9,18.5089,73.9259,High,07-01-2026
Pune,Shivaji Nagar,Cyber Crime,83,84779,Sunny,108,7.91,8,18.5308,73.8475,Medium,04-01-2026
Chhatrapati Sambhajinagar,Aurangpura,Burglary,235,105264,Sunny,74,7.13,7,19.8762,75.3433,High,27-09-2024
Pune,Baner,Burglary,46,69982,Cloudy,73,7.39,3,18.559,73.7868,Low,01-07-2025
Nashik,Gangapur Road,Robbery,141,101236,Foggy,174,6.04,3,20.011,73.75,Medium,02-08-2025
Chhatrapati Sambhajinagar,Osmanpura,Theft,61,186107,Foggy,95,5.21,12,19.87,75.33,Low,07-05-2026
Mumbai,Borivali,Fraud,79,186708,Rainy,29,3.93,9,19.2307,72.8567,Medium,15-11-2024
Pune,Kothrud,Assault,30,80823,Sunny,96,3.9,11,18.5074,73.8077,Low,29-10-2025
Nagpur,Jaripatka,Fraud,97,57643,Rainy,183,2.16,7,21.1801,79.0955,Medium,13-02-2024
Nagpur,Civil Lines,Assault,78,113188,Rainy,89,12.46,10,21.153,79.072,Medium,27-03-2024
Nagpur,Sadar,Cyber Crime,210,65362,Foggy,81,11.76,10,21.1642,79.0821,High,15-12-2024
Mumbai,Colaba,Cyber Crime,45,74379,Sunny,107,8,3,18.9067,72.8147,Low,04-07-2024
Nagpur,Sitabuldi,Robbery,174,183899,Cloudy,110,2.61,2,21.1458,79.0882,High,01-01-2025
Mumbai,Dadar,Burglary,82,74433,Foggy,187,12.75,6,19.0178,72.8478,Medium,15-02-2024
Mumbai,Dadar,Burglary,217,127779,Sunny,53,6.3,9,19.0178,72.8478,High,17-06-2024
Pune,Wakad,Cyber Crime,72,122614,Foggy,18,12.44,8,18.5975,73.7637,Low,07-05-2025
Pune,Kothrud,Burglary,174,95960,Sunny,116,12.74,3,18.5074,73.8077,High,24-06-2024
Nagpur,Shankar Nagar,Fraud,78,99632,Cloudy,5,8.06,12,21.127,79.06,Medium,31-03-2024
Pune,Kothrud,Burglary,113,84891,Sunny,64,2.15,12,18.5074,73.8077,Medium,26-03-2025
Nagpur,Sitabuldi,Theft,235,55325,Rainy,115,9.33,5,21.1458,79.0882,High,29-05-2026
Mumbai,Colaba,Robbery,66,54274,Sunny,208,14.34,12,18.9067,72.8147,Low,16-06-2025
Pune,Shivaji Nagar,Theft,119,96158,Cloudy,105,6.95,3,18.5308,73.8475,Medium,13-05-2026
Nagpur,Sadar,Assault,85,108753,Cloudy,26,10.56,7,21.1642,79.0821,Medium,04-05-2025
Mumbai,Dadar,Robbery,220,117247,Cloudy,28,9.22,5,19.0178,72.8478,High,18-06-2024
Chhatrapati Sambhajinagar,CIDCO,Fraud,230,26900,Cloudy,81,2.43,11,19.889,75.32,High,16-09-2024
Nashik,CIDCO,Fraud,38,186463,Sunny,32,7.38,7,19.9667,73.7667,Low,14-06-2025
Chhatrapati Sambhajinagar,Osmanpura,Theft,141,106913,Foggy,195,13.49,11,19.87,75.33,Medium,13-06-2025
Chhatrapati Sambhajinagar,Osmanpura,Burglary,161,171366,Rainy,213,2.39,7,19.87,75.33,High,23-02-2024
Chhatrapati Sambhajinagar,Aurangpura,Fraud,203,73789,Rainy,85,11.08,5,19.8762,75.3433,High,30-08-2024
Pune,Baner,Robbery,188,120628,Foggy,61,6.88,12,18.559,73.7868,High,03-11-2024
Nagpur,Civil Lines,Fraud,19,107546,Sunny,53,14.7,11,21.153,79.072,Low,29-07-2025
Pune,Wakad,Cyber Crime,58,52626,Rainy,59,5.16,4,18.5975,73.7637,Low,02-04-2025
Nashik,Gangapur Road,Fraud,70,99092,Rainy,100,7.4,10,20.011,73.75,Low,01-11-2025
Nashik,Gangapur Road,Burglary,92,112560,Foggy,177,6.51,10,20.011,73.75,Medium,17-03-2025
Mumbai,Colaba,Burglary,35,132499,Foggy,58,9.88,9,18.9067,72.8147,Low,18-05-2024
Nagpur,Dharampeth,Burglary,250,98130,Foggy,75,3.6,5,21.129,79.0588,High,17-12-2024
Nagpur,Civil Lines,Burglary,103,158216,Rainy,178,5.87,9,21.153,79.072,Medium,19-03-2024
Nashik,Nashik Road,Assault,203,74408,Rainy,155,10.43,9,19.9975,73.7898,High,20-02-2025
Chhatrapati Sambhajinagar,CIDCO,Burglary,209,138881,Foggy,145,3.7,11,19.889,75.32,High,14-09-2025
Chhatrapati Sambhajinagar,Aurangpura,Assault,73,158741,Sunny,190,4.3,4,19.8762,75.3433,Low,01-01-2025
Mumbai,Andheri,Theft,92,115703,Foggy,116,10.45,12,19.1136,72.8697,Medium,26-09-2025
Nagpur,Dharampeth,Robbery,146,131118,Foggy,47,2.32,3,21.129,79.0588,Medium,28-11-2025
Mumbai,Colaba,Fraud,160,89785,Rainy,123,2.42,11,18.9067,72.8147,High,31-12-2024
Pune,Kothrud,Assault,106,113749,Rainy,203,4.41,7,18.5074,73.8077,Medium,13-05-2024
Mumbai,Borivali,Theft,155,60303,Sunny,14,2.73,4,19.2307,72.8567,High,16-09-2024
Mumbai,Borivali,Theft,19,77359,Cloudy,106,14.83,2,19.2307,72.8567,Low,25-02-2024
Nagpur,Lakadganj,Robbery,102,146518,Sunny,144,9.75,11,21.1505,79.1155,Medium,31-05-2025
Nagpur,Dharampeth,Theft,167,51215,Cloudy,35,9.65,2,21.129,79.0588,High,22-11-2025
Nashik,CIDCO,Fraud,160,120818,Sunny,109,4.07,5,19.9667,73.7667,High,03-02-2024
Nagpur,Shankar Nagar,Theft,151,28739,Rainy,26,9.03,12,21.127,79.06,High,23-03-2025
Chhatrapati Sambhajinagar,Osmanpura,Fraud,134,40722,Sunny,156,6.42,6,19.87,75.33,Medium,27-05-2024
Nagpur,Sitabuldi,Cyber Crime,115,169784,Cloudy,204,11.51,9,21.1458,79.0882,Medium,21-01-2026
Nashik,Gangapur Road,Robbery,74,174548,Sunny,122,6.92,5,20.011,73.75,Low,06-02-2026
Chhatrapati Sambhajinagar,CIDCO,Assault,157,189247,Sunny,104,6.42,12,19.889,75.32,High,05-03-2024
Pune,Baner,Robbery,174,140361,Foggy,143,9.08,7,18.559,73.7868,High,30-08-2024
Nashik,CIDCO,Assault,241,132993,Sunny,147,7.49,6,19.9667,73.7667,High,19-12-2025
Nashik,Gangapur Road,Assault,185,53037,Foggy,184,3.06,10,20.011,73.75,High,27-06-2024
Nashik,Gangapur Road,Cyber Crime,52,64821,Foggy,174,13.54,9,20.011,73.75,Low,13-02-2024
Pune,Hadapsar,Assault,86,60130,Sunny,74,6.66,3,18.5089,73.9259,Medium,10-04-2024
Pune,Baner,Assault,182,185721,Rainy,59,9.44,1,18.559,73.7868,High,06-06-2024
Nagpur,Jaripatka,Cyber Crime,172,187291,Sunny,63,2.37,12,21.1801,79.0955,High,15-01-2024
Mumbai,Bandra,Assault,155,115238,Foggy,217,7.53,3,19.0596,72.8295,High,11-04-2026
Nagpur,Civil Lines,Burglary,109,54787,Rainy,150,5.31,11,21.153,79.072,Medium,02-03-2025
Nagpur,Civil Lines,Cyber Crime,225,179054,Foggy,25,9.06,9,21.153,79.072,High,22-05-2026
Chhatrapati Sambhajinagar,Osmanpura,Theft,243,126527,Sunny,91,6.76,2,19.87,75.33,High,04-12-2024
Mumbai,Colaba,Burglary,194,110474,Foggy,101,4.74,1,18.9067,72.8147,High,24-12-2024
Nashik,Nashik Road,Theft,243,162816,Rainy,207,7.37,10,19.9975,73.7898,High,25-04-2024
Pune,Kothrud,Theft,150,31598,Rainy,95,5.84,1,18.5074,73.8077,Medium,10-10-2024
Chhatrapati Sambhajinagar,CIDCO,Fraud,32,28170,Sunny,79,7.64,5,19.889,75.32,Low,28-02-2025
Nagpur,Jaripatka,Cyber Crime,160,126719,Cloudy,116,5.18,12,21.1801,79.0955,High,26-10-2025
Mumbai,Andheri,Fraud,220,36668,Rainy,140,7.48,5,19.1136,72.8697,High,27-03-2026
Chhatrapati Sambhajinagar,CIDCO,Burglary,91,83407,Foggy,31,4.32,3,19.889,75.32,Medium,04-11-2025
Chhatrapati Sambhajinagar,CIDCO,Robbery,158,134530,Foggy,21,4.66,6,19.889,75.32,High,07-04-2026
Chhatrapati Sambhajinagar,Osmanpura,Cyber Crime,106,40009,Rainy,87,9.99,12,19.87,75.33,Medium,22-04-2024
Mumbai,Colaba,Assault,60,71834,Sunny,65,8.98,6,18.9067,72.8147,Low,24-12-2025
Nagpur,Shankar Nagar,Robbery,24,117378,Rainy,140,2.19,1,21.127,79.06,Low,12-11-2025
Nagpur,Sadar,Cyber Crime,85,34404,Sunny,90,9.6,10,21.1642,79.0821,Medium,02-05-2025
Nagpur,Jaripatka,Fraud,94,100753,Sunny,123,13.89,6,21.1801,79.0955,Medium,27-10-2024
Nashik,Nashik Road,Cyber Crime,224,93972,Rainy,98,12.86,3,19.9975,73.7898,High,27-03-2025
Pune,Baner,Robbery,186,138723,Sunny,190,10.06,2,18.559,73.7868,High,03-03-2026
Nashik,CIDCO,Theft,97,106240,Sunny,177,14,8,19.9667,73.7667,Medium,08-10-2025
Mumbai,Colaba,Fraud,140,25155,Cloudy,27,2.34,2,18.9067,72.8147,Medium,05-06-2024
Mumbai,Powai,Robbery,231,192451,Cloudy,91,5.78,5,19.1176,72.906,High,20-05-2024
Mumbai,Powai,Cyber Crime,140,66169,Foggy,118,6.77,2,19.1176,72.906,Medium,09-11-2025
Chhatrapati Sambhajinagar,Aurangpura,Robbery,245,34313,Cloudy,119,7.41,8,19.8762,75.3433,High,03-05-2026
Chhatrapati Sambhajinagar,CIDCO,Theft,245,94158,Foggy,60,2.43,5,19.889,75.32,High,27-02-2025
Nagpur,Dharampeth,Fraud,76,79354,Rainy,44,8.8,7,21.129,79.0588,Medium,13-04-2026
Nashik,Nashik Road,Robbery,179,63369,Cloudy,127,11.8,11,19.9975,73.7898,High,11-03-2025
Nagpur,Lakadganj,Cyber Crime,68,91818,Cloudy,116,5.85,2,21.1505,79.1155,Low,28-12-2024
Nagpur,Shankar Nagar,Burglary,145,140995,Cloudy,194,11.99,2,21.127,79.06,Medium,05-02-2025
Pune,Wakad,Burglary,166,183121,Cloudy,164,14.32,8,18.5975,73.7637,High,22-07-2024
Chhatrapati Sambhajinagar,Aurangpura,Assault,78,141830,Cloudy,24,6.62,10,19.8762,75.3433,Medium,26-06-2025
Nagpur,Dharampeth,Fraud,51,60297,Sunny,140,4.53,1,21.129,79.0588,Low,12-10-2024
Pune,Kothrud,Cyber Crime,137,121261,Sunny,123,5.85,6,18.5074,73.8077,Medium,11-04-2026
Nashik,Nashik Road,Robbery,136,120019,Rainy,125,9.27,7,19.9975,73.7898,Medium,12-02-2026
Chhatrapati Sambhajinagar,Osmanpura,Assault,137,56300,Rainy,58,7.56,6,19.87,75.33,Medium,20-10-2025
Nashik,Nashik Road,Robbery,206,66336,Sunny,216,6.48,9,19.9975,73.7898,High,13-01-2026
Nashik,Gangapur Road,Burglary,169,136046,Cloudy,106,13.49,8,20.011,73.75,High,25-12-2025
Nashik,Nashik Road,Fraud,200,151014,Sunny,107,14.43,12,19.9975,73.7898,High,14-05-2024
Chhatrapati Sambhajinagar,Aurangpura,Cyber Crime,119,155273,Cloudy,135,8.55,1,19.8762,75.3433,Medium,16-11-2025
Pune,Shivaji Nagar,Assault,70,100816,Sunny,36,2.29,11,18.5308,73.8475,Low,27-01-2024
Nagpur,Sadar,Burglary,88,173468,Cloudy,41,14.19,4,21.1642,79.0821,Medium,10-09-2024
Nagpur,Lakadganj,Cyber Crime,76,29248,Cloudy,11,10.56,11,21.1505,79.1155,Medium,27-08-2025
Nagpur,Lakadganj,Fraud,146,155824,Sunny,148,7.56,9,21.1505,79.1155,Medium,28-02-2026
Chhatrapati Sambhajinagar,Osmanpura,Cyber Crime,209,52373,Rainy,87,8.86,4,19.87,75.33,High,06-12-2025
Nagpur,Shankar Nagar,Robbery,64,68402,Rainy,206,13.59,3,21.127,79.06,Low,23-03-2026
Mumbai,Bandra,Theft,81,92736,Rainy,162,6.97,3,19.0596,72.8295,Medium,23-04-2024
Nashik,CIDCO,Assault,213,143346,Sunny,72,2.5,2,19.9667,73.7667,High,06-01-2025
Nashik,Nashik Road,Assault,204,181893,Rainy,180,12.03,8,19.9975,73.7898,High,20-10-2024
Mumbai,Borivali,Fraud,144,135593,Rainy,199,6.57,6,19.2307,72.8567,Medium,27-04-2024
Mumbai,Andheri,Cyber Crime,216,100075,Sunny,182,8.22,4,19.1136,72.8697,High,03-10-2025
Mumbai,Colaba,Cyber Crime,200,40660,Sunny,215,7.51,12,18.9067,72.8147,High,31-10-2025
Chhatrapati Sambhajinagar,Osmanpura,Robbery,160,140930,Rainy,23,4.5,6,19.87,75.33,High,09-04-2024
Pune,Wakad,Cyber Crime,203,47565,Rainy,171,11.68,5,18.5975,73.7637,High,17-04-2024
Mumbai,Andheri,Burglary,40,128922,Foggy,7,8.66,12,19.1136,72.8697,Low,03-01-2024
Pune,Baner,Robbery,135,115788,Sunny,51,6.27,6,18.559,73.7868,Medium,22-09-2024
Pune,Hadapsar,Cyber Crime,111,184981,Cloudy,121,10.35,12,18.5089,73.9259,Medium,08-10-2025
Nagpur,Jaripatka,Robbery,207,194461,Cloudy,157,8.4,6,21.1801,79.0955,High,07-09-2024
Chhatrapati Sambhajinagar,CIDCO,Burglary,180,119644,Rainy,25,2.92,2,19.889,75.32,High,30-05-2026
Chhatrapati Sambhajinagar,CIDCO,Burglary,226,178085,Foggy,86,5.89,7,19.889,75.32,High,24-02-2024
Chhatrapati Sambhajinagar,Aurangpura,Assault,127,31134,Sunny,33,8.21,9,19.8762,75.3433,Medium,14-09-2025
Chhatrapati Sambhajinagar,CIDCO,Assault,215,61625,Foggy,215,8.29,4,19.889,75.32,High,06-05-2026
Mumbai,Powai,Assault,95,87340,Rainy,174,10.76,4,19.1176,72.906,Medium,01-03-2025
Nagpur,Lakadganj,Burglary,209,140632,Foggy,7,14.27,3,21.1505,79.1155,High,25-02-2026
Nagpur,Civil Lines,Cyber Crime,53,38950,Rainy,65,2.12,8,21.153,79.072,Low,28-04-2026
Nagpur,Sadar,Robbery,182,56680,Sunny,199,12.54,6,21.1642,79.0821,High,22-08-2024
Nagpur,Sitabuldi,Robbery,193,98719,Sunny,187,13.39,8,21.1458,79.0882,High,21-05-2026
Chhatrapati Sambhajinagar,Osmanpura,Fraud,209,174224,Sunny,50,11.58,12,19.87,75.33,High,18-06-2026
Mumbai,Bandra,Fraud,196,102324,Rainy,212,7.32,8,19.0596,72.8295,High,21-02-2026
Nashik,CIDCO,Theft,45,77588,Cloudy,92,12.38,2,19.9667,73.7667,Low,27-09-2024
Chhatrapati Sambhajinagar,Aurangpura,Cyber Crime,139,178524,Rainy,36,9.77,10,19.8762,75.3433,Medium,27-03-2025
Chhatrapati Sambhajinagar,CIDCO,Burglary,235,115394,Rainy,84,10.32,10,19.889,75.32,High,12-03-2024
Nashik,CIDCO,Burglary,103,62339,Sunny,189,4.29,5,19.9667,73.7667,Medium,19-02-2025
Mumbai,Borivali,Burglary,11,78502,Foggy,136,14.24,9,19.2307,72.8567,Low,22-09-2024
Nagpur,Shankar Nagar,Fraud,169,26388,Rainy,73,14.64,8,21.127,79.06,High,30-07-2025
Nashik,Nashik Road,Burglary,242,94996,Sunny,87,4.59,1,19.9975,73.7898,High,26-05-2026
Nagpur,Lakadganj,Robbery,45,63341,Rainy,173,9.34,2,21.1505,79.1155,Low,21-06-2024
Nashik,Gangapur Road,Assault,170,102728,Sunny,169,2.08,12,20.011,73.75,High,19-04-2025
Nagpur,Civil Lines,Burglary,235,27551,Sunny,85,9.02,11,21.153,79.072,High,23-11-2025
Mumbai,Powai,Cyber Crime,202,123586,Foggy,164,3.14,11,19.1176,72.906,High,07-09-2025
Pune,Hadapsar,Assault,220,42135,Sunny,165,10.44,8,18.5089,73.9259,High,17-12-2025
Pune,Baner,Theft,206,111514,Foggy,32,13.29,1,18.559,73.7868,High,19-08-2024
Nashik,CIDCO,Theft,228,34770,Cloudy,71,5.2,10,19.9667,73.7667,High,03-07-2024
Nashik,Nashik Road,Theft,102,42795,Cloudy,11,11.43,11,19.9975,73.7898,Medium,05-05-2026
Chhatrapati Sambhajinagar,Osmanpura,Assault,221,36420,Foggy,48,7.97,7,19.87,75.33,High,30-11-2025
Nashik,Gangapur Road,Robbery,231,151788,Cloudy,38,12.21,8,20.011,73.75,High,12-04-2026
Nashik,Nashik Road,Robbery,157,84159,Sunny,19,4.06,3,19.9975,73.7898,High,19-02-2025
Nashik,CIDCO,Fraud,99,98372,Rainy,69,12.64,12,19.9667,73.7667,Medium,13-02-2025
Nashik,CIDCO,Burglary,46,185087,Foggy,81,9.61,6,19.9667,73.7667,Low,24-05-2026
Mumbai,Powai,Assault,223,108926,Foggy,112,12.87,3,19.1176,72.906,High,19-07-2025
Chhatrapati Sambhajinagar,CIDCO,Theft,32,196420,Sunny,14,5.22,5,19.889,75.32,Low,24-10-2024
Mumbai,Borivali,Theft,163,82077,Cloudy,12,4.01,11,19.2307,72.8567,High,07-12-2024
Pune,Hadapsar,Burglary,200,170255,Foggy,115,8.45,10,18.5089,73.9259,High,05-03-2024
Nashik,Nashik Road,Assault,164,57173,Rainy,159,5.59,6,19.9975,73.7898,High,01-04-2026
Nagpur,Sadar,Theft,228,37166,Foggy,18,2.5,10,21.1642,79.0821,High,07-02-2025
Pune,Hinjewadi,Theft,21,112753,Sunny,110,2.84,6,18.5912,73.7389,Low,21-03-2025
Mumbai,Dadar,Cyber Crime,240,135997,Cloudy,88,5.25,4,19.0178,72.8478,High,09-01-2026
Chhatrapati Sambhajinagar,Osmanpura,Cyber Crime,104,67415,Cloudy,18,12.46,2,19.87,75.33,Medium,12-05-2024
Nagpur,Lakadganj,Fraud,249,123759,Cloudy,188,2.27,6,21.1505,79.1155,High,09-05-2025
Pune,Hadapsar,Robbery,36,174689,Rainy,19,6.85,2,18.5089,73.9259,Low,21-07-2024
Nashik,Nashik Road,Cyber Crime,112,84700,Rainy,68,13.37,7,19.9975,73.7898,Medium,25-05-2026
Chhatrapati Sambhajinagar,Aurangpura,Cyber Crime,32,89172,Rainy,9,11.94,5,19.8762,75.3433,Low,27-07-2024
Nagpur,Civil Lines,Assault,144,76318,Rainy,213,5.54,11,21.153,79.072,Medium,13-01-2024
Pune,Baner,Cyber Crime,40,38040,Cloudy,36,13.6,7,18.559,73.7868,Low,12-03-2025
Chhatrapati Sambhajinagar,Osmanpura,Robbery,205,118071,Cloudy,27,12.12,4,19.87,75.33,High,30-04-2025
Nashik,Gangapur Road,Theft,242,196738,Rainy,41,9.76,4,20.011,73.75,High,02-08-2024
Nagpur,Jaripatka,Assault,191,61240,Cloudy,199,7.34,1,21.1801,79.0955,High,29-10-2025
Mumbai,Andheri,Robbery,237,61936,Sunny,182,6.61,2,19.1136,72.8697,High,02-10-2025
Chhatrapati Sambhajinagar,Aurangpura,Assault,154,167048,Foggy,146,9.82,7,19.8762,75.3433,High,19-02-2025
Nashik,CIDCO,Cyber Crime,241,69410,Foggy,51,11.49,12,19.9667,73.7667,High,11-06-2024
Mumbai,Borivali,Burglary,201,78808,Cloudy,136,6.59,9,19.2307,72.8567,High,11-09-2024
Mumbai,Bandra,Cyber Crime,54,180065,Foggy,23,6,10,19.0596,72.8295,Low,22-07-2025
Pune,Hadapsar,Assault,179,132779,Sunny,173,3.24,7,18.5089,73.9259,High,01-05-2024
Nagpur,Jaripatka,Cyber Crime,190,147313,Rainy,63,12.71,2,21.1801,79.0955,High,15-09-2025
Mumbai,Borivali,Assault,68,126761,Cloudy,65,2.44,5,19.2307,72.8567,Low,25-03-2025
Nagpur,Dharampeth,Cyber Crime,145,109713,Rainy,45,12.21,12,21.129,79.0588,Medium,02-08-2024
Nashik,Nashik Road,Robbery,229,173429,Foggy,29,7.09,5,19.9975,73.7898,High,08-06-2026
Pune,Kothrud,Fraud,40,83643,Rainy,49,10.48,10,18.5074,73.8077,Low,30-03-2025
Chhatrapati Sambhajinagar,CIDCO,Theft,31,91886,Cloudy,134,12.35,6,19.889,75.32,Low,03-09-2025
Chhatrapati Sambhajinagar,CIDCO,Robbery,99,74548,Sunny,148,11.97,9,19.889,75.32,Medium,29-12-2025
Nagpur,Sitabuldi,Robbery,17,131082,Foggy,10,6.59,3,21.1458,79.0882,Low,17-10-2024
Mumbai,Dadar,Burglary,248,99781,Cloudy,40,7.89,11,19.0178,72.8478,High,24-09-2024
Mumbai,Dadar,Robbery,171,111596,Cloudy,78,4.45,11,19.0178,72.8478,High,06-01-2026
Nagpur,Sitabuldi,Robbery,83,134979,Sunny,58,8.17,6,21.1458,79.0882,Medium,28-04-2026
Nagpur,Sitabuldi,Fraud,71,182427,Foggy,12,9,10,21.1458,79.0882,Low,07-09-2025
Chhatrapati Sambhajinagar,Osmanpura,Assault,229,117007,Cloudy,129,14.24,8,19.87,75.33,High,16-03-2026
Nagpur,Dharampeth,Theft,164,37313,Foggy,132,10.2,4,21.129,79.0588,High,23-03-2026
Chhatrapati Sambhajinagar,Aurangpura,Cyber Crime,91,187457,Rainy,192,10.83,1,19.8762,75.3433,Medium,21-09-2025
Nagpur,Sitabuldi,Robbery,114,160748,Cloudy,93,7.64,10,21.1458,79.0882,Medium,24-10-2024
Nashik,Gangapur Road,Theft,122,31054,Cloudy,63,5.13,5,20.011,73.75,Medium,08-04-2025
Mumbai,Dadar,Burglary,217,126124,Sunny,129,6.12,5,19.0178,72.8478,High,09-01-2025
Pune,Baner,Fraud,227,164961,Rainy,165,4.63,5,18.559,73.7868,High,01-07-2025
Nagpur,Lakadganj,Robbery,131,37084,Foggy,36,3.18,6,21.1505,79.1155,Medium,21-08-2025
Pune,Hadapsar,Fraud,126,64244,Cloudy,131,8.49,11,18.5089,73.9259,Medium,17-11-2025
Nagpur,Jaripatka,Robbery,216,51485,Sunny,157,3.63,11,21.1801,79.0955,High,05-02-2025
Nashik,Gangapur Road,Assault,171,174815,Cloudy,80,4.91,2,20.011,73.75,High,12-10-2025
Pune,Hadapsar,Fraud,233,196410,Sunny,209,11.95,2,18.5089,73.9259,High,11-07-2025
Chhatrapati Sambhajinagar,Osmanpura,Robbery,190,87338,Rainy,83,4.33,12,19.87,75.33,High,12-06-2025
Mumbai,Colaba,Fraud,158,139846,Sunny,192,13,12,18.9067,72.8147,High,03-12-2024
Chhatrapati Sambhajinagar,Osmanpura,Cyber Crime,125,171542,Rainy,167,4.72,10,19.87,75.33,Medium,22-10-2025
Nashik,Nashik Road,Assault,54,189768,Sunny,202,12.58,7,19.9975,73.7898,Low,27-11-2024
Nashik,Nashik Road,Robbery,157,28899,Foggy,69,6.09,3,19.9975,73.7898,High,17-02-2026
Chhatrapati Sambhajinagar,Osmanpura,Cyber Crime,165,56572,Rainy,51,7.2,3,19.87,75.33,High,17-05-2024
Chhatrapati Sambhajinagar,Osmanpura,Cyber Crime,209,105140,Rainy,146,13.45,6,19.87,75.33,High,06-03-2026
Nashik,Nashik Road,Theft,171,183258,Sunny,35,10.47,5,19.9975,73.7898,High,08-09-2024
Nagpur,Dharampeth,Robbery,207,28519,Rainy,32,9.85,10,21.129,79.0588,High,13-06-2024
Chhatrapati Sambhajinagar,Aurangpura,Theft,18,43206,Foggy,26,12.99,7,19.8762,75.3433,Low,19-09-2025
Nagpur,Sadar,Theft,65,165987,Rainy,29,14.04,2,21.1642,79.0821,Low,06-06-2026
Nagpur,Civil Lines,Cyber Crime,248,60345,Cloudy,112,10.08,4,21.153,79.072,High,16-03-2025
Chhatrapati Sambhajinagar,Aurangpura,Fraud,55,190842,Cloudy,115,4.43,9,19.8762,75.3433,Low,31-05-2026
Mumbai,Bandra,Assault,228,155168,Cloudy,118,7.26,8,19.0596,72.8295,High,07-01-2026
Chhatrapati Sambhajinagar,Aurangpura,Robbery,229,104347,Sunny,170,5.05,10,19.8762,75.3433,High,28-04-2026
Chhatrapati Sambhajinagar,Osmanpura,Cyber Crime,19,53674,Sunny,68,6.89,6,19.87,75.33,Low,06-02-2025
Chhatrapati Sambhajinagar,Osmanpura,Cyber Crime,221,52077,Cloudy,22,4.97,7,19.87,75.33,High,01-03-2025
Chhatrapati Sambhajinagar,Aurangpura,Cyber Crime,195,41819,Sunny,28,5.9,7,19.8762,75.3433,High,20-06-2024
Nagpur,Shankar Nagar,Fraud,158,87316,Foggy,206,4.52,2,21.127,79.06,High,06-05-2024
Chhatrapati Sambhajinagar,Aurangpura,Assault,155,93072,Sunny,50,3.53,5,19.8762,75.3433,High,01-04-2025
Chhatrapati Sambhajinagar,CIDCO,Robbery,31,36729,Sunny,147,14.35,3,19.889,75.32,Low,20-12-2024
Chhatrapati Sambhajinagar,CIDCO,Cyber Crime,12,85826,Foggy,84,8.36,8,19.889,75.32,Low,07-01-2026
Chhatrapati Sambhajinagar,Aurangpura,Burglary,129,112602,Foggy,170,8.39,9,19.8762,75.3433,Medium,06-08-2024
Pune,Hadapsar,Cyber Crime,151,114580,Sunny,151,13.59,1,18.5089,73.9259,High,15-10-2024
Nagpur,Shankar Nagar,Burglary,171,99634,Rainy,163,13.72,11,21.127,79.06,High,17-12-2024
Mumbai,Andheri,Burglary,59,58684,Foggy,139,9.25,8,19.1136,72.8697,Low,26-01-2024
Chhatrapati Sambhajinagar,Aurangpura,Fraud,102,83656,Sunny,102,14.78,6,19.8762,75.3433,Medium,27-06-2025
Pune,Shivaji Nagar,Burglary,98,135335,Sunny,87,12.53,2,18.5308,73.8475,Medium,04-01-2025
Mumbai,Dadar,Cyber Crime,12,41349,Rainy,214,7.41,12,19.0178,72.8478,Low,26-03-2025
Nashik,Nashik Road,Cyber Crime,180,90243,Foggy,134,13.77,8,19.9975,73.7898,High,21-03-2024
Chhatrapati Sambhajinagar,Aurangpura,Theft,134,183256,Foggy,184,10.39,9,19.8762,75.3433,Medium,14-05-2026
Chhatrapati Sambhajinagar,Aurangpura,Cyber Crime,237,80701,Rainy,160,12.84,8,19.8762,75.3433,High,06-02-2025
Mumbai,Colaba,Fraud,200,115078,Foggy,105,12.27,12,18.9067,72.8147,High,29-05-2025
Nashik,Gangapur Road,Assault,151,46438,Sunny,164,3.77,1,20.011,73.75,High,06-01-2025
Nagpur,Dharampeth,Cyber Crime,48,28605,Foggy,158,14.84,11,21.129,79.0588,Low,10-02-2025
Nashik,CIDCO,Theft,217,95503,Foggy,13,13.13,9,19.9667,73.7667,High,07-12-2024
Nagpur,Shankar Nagar,Fraud,25,172245,Rainy,35,6.32,7,21.127,79.06,Low,13-07-2024
Pune,Wakad,Assault,73,57392,Sunny,191,14.41,7,18.5975,73.7637,Low,05-01-2025
Chhatrapati Sambhajinagar,Aurangpura,Cyber Crime,239,173740,Rainy,203,5.18,3,19.8762,75.3433,High,08-11-2024
Pune,Baner,Robbery,203,167414,Cloudy,112,3.88,10,18.559,73.7868,High,13-11-2024
Nagpur,Shankar Nagar,Assault,192,69107,Sunny,197,14.44,2,21.127,79.06,High,16-05-2025
Nagpur,Civil Lines,Burglary,28,165372,Cloudy,146,10.66,6,21.153,79.072,Low,29-01-2024
Nashik,CIDCO,Burglary,35,67118,Sunny,116,14.47,7,19.9667,73.7667,Low,14-08-2025
Pune,Hadapsar,Robbery,17,192937,Foggy,172,3.94,9,18.5089,73.9259,Low,18-07-2024
Chhatrapati Sambhajinagar,Aurangpura,Burglary,229,194469,Cloudy,180,5.92,5,19.8762,75.3433,High,20-12-2024
Mumbai,Bandra,Cyber Crime,103,146443,Sunny,31,7.57,11,19.0596,72.8295,Medium,07-09-2025
Mumbai,Andheri,Robbery,105,127545,Foggy,110,6.21,5,19.1136,72.8697,Medium,03-05-2026
Nashik,CIDCO,Cyber Crime,250,156010,Cloudy,11,4.12,3,19.9667,73.7667,High,02-12-2024
Pune,Hinjewadi,Assault,74,42646,Foggy,201,7.72,9,18.5912,73.7389,Low,03-07-2024
Chhatrapati Sambhajinagar,CIDCO,Robbery,115,199271,Foggy,86,4.17,12,19.889,75.32,Medium,01-05-2024
Pune,Shivaji Nagar,Robbery,39,160439,Rainy,189,4.7,2,18.5308,73.8475,Low,24-04-2026
Mumbai,Borivali,Fraud,151,51271,Cloudy,169,3.94,3,19.2307,72.8567,High,29-10-2025
Chhatrapati Sambhajinagar,Aurangpura,Theft,169,112427,Sunny,93,8.32,5,19.8762,75.3433,High,23-06-2025
Mumbai,Andheri,Theft,155,32098,Cloudy,103,12.64,9,19.1136,72.8697,High,17-10-2025
Nashik,Gangapur Road,Theft,243,103331,Rainy,69,12.08,10,20.011,73.75,High,31-05-2025
Nashik,CIDCO,Cyber Crime,33,82346,Foggy,186,10.49,1,19.9667,73.7667,Low,11-03-2026
Nashik,CIDCO,Robbery,87,100248,Sunny,147,11.83,6,19.9667,73.7667,Medium,26-07-2025
Nagpur,Sadar,Theft,26,92971,Sunny,59,13,9,21.1642,79.0821,Low,06-02-2025
Nagpur,Civil Lines,Assault,221,42584,Rainy,109,10.91,1,21.153,79.072,High,27-01-2026
Pune,Shivaji Nagar,Theft,108,117749,Rainy,137,8.95,11,18.5308,73.8475,Medium,16-01-2026
Nashik,Nashik Road,Cyber Crime,26,64866,Sunny,38,2.06,3,19.9975,73.7898,Low,24-11-2025
Nagpur,Lakadganj,Burglary,88,46575,Rainy,165,6.13,2,21.1505,79.1155,Medium,17-12-2024
Nashik,Gangapur Road,Fraud,36,152435,Rainy,144,7.86,12,20.011,73.75,Low,25-06-2024
Nagpur,Jaripatka,Cyber Crime,99,167340,Cloudy,34,4,2,21.1801,79.0955,Medium,08-04-2024
Pune,Hadapsar,Theft,31,66915,Foggy,144,10.3,4,18.5089,73.9259,Low,28-11-2024
Pune,Baner,Theft,86,184940,Rainy,91,4.81,7,18.559,73.7868,Medium,25-04-2025
Nashik,Nashik Road,Assault,184,111703,Foggy,161,14.46,10,19.9975,73.7898,High,02-03-2025
Pune,Hadapsar,Fraud,205,169162,Sunny,154,9.28,4,18.5089,73.9259,High,09-07-2024
Nagpur,Lakadganj,Assault,135,148643,Foggy,174,2.68,3,21.1505,79.1155,Medium,19-08-2024
Nagpur,Jaripatka,Cyber Crime,92,197086,Cloudy,63,4.39,3,21.1801,79.0955,Medium,15-06-2026
Mumbai,Andheri,Fraud,214,35889,Sunny,26,6.9,1,19.1136,72.8697,High,16-11-2025
Nashik,Nashik Road,Robbery,23,112701,Sunny,71,10.37,12,19.9975,73.7898,Low,02-06-2024
Pune,Hinjewadi,Burglary,82,97409,Cloudy,138,10.34,8,18.5912,73.7389,Medium,19-08-2025
Mumbai,Borivali,Assault,111,150667,Foggy,165,7.06,1,19.2307,72.8567,Medium,13-05-2024
Pune,Hinjewadi,Assault,141,118142,Rainy,112,12.57,7,18.5912,73.7389,Medium,14-08-2024
Nashik,Nashik Road,Burglary,82,194228,Cloudy,31,10.01,10,19.9975,73.7898,Medium,16-12-2024
Nashik,Gangapur Road,Burglary,208,30681,Rainy,114,11.86,6,20.011,73.75,High,14-05-2024
Nashik,CIDCO,Assault,156,167360,Foggy,12,4.72,3,19.9667,73.7667,High,19-06-2024
Chhatrapati Sambhajinagar,Aurangpura,Fraud,95,147449,Foggy,158,11.02,9,19.8762,75.3433,Medium,06-02-2024
Chhatrapati Sambhajinagar,Aurangpura,Assault,80,110864,Sunny,138,4.63,12,19.8762,75.3433,Medium,09-03-2024
Pune,Hadapsar,Assault,227,127609,Rainy,110,13.64,8,18.5089,73.9259,High,04-06-2024
Nashik,CIDCO,Fraud,140,86670,Cloudy,160,2.82,9,19.9667,73.7667,Medium,30-03-2026
Mumbai,Bandra,Theft,12,184395,Cloudy,72,7.93,4,19.0596,72.8295,Low,23-06-2025
Nashik,Gangapur Road,Cyber Crime,194,178556,Cloudy,180,11.32,12,20.011,73.75,High,21-07-2024
Mumbai,Powai,Robbery,114,172916,Foggy,95,11.12,4,19.1176,72.906,Medium,14-05-2025
Mumbai,Colaba,Cyber Crime,182,47279,Rainy,104,7.3,6,18.9067,72.8147,High,01-02-2024
Chhatrapati Sambhajinagar,CIDCO,Assault,250,143473,Cloudy,112,13.72,12,19.889,75.32,High,03-12-2025
Mumbai,Bandra,Robbery,119,116927,Cloudy,115,2.37,3,19.0596,72.8295,Medium,20-02-2025
Pune,Baner,Burglary,222,99447,Cloudy,67,13.53,7,18.559,73.7868,High,29-06-2025
Nagpur,Jaripatka,Cyber Crime,98,152246,Rainy,113,12.37,5,21.1801,79.0955,Medium,08-05-2025
Nagpur,Civil Lines,Theft,73,81118,Sunny,135,4.03,11,21.153,79.072,Low,09-08-2024
Pune,Hadapsar,Cyber Crime,154,41937,Sunny,188,2.89,2,18.5089,73.9259,High,12-09-2025
Pune,Kothrud,Assault,92,109460,Rainy,8,11.54,7,18.5074,73.8077,Medium,16-11-2024
Mumbai,Powai,Fraud,16,102720,Cloudy,174,5.89,10,19.1176,72.906,Low,01-08-2024
Pune,Hinjewadi,Cyber Crime,157,43306,Foggy,208,14.31,4,18.5912,73.7389,High,23-06-2024
Nagpur,Dharampeth,Theft,87,168389,Sunny,49,4.27,9,21.129,79.0588,Medium,20-11-2024
Chhatrapati Sambhajinagar,CIDCO,Burglary,102,146066,Cloudy,143,9.93,9,19.889,75.32,Medium,18-06-2026
Nagpur,Jaripatka,Assault,140,70570,Cloudy,128,5.3,6,21.1801,79.0955,Medium,22-04-2026
Pune,Baner,Cyber Crime,226,109679,Foggy,196,2.28,9,18.559,73.7868,High,06-09-2024
Nashik,Gangapur Road,Theft,31,93481,Sunny,143,9.03,3,20.011,73.75,Low,26-12-2025
Pune,Wakad,Burglary,196,151460,Sunny,196,9.34,5,18.5975,73.7637,High,04-07-2025
Nashik,Gangapur Road,Assault,87,147609,Sunny,31,4.3,2,20.011,73.75,Medium,05-01-2026
Nashik,Nashik Road,Robbery,124,89837,Rainy,72,4.38,6,19.9975,73.7898,Medium,22-08-2024
Chhatrapati Sambhajinagar,Osmanpura,Theft,132,166137,Rainy,22,3.02,4,19.87,75.33,Medium,20-02-2026
Pune,Wakad,Robbery,86,87432,Sunny,176,9.14,2,18.5975,73.7637,Medium,01-12-2025
Nagpur,Jaripatka,Fraud,33,192279,Sunny,176,14.93,2,21.1801,79.0955,Low,27-10-2025
Nagpur,Sadar,Cyber Crime,161,147096,Cloudy,30,7.66,9,21.1642,79.0821,High,19-12-2025
Chhatrapati Sambhajinagar,Osmanpura,Cyber Crime,216,145226,Foggy,20,14.47,12,19.87,75.33,High,14-03-2024
Pune,Hadapsar,Theft,110,37361,Foggy,139,5.26,2,18.5089,73.9259,Medium,23-04-2024
Nagpur,Shankar Nagar,Robbery,16,57030,Sunny,81,13.91,10,21.127,79.06,Low,27-04-2024
Chhatrapati Sambhajinagar,Aurangpura,Robbery,93,199971,Cloudy,68,9.24,5,19.8762,75.3433,Medium,11-06-2024
Pune,Hinjewadi,Theft,41,129093,Cloudy,179,6.5,1,18.5912,73.7389,Low,06-03-2025
Pune,Wakad,Robbery,104,174132,Foggy,111,13.4,6,18.5975,73.7637,Medium,28-08-2025
Pune,Baner,Cyber Crime,183,190687,Foggy,87,14.54,8,18.559,73.7868,High,29-06-2025
Nashik,CIDCO,Burglary,217,159168,Sunny,39,6.62,7,19.9667,73.7667,High,29-06-2024
Chhatrapati Sambhajinagar,Osmanpura,Fraud,48,99847,Rainy,167,14.48,1,19.87,75.33,Low,31-01-2024
Nashik,CIDCO,Cyber Crime,224,122036,Cloudy,155,14.17,7,19.9667,73.7667,High,26-05-2024
Nagpur,Sadar,Theft,104,38631,Cloudy,52,9.98,6,21.1642,79.0821,Medium,02-11-2025
Pune,Hinjewadi,Theft,25,25104,Foggy,186,9.74,7,18.5912,73.7389,Low,24-02-2026
Nashik,Nashik Road,Theft,193,67008,Foggy,111,7.94,7,19.9975,73.7898,High,04-10-2025
Chhatrapati Sambhajinagar,CIDCO,Fraud,140,147935,Foggy,139,2.14,12,19.889,75.32,Medium,16-12-2025
Chhatrapati Sambhajinagar,Osmanpura,Fraud,102,63066,Sunny,144,14.33,4,19.87,75.33,Medium,16-07-2025
Nagpur,Lakadganj,Theft,127,111228,Rainy,140,4.23,11,21.1505,79.1155,Medium,16-01-2025
Chhatrapati Sambhajinagar,Osmanpura,Cyber Crime,130,80872,Cloudy,33,11.08,11,19.87,75.33,Medium,28-05-2024
Pune,Kothrud,Robbery,128,119692,Rainy,164,12.3,5,18.5074,73.8077,Medium,02-09-2024
Mumbai,Dadar,Fraud,141,31798,Sunny,123,4.68,4,19.0178,72.8478,Medium,11-05-2024
Mumbai,Borivali,Burglary,111,65651,Sunny,51,6.9,1,19.2307,72.8567,Medium,06-11-2025
Mumbai,Dadar,Burglary,140,25077,Foggy,65,11.82,7,19.0178,72.8478,Medium,04-12-2024
Chhatrapati Sambhajinagar,Osmanpura,Burglary,144,152111,Foggy,182,3.92,4,19.87,75.33,Medium,23-04-2024
Nashik,CIDCO,Theft,151,59686,Rainy,159,4.17,9,19.9667,73.7667,High,23-08-2025
Nagpur,Dharampeth,Fraud,43,182169,Sunny,36,7.04,3,21.129,79.0588,Low,11-02-2024
Mumbai,Colaba,Burglary,168,98017,Rainy,198,3.87,1,18.9067,72.8147,High,13-11-2025
Nagpur,Shankar Nagar,Assault,212,75913,Rainy,203,2.62,10,21.127,79.06,High,12-11-2025
Nagpur,Sitabuldi,Cyber Crime,242,101783,Cloudy,173,5.31,11,21.1458,79.0882,High,21-04-2026
Nashik,Nashik Road,Burglary,206,163702,Cloudy,212,3.42,7,19.9975,73.7898,High,25-11-2024
Nagpur,Sadar,Cyber Crime,174,108749,Foggy,87,4.91,2,21.1642,79.0821,High,20-04-2024
Pune,Hadapsar,Robbery,178,174794,Foggy,193,6.08,8,18.5089,73.9259,High,11-04-2024
Pune,Shivaji Nagar,Theft,239,163587,Foggy,77,3.5,4,18.5308,73.8475,High,25-04-2026
Chhatrapati Sambhajinagar,CIDCO,Theft,237,121561,Cloudy,216,12.18,4,19.889,75.32,High,01-07-2025
Mumbai,Bandra,Robbery,234,50961,Foggy,29,12.9,12,19.0596,72.8295,High,22-06-2025
Chhatrapati Sambhajinagar,Aurangpura,Fraud,28,188431,Cloudy,135,12.59,6,19.8762,75.3433,Low,07-03-2024
Pune,Hinjewadi,Cyber Crime,104,93415,Foggy,55,3.43,12,18.5912,73.7389,Medium,03-01-2024
Nagpur,Jaripatka,Burglary,207,93270,Sunny,93,6.25,8,21.1801,79.0955,High,25-05-2026
Nashik,CIDCO,Fraud,114,60981,Sunny,136,2.45,6,19.9667,73.7667,Medium,15-06-2024
Nashik,Gangapur Road,Fraud,102,116630,Foggy,184,13.1,11,20.011,73.75,Medium,13-07-2024
Mumbai,Powai,Robbery,130,29600,Sunny,29,12.64,9,19.1176,72.906,Medium,03-10-2024
Pune,Kothrud,Assault,32,190082,Sunny,36,5.59,8,18.5074,73.8077,Low,20-09-2025
Pune,Shivaji Nagar,Assault,94,129411,Rainy,15,11.65,6,18.5308,73.8475,Medium,18-04-2025
Pune,Hadapsar,Theft,189,39546,Foggy,136,3.24,11,18.5089,73.9259,High,08-03-2026
Chhatrapati Sambhajinagar,Aurangpura,Burglary,207,136293,Rainy,55,5.29,1,19.8762,75.3433,High,09-12-2025
Mumbai,Powai,Fraud,73,62209,Rainy,152,3.43,8,19.1176,72.906,Low,02-07-2024
Nashik,CIDCO,Fraud,240,68690,Sunny,158,8.92,6,19.9667,73.7667,High,12-01-2025
Nashik,Nashik Road,Theft,147,157478,Sunny,17,4.71,7,19.9975,73.7898,Medium,03-01-2026
Mumbai,Bandra,Cyber Crime,130,77142,Cloudy,192,2.5,4,19.0596,72.8295,Medium,24-03-2025
Nagpur,Civil Lines,Robbery,194,136723,Rainy,13,11.7,8,21.153,79.072,High,26-03-2026
Mumbai,Bandra,Fraud,75,83244,Rainy,39,12.57,2,19.0596,72.8295,Low,26-02-2026
Nashik,Gangapur Road,Theft,109,108626,Rainy,112,2.47,5,20.011,73.75,Medium,19-07-2025
Pune,Kothrud,Assault,147,141381,Sunny,8,5.19,10,18.5074,73.8077,Medium,17-06-2025
Nagpur,Sitabuldi,Cyber Crime,115,120947,Rainy,197,14.71,5,21.1458,79.0882,Medium,21-01-2026
Mumbai,Colaba,Burglary,167,67594,Sunny,164,11.85,4,18.9067,72.8147,High,25-04-2024
Nashik,CIDCO,Fraud,163,65094,Sunny,98,12.21,9,19.9667,73.7667,High,13-11-2025
Nashik,Nashik Road,Fraud,83,171033,Sunny,163,10.28,2,19.9975,73.7898,Medium,18-10-2024
Nashik,Gangapur Road,Burglary,49,143660,Rainy,180,14.69,1,20.011,73.75,Low,04-04-2026
Mumbai,Bandra,Burglary,38,79951,Rainy,87,10.3,3,19.0596,72.8295,Low,26-03-2026
Chhatrapati Sambhajinagar,Aurangpura,Cyber Crime,114,161782,Cloudy,29,9.72,2,19.8762,75.3433,Medium,19-06-2026
Mumbai,Bandra,Assault,85,154422,Rainy,162,9.33,10,19.0596,72.8295,Medium,01-11-2025
Nagpur,Lakadganj,Fraud,196,117204,Rainy,27,7.14,7,21.1505,79.1155,High,10-09-2025
Mumbai,Borivali,Theft,70,181520,Rainy,97,5.89,10,19.2307,72.8567,Low,06-07-2024
Pune,Hadapsar,Cyber Crime,204,170129,Sunny,116,12.88,7,18.5089,73.9259,High,21-11-2024
Chhatrapati Sambhajinagar,Aurangpura,Fraud,147,173669,Sunny,6,14.85,9,19.8762,75.3433,Medium,09-06-2024
Pune,Hinjewadi,Assault,114,163707,Rainy,111,11.86,4,18.5912,73.7389,Medium,12-06-2024
Chhatrapati Sambhajinagar,Aurangpura,Cyber Crime,140,27990,Sunny,87,6.72,6,19.8762,75.3433,Medium,04-12-2024
Nashik,Nashik Road,Burglary,57,156428,Sunny,78,8.57,12,19.9975,73.7898,Low,10-03-2025
Chhatrapati Sambhajinagar,Osmanpura,Assault,226,179482,Cloudy,16,13.4,3,19.87,75.33,High,02-04-2025
Nashik,Nashik Road,Fraud,221,166660,Rainy,104,2.95,3,19.9975,73.7898,High,02-11-2024
Nagpur,Dharampeth,Assault,153,51579,Cloudy,181,10.25,1,21.129,79.0588,High,20-04-2025
Mumbai,Andheri,Fraud,68,47966,Rainy,61,9.53,4,19.1136,72.8697,Low,08-01-2024
Pune,Wakad,Cyber Crime,192,49240,Foggy,167,6.73,6,18.5975,73.7637,High,16-05-2025
Nagpur,Shankar Nagar,Robbery,136,126149,Cloudy,38,8.4,5,21.127,79.06,Medium,14-08-2025
Nagpur,Lakadganj,Cyber Crime,182,35213,Rainy,48,5,8,21.1505,79.1155,High,20-05-2024
Chhatrapati Sambhajinagar,Osmanpura,Theft,58,129732,Foggy,117,13.26,6,19.87,75.33,Low,07-06-2026
Nashik,Nashik Road,Fraud,10,131030,Sunny,107,12.62,5,19.9975,73.7898,Low,22-06-2025
Nagpur,Lakadganj,Cyber Crime,205,101487,Sunny,10,11.44,9,21.1505,79.1155,High,26-01-2025
Chhatrapati Sambhajinagar,Aurangpura,Fraud,181,122316,Foggy,98,13.31,3,19.8762,75.3433,High,21-06-2024
Pune,Baner,Burglary,158,45532,Cloudy,63,6.51,1,18.559,73.7868,High,07-10-2025
Nashik,CIDCO,Fraud,250,53995,Rainy,185,3.07,6,19.9667,73.7667,High,07-03-2024
Pune,Kothrud,Cyber Crime,137,178266,Foggy,122,7.87,5,18.5074,73.8077,Medium,17-07-2025
Mumbai,Dadar,Assault,192,129709,Rainy,99,13.63,5,19.0178,72.8478,High,05-12-2025
Nashik,Gangapur Road,Burglary,169,54145,Foggy,167,7.78,11,20.011,73.75,High,19-08-2024
Mumbai,Borivali,Robbery,111,83928,Rainy,195,3.33,6,19.2307,72.8567,Medium,21-02-2025
Mumbai,Dadar,Burglary,17,102002,Rainy,217,14.17,6,19.0178,72.8478,Low,01-04-2025
Nashik,Gangapur Road,Assault,25,53386,Cloudy,162,8,5,20.011,73.75,Low,14-02-2025
Nagpur,Jaripatka,Fraud,188,74445,Sunny,19,3.85,12,21.1801,79.0955,High,06-07-2024
Nashik,CIDCO,Assault,18,163904,Foggy,218,13.95,7,19.9667,73.7667,Low,27-01-2025
Pune,Hinjewadi,Theft,183,56969,Cloudy,57,13.94,12,18.5912,73.7389,High,24-08-2025
Chhatrapati Sambhajinagar,Aurangpura,Theft,165,195972,Foggy,122,13.15,7,19.8762,75.3433,High,20-05-2024
Chhatrapati Sambhajinagar,Aurangpura,Theft,250,126276,Foggy,84,3.3,1,19.8762,75.3433,High,29-10-2025
Chhatrapati Sambhajinagar,Osmanpura,Assault,79,67634,Foggy,5,7.35,2,19.87,75.33,Medium,28-03-2025
Nagpur,Jaripatka,Theft,185,121801,Cloudy,86,13.95,11,21.1801,79.0955,High,17-10-2025
Nashik,CIDCO,Fraud,116,40997,Cloudy,213,3.99,9,19.9667,73.7667,Medium,19-06-2024
Chhatrapati Sambhajinagar,Aurangpura,Cyber Crime,141,124615,Foggy,43,9.05,8,19.8762,75.3433,Medium,09-10-2024
Pune,Shivaji Nagar,Robbery,115,173872,Rainy,180,6.2,5,18.5308,73.8475,Medium,05-12-2025
Nagpur,Jaripatka,Fraud,131,199909,Sunny,151,13.08,4,21.1801,79.0955,Medium,02-01-2025
Chhatrapati Sambhajinagar,Aurangpura,Burglary,245,75847,Rainy,80,9.7,4,19.8762,75.3433,High,08-03-2026
Mumbai,Bandra,Cyber Crime,85,30097,Sunny,210,6.93,1,19.0596,72.8295,Medium,15-09-2024
Mumbai,Dadar,Assault,20,43814,Foggy,215,12.25,7,19.0178,72.8478,Low,23-02-2025
Nashik,Gangapur Road,Assault,237,68851,Rainy,33,10.98,7,20.011,73.75,High,09-05-2026
Nagpur,Civil Lines,Theft,195,187983,Rainy,95,6.06,8,21.153,79.072,High,02-04-2026
Pune,Baner,Fraud,55,83851,Cloudy,47,8.62,5,18.559,73.7868,Low,11-03-2026
Mumbai,Bandra,Burglary,123,44785,Cloudy,38,14.96,7,19.0596,72.8295,Medium,05-11-2024
Chhatrapati Sambhajinagar,Aurangpura,Burglary,40,174375,Sunny,77,13.01,8,19.8762,75.3433,Low,18-01-2026
Chhatrapati Sambhajinagar,Osmanpura,Robbery,115,171341,Cloudy,60,9.67,10,19.87,75.33,Medium,26-08-2024
Chhatrapati Sambhajinagar,Aurangpura,Assault,166,136215,Cloudy,50,10.63,8,19.8762,75.3433,High,08-09-2024
Nashik,CIDCO,Burglary,227,78448,Cloudy,174,13.11,10,19.9667,73.7667,High,07-03-2024
Nagpur,Dharampeth,Burglary,213,87046,Cloudy,52,6.43,10,21.129,79.0588,High,22-03-2024
Nagpur,Civil Lines,Assault,45,111329,Sunny,98,5,3,21.153,79.072,Low,05-10-2025
Nagpur,Sadar,Theft,150,148132,Cloudy,47,14.22,11,21.1642,79.0821,Medium,31-12-2025
Mumbai,Dadar,Burglary,237,181532,Foggy,141,2.64,7,19.0178,72.8478,High,02-09-2024
Nagpur,Jaripatka,Theft,191,126120,Rainy,92,4.27,3,21.1801,79.0955,High,26-01-2026
Chhatrapati Sambhajinagar,CIDCO,Theft,212,199073,Rainy,84,9.48,2,19.889,75.32,High,04-04-2026
Pune,Shivaji Nagar,Fraud,47,134859,Cloudy,135,10.96,1,18.5308,73.8475,Low,03-12-2025
Nagpur,Lakadganj,Cyber Crime,128,127327,Foggy,199,12.66,6,21.1505,79.1155,Medium,05-12-2025
Chhatrapati Sambhajinagar,CIDCO,Assault,171,118279,Rainy,37,3.92,12,19.889,75.32,High,01-08-2025
Pune,Baner,Cyber Crime,19,138733,Rainy,207,14.6,10,18.559,73.7868,Low,15-12-2025
Pune,Kothrud,Fraud,137,139923,Cloudy,76,5.6,6,18.5074,73.8077,Medium,28-06-2025
Nagpur,Shankar Nagar,Fraud,144,94015,Rainy,202,8.43,3,21.127,79.06,Medium,24-05-2024
Nagpur,Dharampeth,Assault,201,148403,Sunny,128,2.16,5,21.129,79.0588,High,12-08-2025
Pune,Hinjewadi,Cyber Crime,213,150566,Rainy,114,11.63,5,18.5912,73.7389,High,08-03-2025
Mumbai,Colaba,Fraud,203,73404,Cloudy,71,8.28,9,18.9067,72.8147,High,25-04-2024
Nagpur,Shankar Nagar,Robbery,48,112616,Sunny,30,13.17,10,21.127,79.06,Low,03-06-2026
Chhatrapati Sambhajinagar,Aurangpura,Robbery,212,48300,Rainy,43,14.24,11,19.8762,75.3433,High,05-05-2024
Mumbai,Andheri,Burglary,51,29504,Sunny,165,10.39,9,19.1136,72.8697,Low,02-05-2025
Pune,Hadapsar,Robbery,214,57245,Foggy,65,5.04,5,18.5089,73.9259,High,08-12-2024
Mumbai,Andheri,Assault,47,64914,Sunny,88,11.46,11,19.1136,72.8697,Low,23-01-2024
Pune,Kothrud,Fraud,201,144130,Sunny,134,3.18,3,18.5074,73.8077,High,12-07-2024
Mumbai,Bandra,Burglary,21,178324,Rainy,17,10.22,10,19.0596,72.8295,Low,25-03-2025
Chhatrapati Sambhajinagar,Aurangpura,Burglary,219,144533,Foggy,74,10.25,1,19.8762,75.3433,High,08-05-2024
Nagpur,Jaripatka,Fraud,174,166452,Rainy,197,5.88,10,21.1801,79.0955,High,06-01-2026
Nagpur,Lakadganj,Assault,124,114616,Cloudy,202,4.81,7,21.1505,79.1155,Medium,19-06-2024
Nagpur,Jaripatka,Assault,230,128127,Sunny,134,3.02,11,21.1801,79.0955,High,27-01-2025
Pune,Hadapsar,Assault,232,108025,Cloudy,94,11.64,11,18.5089,73.9259,High,17-02-2025
Nashik,CIDCO,Theft,142,29221,Cloudy,15,13.8,5,19.9667,73.7667,Medium,20-06-2024
Nashik,Nashik Road,Robbery,191,189812,Cloudy,194,11.34,2,19.9975,73.7898,High,11-02-2026
Nagpur,Sadar,Burglary,161,123370,Foggy,75,9.88,2,21.1642,79.0821,High,26-11-2025
Nashik,Gangapur Road,Fraud,126,192078,Rainy,38,9.96,1,20.011,73.75,Medium,29-01-2026
Chhatrapati Sambhajinagar,Aurangpura,Burglary,44,59195,Sunny,105,9.73,4,19.8762,75.3433,Low,16-11-2024
Mumbai,Bandra,Assault,154,41421,Sunny,102,5.21,8,19.0596,72.8295,High,13-01-2026
Nagpur,Shankar Nagar,Assault,43,83754,Rainy,51,7.35,9,21.127,79.06,Low,01-12-2025
Chhatrapati Sambhajinagar,Aurangpura,Robbery,106,86434,Cloudy,155,8.72,11,19.8762,75.3433,Medium,22-02-2025
Nagpur,Lakadganj,Cyber Crime,218,145419,Rainy,24,6.95,10,21.1505,79.1155,High,15-05-2024
Mumbai,Andheri,Robbery,141,45376,Cloudy,21,12.51,9,19.1136,72.8697,Medium,30-06-2025
Mumbai,Powai,Robbery,235,129724,Rainy,203,7.55,12,19.1176,72.906,High,05-02-2025
Nashik,Gangapur Road,Theft,193,199409,Foggy,188,3.79,4,20.011,73.75,High,18-11-2024
Pune,Kothrud,Fraud,198,165886,Sunny,201,12.16,4,18.5074,73.8077,High,15-12-2024
Nashik,CIDCO,Fraud,185,178849,Sunny,106,2.73,4,19.9667,73.7667,High,07-05-2026
Nashik,CIDCO,Cyber Crime,97,184354,Cloudy,21,2.88,9,19.9667,73.7667,Medium,23-07-2024
Nagpur,Dharampeth,Assault,167,192338,Rainy,91,12.94,7,21.129,79.0588,High,08-02-2026
Pune,Wakad,Burglary,22,134096,Foggy,11,12.04,1,18.5975,73.7637,Low,26-10-2025
Pune,Baner,Theft,247,29999,Rainy,95,8.74,3,18.559,73.7868,High,05-01-2024
Nashik,Nashik Road,Fraud,158,86425,Sunny,132,11.08,1,19.9975,73.7898,High,23-04-2026
Nashik,CIDCO,Theft,127,165483,Sunny,37,4.81,10,19.9667,73.7667,Medium,01-02-2024
Pune,Hadapsar,Robbery,203,76439,Cloudy,172,7.63,12,18.5089,73.9259,High,22-10-2025
Mumbai,Colaba,Cyber Crime,172,86895,Sunny,87,5.03,2,18.9067,72.8147,High,25-08-2024
Nashik,Gangapur Road,Fraud,242,150317,Cloudy,76,11.59,7,20.011,73.75,High,11-04-2025
Nagpur,Jaripatka,Theft,19,110044,Sunny,154,2.81,1,21.1801,79.0955,Low,05-01-2024
Nashik,Nashik Road,Cyber Crime,240,90423,Rainy,109,11.12,5,19.9975,73.7898,High,23-01-2026
Nashik,Gangapur Road,Burglary,231,122069,Sunny,32,14.58,2,20.011,73.75,High,22-02-2025
Nashik,Gangapur Road,Theft,51,58624,Rainy,128,14.79,10,20.011,73.75,Low,03-02-2025
Mumbai,Bandra,Cyber Crime,66,131450,Foggy,131,2.57,10,19.0596,72.8295,Low,05-04-2026
Nashik,CIDCO,Cyber Crime,57,168388,Rainy,134,8.52,2,19.9667,73.7667,Low,21-05-2025
Pune,Hadapsar,Cyber Crime,203,38672,Rainy,188,8.93,4,18.5089,73.9259,High,28-02-2026
Chhatrapati Sambhajinagar,CIDCO,Cyber Crime,188,183347,Cloudy,103,6.26,1,19.889,75.32,High,04-11-2024
Nashik,Nashik Road,Cyber Crime,216,65301,Rainy,205,12.32,1,19.9975,73.7898,High,03-10-2025
Mumbai,Bandra,Burglary,166,161298,Sunny,84,2.67,2,19.0596,72.8295,High,25-12-2025
Nashik,Gangapur Road,Assault,55,65678,Rainy,175,4.22,4,20.011,73.75,Low,10-06-2025
Chhatrapati Sambhajinagar,Osmanpura,Fraud,59,189893,Cloudy,126,7.32,6,19.87,75.33,Low,27-05-2025
Mumbai,Borivali,Fraud,24,144008,Sunny,126,14.55,8,19.2307,72.8567,Low,30-04-2024
Nagpur,Sadar,Assault,243,139650,Foggy,116,7.68,10,21.1642,79.0821,High,17-02-2025
Chhatrapati Sambhajinagar,CIDCO,Assault,128,55193,Foggy,49,3.98,10,19.889,75.32,Medium,22-02-2025
Nashik,Nashik Road,Fraud,129,171105,Cloudy,150,12.2,1,19.9975,73.7898,Medium,24-02-2025
Nashik,Gangapur Road,Assault,240,190680,Foggy,67,4.82,2,20.011,73.75,High,24-09-2025
Chhatrapati Sambhajinagar,Osmanpura,Fraud,33,57674,Cloudy,34,2.4,3,19.87,75.33,Low,06-11-2025
Nashik,Gangapur Road,Burglary,158,169196,Rainy,63,13.83,2,20.011,73.75,High,30-04-2024
Nashik,CIDCO,Robbery,119,65853,Cloudy,160,10.67,1,19.9667,73.7667,Medium,12-05-2024
Nashik,CIDCO,Robbery,26,126593,Rainy,141,11.99,8,19.9667,73.7667,Low,27-04-2026
Nagpur,Shankar Nagar,Robbery,18,60588,Foggy,117,13.84,1,21.127,79.06,Low,08-07-2025
Pune,Shivaji Nagar,Robbery,249,121985,Rainy,147,6.89,4,18.5308,73.8475,High,27-04-2024
Pune,Kothrud,Robbery,91,94090,Sunny,13,5.03,3,18.5074,73.8077,Medium,14-01-2026
Pune,Shivaji Nagar,Cyber Crime,13,70301,Cloudy,66,8.15,8,18.5308,73.8475,Low,25-02-2024
Mumbai,Dadar,Robbery,131,106795,Foggy,178,7.45,9,19.0178,72.8478,Medium,03-10-2025
Mumbai,Powai,Theft,142,190303,Rainy,200,10.16,1,19.1176,72.906,Medium,17-07-2025
Nashik,Gangapur Road,Assault,126,180127,Foggy,70,8.17,1,20.011,73.75,Medium,12-06-2024
Nashik,Nashik Road,Burglary,123,186249,Cloudy,60,5.2,5,19.9975,73.7898,Medium,06-04-2026
Nagpur,Sitabuldi,Assault,110,152946,Sunny,172,7.27,8,21.1458,79.0882,Medium,25-03-2025
Nagpur,Lakadganj,Fraud,153,51531,Foggy,33,7.42,3,21.1505,79.1155,High,28-09-2025
Nashik,CIDCO,Fraud,220,75273,Foggy,25,11.67,5,19.9667,73.7667,High,11-03-2024
Pune,Hadapsar,Robbery,50,91424,Rainy,130,4.43,9,18.5089,73.9259,Low,06-08-2025
Chhatrapati Sambhajinagar,CIDCO,Assault,33,98262,Rainy,148,8.7,1,19.889,75.32,Low,11-05-2025
Mumbai,Andheri,Robbery,131,163282,Sunny,58,2.27,11,19.1136,72.8697,Medium,10-03-2026
Mumbai,Dadar,Assault,204,187603,Foggy,134,4.67,9,19.0178,72.8478,High,10-02-2025
Chhatrapati Sambhajinagar,Aurangpura,Cyber Crime,188,169087,Cloudy,166,2.88,3,19.8762,75.3433,High,30-09-2024
Nashik,Nashik Road,Burglary,168,161095,Rainy,106,14,10,19.9975,73.7898,High,24-07-2024
Nashik,Gangapur Road,Robbery,124,67725,Rainy,176,6.51,4,20.011,73.75,Medium,28-05-2024
Chhatrapati Sambhajinagar,CIDCO,Burglary,155,54654,Foggy,103,9.11,10,19.889,75.32,High,21-01-2025
Nagpur,Shankar Nagar,Cyber Crime,157,190188,Sunny,217,12.38,8,21.127,79.06,High,16-06-2025
Nashik,CIDCO,Robbery,24,35853,Sunny,94,5.82,10,19.9667,73.7667,Low,09-04-2024
Pune,Hinjewadi,Burglary,124,28853,Rainy,159,5.38,11,18.5912,73.7389,Medium,26-06-2025
Mumbai,Powai,Cyber Crime,222,90053,Cloudy,114,7.09,5,19.1176,72.906,High,21-08-2025
Pune,Baner,Fraud,148,130250,Sunny,157,10.07,7,18.559,73.7868,Medium,09-07-2025
Pune,Kothrud,Robbery,176,120128,Sunny,175,11.19,11,18.5074,73.8077,High,26-02-2026
Pune,Shivaji Nagar,Burglary,188,45784,Sunny,40,13.19,1,18.5308,73.8475,High,11-09-2025
Nashik,Nashik Road,Burglary,81,30436,Sunny,52,3.66,2,19.9975,73.7898,Medium,08-09-2025
Mumbai,Borivali,Burglary,133,53881,Rainy,87,2.79,7,19.2307,72.8567,Medium,26-05-2025
Nashik,CIDCO,Theft,229,71891,Cloudy,13,4.99,11,19.9667,73.7667,High,24-08-2024
Chhatrapati Sambhajinagar,Osmanpura,Cyber Crime,211,39045,Sunny,140,10.83,3,19.87,75.33,High,25-03-2026
Nagpur,Sitabuldi,Robbery,181,155210,Rainy,144,9.91,12,21.1458,79.0882,High,27-02-2026
Pune,Wakad,Cyber Crime,232,198156,Rainy,88,7.88,9,18.5975,73.7637,High,01-11-2024
Nagpur,Sitabuldi,Fraud,209,60453,Foggy,38,11.28,5,21.1458,79.0882,High,21-01-2025
Chhatrapati Sambhajinagar,Aurangpura,Theft,24,29788,Rainy,161,3.4,3,19.8762,75.3433,Low,02-08-2024
Nashik,Nashik Road,Cyber Crime,249,78044,Cloudy,213,11.88,2,19.9975,73.7898,High,04-02-2024
Chhatrapati Sambhajinagar,Osmanpura,Robbery,235,110753,Sunny,115,4.38,12,19.87,75.33,High,07-07-2024
Chhatrapati Sambhajinagar,Aurangpura,Robbery,147,29633,Rainy,83,11.58,11,19.8762,75.3433,Medium,21-04-2025
Nashik,CIDCO,Assault,124,142472,Cloudy,42,10.65,3,19.9667,73.7667,Medium,29-01-2024
Nagpur,Sadar,Theft,244,137266,Rainy,208,8.99,11,21.1642,79.0821,High,14-10-2025
Chhatrapati Sambhajinagar,Osmanpura,Cyber Crime,149,34354,Cloudy,9,14.1,11,19.87,75.33,Medium,06-03-2026
Nagpur,Jaripatka,Assault,197,33314,Sunny,162,11.1,4,21.1801,79.0955,High,02-03-2024
Pune,Kothrud,Theft,131,121068,Foggy,48,11.95,2,18.5074,73.8077,Medium,21-12-2024
Nagpur,Dharampeth,Assault,45,50714,Sunny,179,3.79,5,21.129,79.0588,Low,13-01-2026
Mumbai,Borivali,Burglary,132,55040,Sunny,117,8.05,11,19.2307,72.8567,Medium,01-02-2024
Pune,Kothrud,Theft,15,114171,Cloudy,12,9.67,5,18.5074,73.8077,Low,03-02-2024
Chhatrapati Sambhajinagar,Osmanpura,Cyber Crime,39,147907,Cloudy,79,9.43,9,19.87,75.33,Low,11-08-2025
Mumbai,Andheri,Theft,26,193842,Sunny,45,10.31,9,19.1136,72.8697,Low,26-02-2025
Pune,Wakad,Fraud,71,131128,Foggy,23,4.65,4,18.5975,73.7637,Low,14-05-2025
Nashik,Gangapur Road,Burglary,44,34263,Foggy,133,6.95,1,20.011,73.75,Low,04-11-2025
Pune,Shivaji Nagar,Cyber Crime,88,48017,Foggy,167,5.23,7,18.5308,73.8475,Medium,09-01-2026
Mumbai,Borivali,Robbery,243,61503,Rainy,133,2.41,8,19.2307,72.8567,High,07-01-2024
Pune,Kothrud,Robbery,76,170843,Sunny,181,14.05,11,18.5074,73.8077,Medium,23-02-2024
Nashik,Nashik Road,Cyber Crime,26,115332,Foggy,37,12.34,11,19.9975,73.7898,Low,04-01-2026
Mumbai,Colaba,Robbery,24,98421,Foggy,196,11.64,12,18.9067,72.8147,Low,22-05-2024
Nagpur,Sitabuldi,Fraud,44,63589,Cloudy,91,13.42,5,21.1458,79.0882,Low,24-07-2024
Chhatrapati Sambhajinagar,Aurangpura,Cyber Crime,186,133421,Cloudy,67,11.02,10,19.8762,75.3433,High,13-08-2024
Mumbai,Powai,Fraud,183,187330,Cloudy,208,14.39,5,19.1176,72.906,High,31-03-2024
Chhatrapati Sambhajinagar,Aurangpura,Fraud,119,181052,Rainy,22,11.51,9,19.8762,75.3433,Medium,07-02-2026
Nashik,Gangapur Road,Theft,34,72484,Foggy,153,8.08,6,20.011,73.75,Low,27-08-2024
Nagpur,Jaripatka,Assault,122,171635,Sunny,113,4.29,10,21.1801,79.0955,Medium,15-01-2024
Pune,Baner,Assault,244,164412,Foggy,88,6.24,6,18.559,73.7868,High,30-01-2025
Nagpur,Shankar Nagar,Theft,62,186192,Foggy,183,12.06,3,21.127,79.06,Low,15-01-2025
Nashik,Gangapur Road,Robbery,40,142310,Foggy,113,9.78,12,20.011,73.75,Low,25-04-2025
Chhatrapati Sambhajinagar,CIDCO,Robbery,119,72783,Foggy,96,5.9,8,19.889,75.32,Medium,21-05-2025
Nagpur,Dharampeth,Cyber Crime,99,175797,Sunny,154,8.84,5,21.129,79.0588,Medium,07-04-2025
Nashik,CIDCO,Burglary,72,175270,Sunny,33,11.1,9,19.9667,73.7667,Low,23-02-2025
Nashik,Nashik Road,Theft,181,150240,Sunny,39,9.1,5,19.9975,73.7898,High,13-10-2025
Pune,Shivaji Nagar,Robbery,63,100166,Sunny,163,4.43,2,18.5308,73.8475,Low,22-04-2026
Chhatrapati Sambhajinagar,CIDCO,Burglary,149,50285,Sunny,188,10.75,9,19.889,75.32,Medium,04-08-2024
Mumbai,Andheri,Burglary,91,118146,Cloudy,131,3.51,8,19.1136,72.8697,Medium,09-05-2025
Pune,Hinjewadi,Robbery,74,75636,Sunny,196,5.9,1,18.5912,73.7389,Low,09-10-2024
Chhatrapati Sambhajinagar,Aurangpura,Fraud,93,46176,Rainy,166,11.14,1,19.8762,75.3433,Medium,07-10-2025
Pune,Baner,Robbery,242,139743,Sunny,23,13.82,7,18.559,73.7868,High,18-05-2026
Nagpur,Dharampeth,Theft,236,34254,Foggy,65,4.63,6,21.129,79.0588,High,11-04-2026
Nashik,Gangapur Road,Cyber Crime,86,27702,Rainy,84,3.26,4,20.011,73.75,Medium,01-09-2024
Pune,Kothrud,Cyber Crime,150,173914,Cloudy,104,4.49,11,18.5074,73.8077,Medium,19-11-2025
Pune,Hinjewadi,Cyber Crime,62,197697,Rainy,74,5.37,9,18.5912,73.7389,Low,26-03-2025
Mumbai,Colaba,Robbery,173,94339,Foggy,133,3.03,7,18.9067,72.8147,High,24-12-2025
Nashik,Gangapur Road,Cyber Crime,90,52695,Rainy,190,7.55,12,20.011,73.75,Medium,11-06-2025
Mumbai,Bandra,Fraud,217,66481,Foggy,93,6.78,6,19.0596,72.8295,High,24-06-2025
Nashik,Nashik Road,Cyber Crime,232,55243,Foggy,31,6.07,12,19.9975,73.7898,High,01-02-2025
Nagpur,Civil Lines,Theft,208,131893,Sunny,130,5.76,7,21.153,79.072,High,21-05-2024
Nashik,CIDCO,Cyber Crime,16,144762,Foggy,32,9.63,5,19.9667,73.7667,Low,01-03-2026
Mumbai,Colaba,Fraud,71,28536,Rainy,95,12.48,7,18.9067,72.8147,Low,24-01-2026
Nagpur,Sitabuldi,Robbery,180,97754,Cloudy,129,10.2,6,21.1458,79.0882,High,27-08-2024
Chhatrapati Sambhajinagar,CIDCO,Theft,160,43199,Sunny,92,2.07,1,19.889,75.32,High,04-01-2026
Nagpur,Shankar Nagar,Cyber Crime,179,93888,Sunny,179,14.44,11,21.127,79.06,High,21-04-2026
Chhatrapati Sambhajinagar,Osmanpura,Burglary,159,174631,Rainy,108,8.94,1,19.87,75.33,High,26-08-2024
Nashik,CIDCO,Assault,118,155431,Foggy,51,9.57,10,19.9667,73.7667,Medium,10-08-2025
Nagpur,Shankar Nagar,Assault,54,40385,Sunny,128,12.83,1,21.127,79.06,Low,15-04-2025
Nashik,Nashik Road,Assault,73,141578,Rainy,24,11.8,7,19.9975,73.7898,Low,24-02-2025
Mumbai,Borivali,Robbery,130,122442,Cloudy,81,9.87,8,19.2307,72.8567,Medium,12-02-2026
Mumbai,Dadar,Fraud,210,106641,Rainy,83,7.27,8,19.0178,72.8478,High,05-01-2025
Mumbai,Colaba,Assault,90,51761,Cloudy,154,12.68,11,18.9067,72.8147,Medium,02-10-2024
Nagpur,Sadar,Cyber Crime,246,106931,Cloudy,53,12.96,1,21.1642,79.0821,High,30-07-2024
Pune,Wakad,Fraud,69,173782,Cloudy,35,8.64,12,18.5975,73.7637,Low,07-04-2024
Nashik,Gangapur Road,Burglary,40,116141,Rainy,28,7.14,9,20.011,73.75,Low,28-05-2024
Pune,Hadapsar,Robbery,160,157558,Sunny,110,12.59,10,18.5089,73.9259,High,26-04-2025
Mumbai,Dadar,Assault,117,56133,Cloudy,125,11.03,1,19.0178,72.8478,Medium,05-08-2024
Nashik,Nashik Road,Fraud,209,69319,Cloudy,208,5.79,5,19.9975,73.7898,High,07-01-2026
Pune,Hadapsar,Burglary,72,141842,Rainy,164,5.78,9,18.5089,73.9259,Low,05-06-2025
Nashik,Gangapur Road,Burglary,76,142921,Sunny,208,8.99,8,20.011,73.75,Medium,17-05-2025
Nagpur,Lakadganj,Assault,199,168059,Sunny,22,14.04,6,21.1505,79.1155,High,13-02-2025
Chhatrapati Sambhajinagar,Aurangpura,Cyber Crime,64,76490,Foggy,201,5.79,10,19.8762,75.3433,Low,01-10-2025
Nagpur,Jaripatka,Fraud,46,84107,Foggy,145,3.27,11,21.1801,79.0955,Low,10-03-2026
Mumbai,Colaba,Theft,103,99213,Sunny,8,10.73,9,18.9067,72.8147,Medium,23-09-2024
Pune,Kothrud,Fraud,194,42386,Sunny,60,6.38,2,18.5074,73.8077,High,02-12-2025
Pune,Wakad,Cyber Crime,125,84583,Cloudy,28,7.55,5,18.5975,73.7637,Medium,18-06-2026
Chhatrapati Sambhajinagar,CIDCO,Burglary,186,117493,Foggy,93,3.93,5,19.889,75.32,High,15-06-2026
Mumbai,Bandra,Robbery,243,85769,Cloudy,153,11.05,1,19.0596,72.8295,High,27-06-2025
Chhatrapati Sambhajinagar,CIDCO,Burglary,109,46740,Sunny,188,7.05,12,19.889,75.32,Medium,12-04-2026
Nagpur,Sitabuldi,Cyber Crime,220,124154,Foggy,187,4.32,4,21.1458,79.0882,High,01-12-2024
Nagpur,Jaripatka,Theft,18,84976,Cloudy,21,2.88,6,21.1801,79.0955,Low,09-01-2024
Mumbai,Bandra,Fraud,178,172891,Sunny,182,5.03,9,19.0596,72.8295,High,23-01-2024
Nagpur,Shankar Nagar,Fraud,243,135126,Foggy,59,13.41,9,21.127,79.06,High,09-05-2024
Pune,Shivaji Nagar,Cyber Crime,174,130061,Rainy,121,14.14,1,18.5308,73.8475,High,20-10-2025
Nashik,Nashik Road,Burglary,90,183277,Rainy,156,3.25,9,19.9975,73.7898,Medium,27-07-2025
Nashik,Gangapur Road,Burglary,196,55218,Foggy,101,9.47,11,20.011,73.75,High,02-03-2025
Nashik,Gangapur Road,Theft,171,54305,Foggy,173,3.48,2,20.011,73.75,High,29-05-2026
Chhatrapati Sambhajinagar,Osmanpura,Burglary,205,83928,Foggy,207,12.11,2,19.87,75.33,High,27-09-2025
Pune,Hadapsar,Theft,172,110073,Cloudy,103,9.56,11,18.5089,73.9259,High,07-05-2024
Nagpur,Lakadganj,Assault,57,179968,Cloudy,113,4.3,6,21.1505,79.1155,Low,01-03-2025
Pune,Wakad,Cyber Crime,89,57065,Cloudy,48,7.85,11,18.5975,73.7637,Medium,26-08-2025
Nashik,Nashik Road,Cyber Crime,210,163728,Rainy,34,13.58,1,19.9975,73.7898,High,04-12-2024
Pune,Wakad,Fraud,171,129786,Rainy,69,8.92,12,18.5975,73.7637,High,19-07-2025
Chhatrapati Sambhajinagar,Aurangpura,Robbery,131,183130,Rainy,132,2.87,7,19.8762,75.3433,Medium,14-09-2024
Nashik,CIDCO,Theft,73,104016,Sunny,28,4.86,4,19.9667,73.7667,Low,04-07-2024
Nashik,Gangapur Road,Robbery,49,91944,Rainy,169,5.99,2,20.011,73.75,Low,17-08-2025
Pune,Baner,Assault,150,151451,Rainy,37,10.01,6,18.559,73.7868,Medium,30-04-2026
Nashik,Gangapur Road,Robbery,73,135697,Rainy,89,10.53,1,20.011,73.75,Low,09-12-2024
Mumbai,Colaba,Theft,183,89460,Rainy,31,14.48,6,18.9067,72.8147,High,18-10-2025
Chhatrapati Sambhajinagar,CIDCO,Robbery,194,170533,Cloudy,112,11.57,4,19.889,75.32,High,20-06-2025
Chhatrapati Sambhajinagar,Osmanpura,Assault,233,142358,Rainy,114,7.81,5,19.87,75.33,High,10-09-2025
Nashik,Gangapur Road,Fraud,194,173364,Sunny,189,5.43,4,20.011,73.75,High,25-05-2025
Mumbai,Colaba,Cyber Crime,31,136900,Cloudy,68,12.16,12,18.9067,72.8147,Low,04-04-2024
Nagpur,Shankar Nagar,Assault,109,137482,Sunny,139,2.31,1,21.127,79.06,Medium,24-11-2024
Mumbai,Colaba,Theft,92,86178,Sunny,94,4.4,6,18.9067,72.8147,Medium,09-10-2025
Mumbai,Powai,Theft,36,60249,Rainy,49,14.54,8,19.1176,72.906,Low,19-01-2024
Mumbai,Colaba,Cyber Crime,39,106915,Cloudy,72,2.87,9,18.9067,72.8147,Low,09-11-2025
Pune,Hadapsar,Fraud,184,143018,Foggy,208,7.7,9,18.5089,73.9259,High,16-02-2024
Mumbai,Bandra,Theft,14,196825,Cloudy,31,8.43,8,19.0596,72.8295,Low,25-02-2024
Nashik,Gangapur Road,Burglary,43,145029,Rainy,72,2.57,3,20.011,73.75,Low,24-04-2026
Pune,Kothrud,Fraud,80,43513,Sunny,99,5.37,3,18.5074,73.8077,Medium,20-02-2025
Nagpur,Jaripatka,Burglary,158,136756,Cloudy,16,2.75,4,21.1801,79.0955,High,19-12-2024
Nashik,CIDCO,Cyber Crime,194,104613,Sunny,88,13.24,1,19.9667,73.7667,High,05-04-2026
Chhatrapati Sambhajinagar,Osmanpura,Fraud,117,104908,Cloudy,209,8.87,10,19.87,75.33,Medium,27-03-2024
Mumbai,Colaba,Assault,72,128971,Foggy,194,6.95,2,18.9067,72.8147,Low,24-04-2024
Nagpur,Jaripatka,Cyber Crime,78,75240,Sunny,126,5.21,5,21.1801,79.0955,Medium,23-02-2025
Chhatrapati Sambhajinagar,CIDCO,Fraud,148,91393,Sunny,105,9.67,5,19.889,75.32,Medium,20-08-2025
Chhatrapati Sambhajinagar,Osmanpura,Fraud,56,126871,Sunny,57,14.52,7,19.87,75.33,Low,08-02-2025
Nashik,Nashik Road,Burglary,176,144054,Foggy,81,3.4,9,19.9975,73.7898,High,02-01-2026
Pune,Hadapsar,Burglary,173,186201,Rainy,77,12.49,11,18.5089,73.9259,High,13-10-2024
Mumbai,Bandra,Fraud,90,29846,Rainy,73,2.06,4,19.0596,72.8295,Medium,08-01-2024
Mumbai,Powai,Cyber Crime,193,151191,Sunny,111,2.66,7,19.1176,72.906,High,17-06-2025
Mumbai,Andheri,Assault,53,153051,Sunny,25,6.31,9,19.1136,72.8697,Low,19-01-2026
Chhatrapati Sambhajinagar,CIDCO,Assault,179,88293,Foggy,19,12.19,2,19.889,75.32,High,20-04-2024
Chhatrapati Sambhajinagar,Aurangpura,Burglary,159,199575,Rainy,181,4.17,4,19.8762,75.3433,High,12-02-2026
Nashik,Gangapur Road,Robbery,143,92527,Cloudy,175,5.1,5,20.011,73.75,Medium,08-01-2024
Chhatrapati Sambhajinagar,Aurangpura,Assault,88,37653,Rainy,193,9.48,11,19.8762,75.3433,Medium,19-06-2024
Nagpur,Dharampeth,Burglary,120,25814,Rainy,171,2.9,2,21.129,79.0588,Medium,16-03-2026
Chhatrapati Sambhajinagar,Osmanpura,Robbery,47,162194,Cloudy,116,3.97,12,19.87,75.33,Low,05-02-2024
Chhatrapati Sambhajinagar,Osmanpura,Burglary,207,110864,Sunny,118,4.58,10,19.87,75.33,High,18-11-2024
Nashik,Gangapur Road,Cyber Crime,66,66202,Foggy,40,8.23,10,20.011,73.75,Low,17-01-2025
Nashik,CIDCO,Fraud,161,67599,Rainy,108,12.65,1,19.9667,73.7667,High,22-09-2025
Nashik,CIDCO,Burglary,20,144063,Foggy,115,14.35,8,19.9667,73.7667,Low,31-08-2024
Pune,Wakad,Fraud,126,52723,Foggy,24,8.34,12,18.5975,73.7637,Medium,05-02-2025
Chhatrapati Sambhajinagar,Aurangpura,Cyber Crime,247,154449,Rainy,152,3.86,6,19.8762,75.3433,High,06-09-2025
Chhatrapati Sambhajinagar,CIDCO,Fraud,165,153457,Sunny,200,13.74,1,19.889,75.32,High,10-12-2025
Mumbai,Powai,Cyber Crime,78,191490,Rainy,66,14.1,8,19.1176,72.906,Medium,10-03-2024
Nagpur,Civil Lines,Cyber Crime,220,134268,Cloudy,150,12.45,5,21.153,79.072,High,22-06-2025
Chhatrapati Sambhajinagar,Osmanpura,Robbery,186,107707,Foggy,44,7.87,8,19.87,75.33,High,16-07-2024
Pune,Baner,Fraud,148,84302,Sunny,104,8.11,11,18.559,73.7868,Medium,14-02-2024
Chhatrapati Sambhajinagar,Aurangpura,Assault,82,31938,Cloudy,119,6.72,8,19.8762,75.3433,Medium,08-01-2026
Mumbai,Borivali,Cyber Crime,23,72421,Foggy,70,10.76,1,19.2307,72.8567,Low,10-02-2026
Mumbai,Colaba,Theft,194,146808,Cloudy,45,13.05,10,18.9067,72.8147,High,24-12-2025
Nashik,Gangapur Road,Cyber Crime,136,77327,Cloudy,140,8.37,8,20.011,73.75,Medium,19-10-2024
Chhatrapati Sambhajinagar,Osmanpura,Assault,127,127071,Cloudy,195,4.65,11,19.87,75.33,Medium,26-09-2025
Nashik,Gangapur Road,Theft,239,172802,Foggy,203,10.67,9,20.011,73.75,High,06-01-2025
Nagpur,Civil Lines,Assault,126,88036,Foggy,160,4.84,4,21.153,79.072,Medium,06-02-2025
Chhatrapati Sambhajinagar,CIDCO,Fraud,114,41931,Foggy,23,8.34,5,19.889,75.32,Medium,16-06-2026
Nashik,Gangapur Road,Fraud,183,93560,Sunny,71,13.33,3,20.011,73.75,High,15-05-2024
Chhatrapati Sambhajinagar,CIDCO,Cyber Crime,131,146360,Rainy,167,2.42,4,19.889,75.32,Medium,10-11-2024
Nashik,Gangapur Road,Theft,162,112766,Foggy,13,12.03,8,20.011,73.75,High,02-12-2024
Mumbai,Borivali,Burglary,187,74660,Cloudy,44,12.83,6,19.2307,72.8567,High,04-12-2025
Nashik,Nashik Road,Theft,217,156712,Foggy,164,13.25,2,19.9975,73.7898,High,07-06-2026
Nagpur,Lakadganj,Cyber Crime,29,147251,Foggy,44,14.08,5,21.1505,79.1155,Low,14-07-2025
Pune,Hinjewadi,Fraud,242,187841,Sunny,116,3.59,8,18.5912,73.7389,High,19-12-2025
Nagpur,Shankar Nagar,Cyber Crime,158,166570,Sunny,73,8.85,12,21.127,79.06,High,02-01-2024
Chhatrapati Sambhajinagar,Aurangpura,Assault,29,182766,Foggy,104,13.03,4,19.8762,75.3433,Low,03-01-2024
Nashik,Nashik Road,Assault,33,90956,Rainy,95,12.99,11,19.9975,73.7898,Low,28-03-2025
Mumbai,Borivali,Robbery,103,128327,Sunny,200,6.13,10,19.2307,72.8567,Medium,19-03-2025
Nagpur,Sitabuldi,Fraud,110,144682,Rainy,103,8.47,3,21.1458,79.0882,Medium,28-02-2025
Nashik,Gangapur Road,Robbery,83,180128,Foggy,131,3.93,2,20.011,73.75,Medium,17-10-2025
Nagpur,Shankar Nagar,Robbery,86,120855,Foggy,137,10.3,4,21.127,79.06,Medium,24-01-2024
Mumbai,Bandra,Robbery,248,151918,Sunny,23,6.58,5,19.0596,72.8295,High,27-11-2025
Nagpur,Dharampeth,Theft,233,45314,Rainy,120,10.15,2,21.129,79.0588,High,03-12-2025
Nashik,CIDCO,Fraud,170,182751,Foggy,202,9.81,10,19.9667,73.7667,High,02-04-2026
Chhatrapati Sambhajinagar,CIDCO,Robbery,125,52065,Cloudy,214,12.5,2,19.889,75.32,Medium,17-03-2026
Chhatrapati Sambhajinagar,CIDCO,Assault,187,83595,Foggy,78,6.46,5,19.889,75.32,High,25-07-2024
Pune,Hadapsar,Theft,130,58627,Sunny,125,11.78,9,18.5089,73.9259,Medium,07-03-2026
Pune,Hinjewadi,Fraud,61,68868,Foggy,8,14.37,5,18.5912,73.7389,Low,20-05-2025
Pune,Hinjewadi,Fraud,72,35288,Sunny,203,12.98,3,18.5912,73.7389,Low,10-05-2026
Nashik,Gangapur Road,Burglary,231,130531,Rainy,122,12.57,5,20.011,73.75,High,03-03-2025
Nashik,CIDCO,Fraud,16,34188,Foggy,103,5.59,5,19.9667,73.7667,Low,16-06-2024
Pune,Wakad,Fraud,246,143117,Foggy,32,12.25,3,18.5975,73.7637,High,29-11-2024
Chhatrapati Sambhajinagar,CIDCO,Burglary,46,50491,Rainy,91,8.66,3,19.889,75.32,Low,25-05-2025
Nashik,CIDCO,Theft,68,122675,Rainy,192,14.82,5,19.9667,73.7667,Low,12-02-2025
Pune,Kothrud,Theft,54,91579,Sunny,77,2.61,9,18.5074,73.8077,Low,01-09-2025
Nagpur,Sitabuldi,Theft,30,64516,Cloudy,47,4.42,6,21.1458,79.0882,Low,21-06-2024
Mumbai,Andheri,Fraud,109,33104,Cloudy,133,13.96,9,19.1136,72.8697,Medium,01-09-2024
Nagpur,Dharampeth,Burglary,113,123139,Cloudy,22,4.33,5,21.129,79.0588,Medium,23-12-2024
Nagpur,Jaripatka,Fraud,76,44783,Foggy,65,12.73,8,21.1801,79.0955,Medium,17-05-2025
Chhatrapati Sambhajinagar,Aurangpura,Robbery,135,183933,Foggy,167,6.44,6,19.8762,75.3433,Medium,21-12-2024
Nagpur,Sitabuldi,Burglary,153,65601,Rainy,18,14.73,2,21.1458,79.0882,High,17-03-2024
Nashik,CIDCO,Burglary,40,139520,Cloudy,196,14.12,12,19.9667,73.7667,Low,05-01-2026
Nashik,Nashik Road,Robbery,34,33195,Rainy,165,14.48,10,19.9975,73.7898,Low,30-05-2025
Chhatrapati Sambhajinagar,Osmanpura,Theft,27,157698,Rainy,95,8.94,8,19.87,75.33,Low,24-06-2025
Nashik,Nashik Road,Theft,72,26096,Sunny,35,3.89,8,19.9975,73.7898,Low,05-04-2025
Mumbai,Powai,Robbery,241,117434,Rainy,178,4.59,10,19.1176,72.906,High,16-04-2024
Nagpur,Sitabuldi,Cyber Crime,30,88979,Foggy,74,12.16,2,21.1458,79.0882,Low,19-10-2024
Nagpur,Lakadganj,Cyber Crime,16,192882,Rainy,63,3.46,1,21.1505,79.1155,Low,13-01-2024
Nagpur,Sitabuldi,Theft,96,180170,Sunny,163,8.63,4,21.1458,79.0882,Medium,13-06-2024
Nashik,Nashik Road,Assault,152,199905,Sunny,128,10.83,3,19.9975,73.7898,High,12-01-2025
Mumbai,Andheri,Cyber Crime,84,65462,Cloudy,173,11.57,1,19.1136,72.8697,Medium,08-01-2026
Mumbai,Powai,Assault,140,123223,Sunny,110,9.09,4,19.1176,72.906,Medium,04-09-2024
Nagpur,Jaripatka,Fraud,218,33642,Foggy,6,9.05,7,21.1801,79.0955,High,31-05-2025
Chhatrapati Sambhajinagar,CIDCO,Assault,245,170438,Cloudy,172,9.95,5,19.889,75.32,High,28-01-2025
Nagpur,Dharampeth,Fraud,87,163398,Sunny,154,11.98,5,21.129,79.0588,Medium,02-11-2025
Chhatrapati Sambhajinagar,Aurangpura,Burglary,136,168481,Sunny,68,7.13,1,19.8762,75.3433,Medium,13-11-2024
Chhatrapati Sambhajinagar,Osmanpura,Cyber Crime,31,171557,Rainy,124,8.38,10,19.87,75.33,Low,16-12-2024
Nagpur,Sadar,Assault,171,43462,Rainy,194,12.37,11,21.1642,79.0821,High,30-01-2026
Chhatrapati Sambhajinagar,CIDCO,Cyber Crime,232,163438,Rainy,117,9.26,4,19.889,75.32,High,15-06-2024
Nagpur,Shankar Nagar,Cyber Crime,188,197684,Sunny,147,14.99,6,21.127,79.06,High,26-04-2026
Mumbai,Dadar,Cyber Crime,24,124387,Rainy,177,10.25,5,19.0178,72.8478,Low,20-09-2025
Mumbai,Andheri,Robbery,44,66127,Sunny,18,7.94,12,19.1136,72.8697,Low,12-08-2024
Nagpur,Sadar,Assault,64,123350,Cloudy,74,11.59,12,21.1642,79.0821,Low,16-12-2024
Mumbai,Dadar,Robbery,177,134180,Rainy,171,3.59,11,19.0178,72.8478,High,14-04-2024
Nagpur,Lakadganj,Fraud,138,70986,Cloudy,215,3.77,12,21.1505,79.1155,Medium,28-07-2025
Nashik,Nashik Road,Robbery,34,150339,Cloudy,85,8.95,12,19.9975,73.7898,Low,26-08-2025
Pune,Hadapsar,Robbery,200,165361,Sunny,31,7.68,2,18.5089,73.9259,High,07-10-2025
Mumbai,Colaba,Assault,221,193933,Cloudy,30,11.69,1,18.9067,72.8147,High,09-10-2025
Pune,Hinjewadi,Cyber Crime,172,77217,Cloudy,68,2.38,7,18.5912,73.7389,High,08-08-2025
Chhatrapati Sambhajinagar,CIDCO,Cyber Crime,76,31607,Rainy,145,6.25,12,19.889,75.32,Medium,06-02-2024
Chhatrapati Sambhajinagar,Aurangpura,Theft,138,118836,Rainy,129,11.7,1,19.8762,75.3433,Medium,08-05-2024
Mumbai,Bandra,Theft,81,170213,Rainy,78,4.3,5,19.0596,72.8295,Medium,04-01-2024
Chhatrapati Sambhajinagar,Osmanpura,Robbery,24,128983,Cloudy,115,9.37,5,19.87,75.33,Low,10-05-2026
Pune,Kothrud,Burglary,19,105537,Rainy,216,9.78,2,18.5074,73.8077,Low,06-01-2024
Nashik,Gangapur Road,Robbery,135,132346,Sunny,148,11.74,8,20.011,73.75,Medium,02-02-2025
Mumbai,Colaba,Assault,146,146763,Cloudy,42,13.33,6,18.9067,72.8147,Medium,19-10-2024
Mumbai,Powai,Cyber Crime,103,152652,Foggy,17,8.58,2,19.1176,72.906,Medium,29-10-2024
Pune,Wakad,Burglary,71,99304,Rainy,124,10.86,11,18.5975,73.7637,Low,05-08-2024
Nagpur,Sadar,Burglary,28,138022,Sunny,217,11.26,9,21.1642,79.0821,Low,09-05-2026
Nagpur,Dharampeth,Cyber Crime,57,65560,Foggy,31,7.31,1,21.129,79.0588,Low,01-10-2025
Nagpur,Lakadganj,Assault,91,92400,Rainy,207,11.08,2,21.1505,79.1155,Medium,06-06-2024
Nagpur,Lakadganj,Robbery,160,78058,Rainy,107,12.16,7,21.1505,79.1155,High,18-04-2025
Nagpur,Lakadganj,Burglary,240,104693,Sunny,78,4.13,4,21.1505,79.1155,High,17-12-2025
Chhatrapati Sambhajinagar,Aurangpura,Cyber Crime,18,118496,Foggy,45,3.99,2,19.8762,75.3433,Low,24-02-2025
Nagpur,Sadar,Robbery,120,94443,Foggy,178,10.58,4,21.1642,79.0821,Medium,05-03-2026
Nagpur,Jaripatka,Cyber Crime,107,53478,Rainy,208,8.95,8,21.1801,79.0955,Medium,17-08-2024
Nagpur,Civil Lines,Fraud,209,152250,Sunny,29,12.37,8,21.153,79.072,High,29-03-2025
Nashik,CIDCO,Burglary,155,46951,Foggy,131,12.04,6,19.9667,73.7667,High,27-03-2024
Chhatrapati Sambhajinagar,Aurangpura,Theft,246,170847,Foggy,192,3.56,11,19.8762,75.3433,High,17-05-2024
Pune,Baner,Cyber Crime,74,157721,Foggy,42,7.79,11,18.559,73.7868,Low,14-06-2024
Nashik,CIDCO,Robbery,33,82134,Cloudy,74,7.02,8,19.9667,73.7667,Low,22-08-2024
Pune,Baner,Assault,15,91657,Foggy,60,9.41,6,18.559,73.7868,Low,01-03-2024
Pune,Kothrud,Robbery,30,80990,Rainy,14,6.2,3,18.5074,73.8077,Low,03-05-2024
Chhatrapati Sambhajinagar,CIDCO,Robbery,50,100206,Rainy,46,14.94,3,19.889,75.32,Low,17-12-2024
Pune,Hinjewadi,Robbery,65,34014,Foggy,167,2.57,3,18.5912,73.7389,Low,15-05-2025
Nagpur,Dharampeth,Theft,238,166188,Rainy,218,6,10,21.129,79.0588,High,29-02-2024
Pune,Baner,Cyber Crime,18,29869,Rainy,218,6.26,11,18.559,73.7868,Low,13-11-2024
Nashik,CIDCO,Burglary,107,83448,Sunny,135,6.48,1,19.9667,73.7667,Medium,16-02-2026
Chhatrapati Sambhajinagar,Aurangpura,Fraud,236,69605,Rainy,135,4.77,9,19.8762,75.3433,High,24-07-2025
Pune,Kothrud,Robbery,152,135420,Rainy,153,14.07,5,18.5074,73.8077,High,03-03-2025
Pune,Shivaji Nagar,Cyber Crime,55,120696,Rainy,112,13.14,5,18.5308,73.8475,Low,20-03-2024
Pune,Hinjewadi,Burglary,74,169551,Rainy,137,7.4,4,18.5912,73.7389,Low,16-11-2025
Pune,Hinjewadi,Fraud,25,81218,Cloudy,160,12.12,9,18.5912,73.7389,Low,24-05-2024
Nagpur,Civil Lines,Cyber Crime,142,116154,Cloudy,159,8.45,7,21.153,79.072,Medium,29-01-2024
Nashik,Gangapur Road,Theft,139,103449,Cloudy,21,4.95,12,20.011,73.75,Medium,20-11-2024
Nagpur,Lakadganj,Fraud,47,102117,Sunny,45,9.33,7,21.1505,79.1155,Low,05-11-2024
Nashik,Nashik Road,Cyber Crime,151,155111,Rainy,165,10.42,6,19.9975,73.7898,High,22-03-2025
Chhatrapati Sambhajinagar,Osmanpura,Cyber Crime,164,125238,Foggy,79,7.37,8,19.87,75.33,High,15-04-2024
Nagpur,Dharampeth,Assault,248,105321,Cloudy,83,8.03,2,21.129,79.0588,High,03-09-2025
Nashik,Gangapur Road,Assault,172,124148,Sunny,68,8.25,4,20.011,73.75,High,02-02-2026
Mumbai,Bandra,Assault,244,170968,Foggy,193,7.73,12,19.0596,72.8295,High,11-11-2024
Nagpur,Sadar,Assault,191,133605,Rainy,152,13.56,1,21.1642,79.0821,High,18-05-2024
Nagpur,Sadar,Fraud,105,79580,Sunny,153,13.26,8,21.1642,79.0821,Medium,09-01-2025
Mumbai,Bandra,Cyber Crime,223,129717,Rainy,18,3.61,12,19.0596,72.8295,High,01-05-2024
Nashik,Gangapur Road,Robbery,223,144109,Foggy,128,6.61,12,20.011,73.75,High,04-12-2024
Nashik,Nashik Road,Assault,76,117104,Rainy,154,11.06,10,19.9975,73.7898,Medium,08-11-2025
Nagpur,Civil Lines,Theft,166,135150,Sunny,213,7.95,2,21.153,79.072,High,23-10-2024
Chhatrapati Sambhajinagar,Osmanpura,Theft,29,38779,Cloudy,141,5.33,5,19.87,75.33,Low,30-01-2025
Pune,Hadapsar,Fraud,150,161165,Cloudy,120,13.91,11,18.5089,73.9259,Medium,06-06-2025
Nashik,Gangapur Road,Fraud,163,68558,Cloudy,60,11.41,1,20.011,73.75,High,16-05-2025
Nagpur,Sadar,Cyber Crime,186,39333,Sunny,208,6.09,12,21.1642,79.0821,High,10-08-2025
Pune,Baner,Burglary,32,132468,Foggy,87,13.74,8,18.559,73.7868,Low,10-01-2026
Nagpur,Lakadganj,Burglary,237,123871,Foggy,194,8.61,3,21.1505,79.1155,High,03-03-2024
Chhatrapati Sambhajinagar,Aurangpura,Assault,20,125496,Sunny,53,8.83,4,19.8762,75.3433,Low,07-02-2026
Chhatrapati Sambhajinagar,Osmanpura,Cyber Crime,89,141390,Cloudy,164,10.5,8,19.87,75.33,Medium,20-10-2025
Nashik,Nashik Road,Theft,39,146901,Rainy,89,4.49,2,19.9975,73.7898,Low,26-03-2024
Nashik,Nashik Road,Cyber Crime,115,69874,Cloudy,16,7.16,11,19.9975,73.7898,Medium,04-11-2024
Pune,Wakad,Burglary,190,128485,Foggy,218,8.73,12,18.5975,73.7637,High,30-11-2025
Nashik,Gangapur Road,Robbery,220,105784,Foggy,10,14.34,9,20.011,73.75,High,12-10-2025
Pune,Shivaji Nagar,Theft,167,138509,Foggy,132,3.39,11,18.5308,73.8475,High,03-05-2024
Mumbai,Colaba,Assault,110,158076,Foggy,84,3.52,8,18.9067,72.8147,Medium,07-01-2026
Nagpur,Shankar Nagar,Robbery,131,46410,Rainy,28,11.2,5,21.127,79.06,Medium,25-04-2024
Pune,Shivaji Nagar,Cyber Crime,194,59589,Sunny,186,12.57,11,18.5308,73.8475,High,28-11-2025
Nashik,Nashik Road,Assault,214,173869,Rainy,111,5.03,2,19.9975,73.7898,High,23-05-2026
Mumbai,Powai,Robbery,99,194918,Cloudy,142,5.11,12,19.1176,72.906,Medium,11-02-2024
Nagpur,Sadar,Fraud,247,136855,Foggy,165,2.1,4,21.1642,79.0821,High,17-04-2026
Chhatrapati Sambhajinagar,Aurangpura,Cyber Crime,173,35643,Cloudy,182,7.2,8,19.8762,75.3433,High,05-01-2024
Nashik,Gangapur Road,Robbery,217,103202,Cloudy,112,9.62,4,20.011,73.75,High,24-08-2024
Mumbai,Colaba,Robbery,222,160203,Rainy,59,4.4,10,18.9067,72.8147,High,12-10-2024
Pune,Hadapsar,Cyber Crime,235,69288,Sunny,196,10.49,1,18.5089,73.9259,High,01-05-2024
Chhatrapati Sambhajinagar,Aurangpura,Burglary,57,33184,Rainy,127,6.93,3,19.8762,75.3433,Low,14-04-2025
Pune,Hadapsar,Robbery,123,83433,Sunny,69,9.63,2,18.5089,73.9259,Medium,13-11-2025
Mumbai,Colaba,Burglary,106,110195,Foggy,96,14.93,12,18.9067,72.8147,Medium,21-02-2025
Nashik,CIDCO,Fraud,53,199429,Sunny,63,5.38,9,19.9667,73.7667,Low,03-05-2026
Mumbai,Powai,Fraud,72,92418,Foggy,106,13.04,7,19.1176,72.906,Low,30-08-2024
Chhatrapati Sambhajinagar,Osmanpura,Cyber Crime,217,151953,Sunny,118,3.05,9,19.87,75.33,High,20-05-2025
Nashik,Nashik Road,Assault,81,57094,Cloudy,197,9.22,1,19.9975,73.7898,Medium,21-08-2025
Mumbai,Andheri,Cyber Crime,80,91160,Foggy,117,9.71,6,19.1136,72.8697,Medium,31-03-2025
Mumbai,Colaba,Assault,47,30503,Sunny,154,11.06,1,18.9067,72.8147,Low,03-01-2026
Nagpur,Jaripatka,Theft,25,155618,Sunny,95,13.51,12,21.1801,79.0955,Low,04-01-2026
Chhatrapati Sambhajinagar,Aurangpura,Robbery,226,90215,Foggy,128,3.72,6,19.8762,75.3433,High,08-03-2025
Pune,Wakad,Fraud,196,89023,Cloudy,24,11.16,4,18.5975,73.7637,High,26-03-2026
Nagpur,Shankar Nagar,Burglary,50,129666,Rainy,29,13.71,11,21.127,79.06,Low,15-02-2025
Pune,Hinjewadi,Fraud,236,170122,Rainy,140,11.3,1,18.5912,73.7389,High,28-07-2024
Chhatrapati Sambhajinagar,Aurangpura,Burglary,19,155593,Sunny,214,2.71,5,19.8762,75.3433,Low,21-03-2026
Pune,Baner,Fraud,17,140382,Rainy,159,9.16,4,18.559,73.7868,Low,25-03-2025
Pune,Hinjewadi,Robbery,134,192539,Foggy,23,2.38,5,18.5912,73.7389,Medium,12-03-2026
Nashik,CIDCO,Theft,183,177754,Cloudy,86,8.9,7,19.9667,73.7667,High,25-01-2026
Nagpur,Shankar Nagar,Assault,106,186949,Sunny,89,7.29,3,21.127,79.06,Medium,01-06-2026
Nagpur,Lakadganj,Robbery,50,146489,Foggy,201,14.37,4,21.1505,79.1155,Low,10-10-2025
Chhatrapati Sambhajinagar,Aurangpura,Assault,128,132984,Rainy,58,12.51,1,19.8762,75.3433,Medium,17-06-2026
Pune,Hadapsar,Cyber Crime,237,197868,Cloudy,197,4.65,5,18.5089,73.9259,High,23-08-2025
Chhatrapati Sambhajinagar,Osmanpura,Theft,120,85289,Cloudy,74,12,3,19.87,75.33,Medium,25-02-2026
Pune,Hadapsar,Cyber Crime,58,122269,Cloudy,161,11.86,10,18.5089,73.9259,Low,14-06-2026
Mumbai,Andheri,Burglary,76,91932,Sunny,50,9.81,8,19.1136,72.8697,Medium,14-01-2025
Nashik,Nashik Road,Burglary,81,111057,Cloudy,152,14.27,1,19.9975,73.7898,Medium,12-03-2026
Mumbai,Andheri,Assault,153,51107,Cloudy,21,3.9,4,19.1136,72.8697,High,02-05-2026
Mumbai,Powai,Robbery,79,63908,Sunny,63,12.95,3,19.1176,72.906,Medium,02-10-2024
Mumbai,Bandra,Robbery,53,130877,Sunny,129,14.67,3,19.0596,72.8295,Low,07-05-2026
Chhatrapati Sambhajinagar,Osmanpura,Robbery,64,134948,Cloudy,160,3.7,4,19.87,75.33,Low,10-03-2024
Nashik,CIDCO,Burglary,199,92882,Foggy,58,6.63,6,19.9667,73.7667,High,22-01-2024
Pune,Baner,Fraud,218,85298,Sunny,26,4.78,2,18.559,73.7868,High,03-07-2024
Nagpur,Shankar Nagar,Theft,158,95754,Foggy,51,13.96,11,21.127,79.06,High,18-06-2026
Nagpur,Jaripatka,Assault,97,72306,Sunny,171,5.96,2,21.1801,79.0955,Medium,21-12-2025
Chhatrapati Sambhajinagar,Aurangpura,Theft,23,124863,Cloudy,31,13.76,11,19.8762,75.3433,Low,03-04-2026
Pune,Kothrud,Burglary,241,27994,Sunny,111,3.5,8,18.5074,73.8077,High,16-05-2026
Nashik,Gangapur Road,Theft,69,178696,Sunny,24,13.15,4,20.011,73.75,Low,02-02-2026
Chhatrapati Sambhajinagar,Osmanpura,Assault,200,147721,Foggy,19,10.95,12,19.87,75.33,High,27-02-2026
Nashik,CIDCO,Robbery,18,167140,Cloudy,163,8.55,1,19.9667,73.7667,Low,15-08-2025
Mumbai,Powai,Theft,137,184104,Cloudy,85,12.59,3,19.1176,72.906,Medium,27-05-2026
Chhatrapati Sambhajinagar,CIDCO,Robbery,153,104047,Sunny,77,4.73,11,19.889,75.32,High,23-01-2025
Mumbai,Dadar,Assault,188,168721,Foggy,136,2.94,7,19.0178,72.8478,High,28-02-2025
Pune,Hadapsar,Cyber Crime,207,116030,Sunny,111,14.49,12,18.5089,73.9259,High,07-06-2024
Nashik,Nashik Road,Cyber Crime,131,100409,Foggy,22,3.8,10,19.9975,73.7898,Medium,19-08-2025
Mumbai,Bandra,Theft,93,64357,Foggy,183,2.92,3,19.0596,72.8295,Medium,27-10-2025
Nagpur,Shankar Nagar,Burglary,221,60253,Foggy,152,2.19,11,21.127,79.06,High,05-02-2026
Chhatrapati Sambhajinagar,Osmanpura,Fraud,132,155233,Rainy,8,10.73,7,19.87,75.33,Medium,18-10-2025
Pune,Shivaji Nagar,Fraud,239,157472,Foggy,54,4.67,1,18.5308,73.8475,High,21-02-2025
Chhatrapati Sambhajinagar,Osmanpura,Fraud,202,112110,Cloudy,47,14.58,10,19.87,75.33,High,06-01-2025
Nagpur,Dharampeth,Cyber Crime,98,156607,Rainy,57,7.03,12,21.129,79.0588,Medium,26-02-2025
Mumbai,Bandra,Theft,187,70352,Rainy,204,7.21,3,19.0596,72.8295,High,08-08-2024
Pune,Shivaji Nagar,Cyber Crime,86,183574,Foggy,78,3.28,12,18.5308,73.8475,Medium,18-02-2025
Nashik,Nashik Road,Burglary,103,109961,Foggy,45,3.4,2,19.9975,73.7898,Medium,02-07-2025
Mumbai,Dadar,Fraud,105,36606,Foggy,84,9.81,8,19.0178,72.8478,Medium,11-04-2026
Nashik,Gangapur Road,Fraud,250,139494,Cloudy,38,6.68,1,20.011,73.75,High,19-06-2025
Mumbai,Borivali,Burglary,210,128571,Rainy,61,14.22,6,19.2307,72.8567,High,19-10-2025
Mumbai,Colaba,Burglary,216,114617,Rainy,106,13.56,4,18.9067,72.8147,High,04-11-2025
Nashik,CIDCO,Assault,90,128632,Sunny,189,6.36,7,19.9667,73.7667,Medium,30-04-2024
Pune,Kothrud,Cyber Crime,117,157608,Rainy,15,6.62,6,18.5074,73.8077,Medium,05-11-2025
Nagpur,Civil Lines,Assault,91,143829,Rainy,121,13.92,12,21.153,79.072,Medium,25-07-2024
Pune,Hadapsar,Burglary,140,81737,Sunny,39,5.58,4,18.5089,73.9259,Medium,09-07-2025
Nashik,Gangapur Road,Assault,96,184844,Foggy,178,2.01,9,20.011,73.75,Medium,04-01-2026
Mumbai,Borivali,Fraud,243,89808,Foggy,217,14.48,9,19.2307,72.8567,High,10-03-2026
Nagpur,Shankar Nagar,Cyber Crime,148,60525,Cloudy,100,5.01,9,21.127,79.06,Medium,30-05-2025
Chhatrapati Sambhajinagar,CIDCO,Burglary,164,87652,Foggy,80,5.22,1,19.889,75.32,High,04-01-2026
Nagpur,Sitabuldi,Theft,25,51118,Foggy,169,10.25,11,21.1458,79.0882,Low,17-11-2024
Nashik,Gangapur Road,Fraud,175,95132,Foggy,140,13.66,8,20.011,73.75,High,01-05-2025
Pune,Baner,Assault,190,134361,Cloudy,98,8.13,2,18.559,73.7868,High,21-07-2025
Pune,Baner,Assault,20,181366,Rainy,90,12.84,2,18.559,73.7868,Low,19-06-2026
Nagpur,Jaripatka,Cyber Crime,158,137178,Sunny,92,9.68,10,21.1801,79.0955,High,22-04-2025
Nagpur,Civil Lines,Burglary,203,114246,Sunny,202,9.24,5,21.153,79.072,High,25-12-2024
Nashik,Gangapur Road,Fraud,109,103785,Rainy,71,10.65,5,20.011,73.75,Medium,28-12-2024
Chhatrapati Sambhajinagar,CIDCO,Fraud,90,179603,Sunny,21,5.73,12,19.889,75.32,Medium,21-08-2024
Pune,Shivaji Nagar,Cyber Crime,213,106280,Rainy,122,8.43,6,18.5308,73.8475,High,04-02-2026
Pune,Wakad,Fraud,44,55689,Cloudy,7,6.95,9,18.5975,73.7637,Low,26-04-2024
Nashik,Nashik Road,Burglary,27,123261,Sunny,8,2.78,5,19.9975,73.7898,Low,14-06-2026
Chhatrapati Sambhajinagar,Osmanpura,Assault,194,107970,Rainy,134,8.84,5,19.87,75.33,High,09-06-2026
Mumbai,Borivali,Cyber Crime,248,116909,Sunny,126,4.18,1,19.2307,72.8567,High,27-04-2025
Chhatrapati Sambhajinagar,Osmanpura,Assault,120,163550,Sunny,20,14.28,12,19.87,75.33,Medium,29-05-2024
Nagpur,Dharampeth,Burglary,235,30940,Sunny,162,3.54,9,21.129,79.0588,High,31-01-2026
Chhatrapati Sambhajinagar,Osmanpura,Fraud,168,148244,Rainy,17,8.21,12,19.87,75.33,High,01-05-2025
Chhatrapati Sambhajinagar,Aurangpura,Burglary,206,152729,Foggy,109,8.89,8,19.8762,75.3433,High,02-02-2024
Mumbai,Andheri,Assault,150,58116,Cloudy,126,7.86,3,19.1136,72.8697,Medium,02-06-2024
Pune,Kothrud,Fraud,177,51738,Rainy,118,8.43,4,18.5074,73.8077,High,21-12-2024
Mumbai,Powai,Burglary,32,106603,Rainy,156,9.86,9,19.1176,72.906,Low,19-03-2025
Chhatrapati Sambhajinagar,CIDCO,Assault,34,152326,Foggy,187,7.76,7,19.889,75.32,Low,16-09-2024
Chhatrapati Sambhajinagar,CIDCO,Fraud,194,179482,Sunny,194,3.98,1,19.889,75.32,High,26-01-2025
Mumbai,Powai,Robbery,60,62189,Rainy,78,3.88,11,19.1176,72.906,Low,01-07-2024
Chhatrapati Sambhajinagar,Aurangpura,Theft,217,171972,Rainy,166,8.09,4,19.8762,75.3433,High,26-05-2026
Chhatrapati Sambhajinagar,Osmanpura,Burglary,164,79449,Cloudy,108,11.52,3,19.87,75.33,High,02-02-2024
Mumbai,Dadar,Assault,153,164154,Sunny,120,8.5,12,19.0178,72.8478,High,07-09-2025
Mumbai,Dadar,Theft,140,61895,Foggy,17,5.39,7,19.0178,72.8478,Medium,29-03-2025
Mumbai,Bandra,Assault,162,144370,Sunny,59,6.35,5,19.0596,72.8295,High,05-02-2026
Nashik,Nashik Road,Fraud,217,180148,Cloudy,195,2.15,7,19.9975,73.7898,High,24-06-2025
Mumbai,Borivali,Robbery,141,187174,Foggy,46,9.71,8,19.2307,72.8567,Medium,26-01-2026
Mumbai,Dadar,Robbery,172,50129,Foggy,142,3.89,5,19.0178,72.8478,High,03-06-2024
Chhatrapati Sambhajinagar,Aurangpura,Robbery,44,67545,Rainy,158,11.22,8,19.8762,75.3433,Low,08-04-2024
Nagpur,Sitabuldi,Burglary,247,131325,Cloudy,18,10.03,2,21.1458,79.0882,High,10-01-2024
Nagpur,Jaripatka,Robbery,183,97917,Sunny,97,8.27,1,21.1801,79.0955,High,02-10-2025
Chhatrapati Sambhajinagar,Osmanpura,Theft,13,40500,Rainy,156,13.67,6,19.87,75.33,Low,24-11-2025
Chhatrapati Sambhajinagar,CIDCO,Robbery,84,101573,Rainy,206,10.88,6,19.889,75.32,Medium,27-11-2024
Mumbai,Borivali,Burglary,125,178722,Rainy,93,8.84,8,19.2307,72.8567,Medium,28-01-2025
Nashik,CIDCO,Theft,179,132880,Cloudy,24,9.2,10,19.9667,73.7667,High,30-09-2024
Nashik,CIDCO,Robbery,157,153762,Sunny,59,13.11,10,19.9667,73.7667,High,22-05-2026
Mumbai,Borivali,Cyber Crime,10,41931,Foggy,68,4.64,6,19.2307,72.8567,Low,13-08-2025
Chhatrapati Sambhajinagar,CIDCO,Theft,250,125804,Rainy,157,5.55,9,19.889,75.32,High,13-03-2025
Mumbai,Borivali,Assault,208,48538,Sunny,47,9.4,7,19.2307,72.8567,High,21-03-2024
Mumbai,Powai,Assault,249,73322,Rainy,121,12.32,8,19.1176,72.906,High,09-12-2024
Nagpur,Shankar Nagar,Burglary,135,164698,Foggy,60,13.87,11,21.127,79.06,Medium,04-03-2024
Nashik,CIDCO,Cyber Crime,179,158219,Rainy,23,9.38,7,19.9667,73.7667,High,20-01-2025
Nashik,Gangapur Road,Assault,18,72281,Rainy,202,14.67,11,20.011,73.75,Low,28-06-2025
Nagpur,Dharampeth,Theft,50,146696,Sunny,183,3.86,9,21.129,79.0588,Low,19-02-2026
Mumbai,Powai,Robbery,203,71572,Rainy,10,10.76,10,19.1176,72.906,High,09-11-2024
Mumbai,Dadar,Fraud,192,71561,Cloudy,116,13.32,6,19.0178,72.8478,High,25-03-2024
Nagpur,Sitabuldi,Assault,136,56449,Rainy,29,2.41,2,21.1458,79.0882,Medium,08-04-2026
Nashik,CIDCO,Fraud,21,46800,Rainy,202,13.62,8,19.9667,73.7667,Low,03-07-2025
Pune,Baner,Theft,117,174709,Rainy,115,4.6,6,18.559,73.7868,Medium,26-04-2025
Nashik,CIDCO,Assault,19,59279,Sunny,173,9.8,1,19.9667,73.7667,Low,23-04-2024
Mumbai,Colaba,Theft,13,140262,Rainy,134,14.33,1,18.9067,72.8147,Low,23-03-2025
Pune,Hinjewadi,Burglary,215,125282,Foggy,164,8.62,11,18.5912,73.7389,High,18-09-2024
Chhatrapati Sambhajinagar,Aurangpura,Assault,166,120910,Cloudy,95,14.86,8,19.8762,75.3433,High,01-01-2024
Mumbai,Powai,Robbery,195,70313,Cloudy,20,14.37,8,19.1176,72.906,High,13-07-2024
Pune,Hadapsar,Theft,132,182213,Rainy,86,7.52,11,18.5089,73.9259,Medium,25-02-2026
Nagpur,Sitabuldi,Assault,87,59401,Sunny,22,4.71,2,21.1458,79.0882,Medium,21-11-2025
Pune,Kothrud,Assault,31,184369,Foggy,26,12.35,12,18.5074,73.8077,Low,17-07-2025
Nagpur,Sadar,Theft,197,161144,Cloudy,176,12.61,11,21.1642,79.0821,High,05-08-2024
Chhatrapati Sambhajinagar,CIDCO,Fraud,149,132680,Foggy,73,5.92,12,19.889,75.32,Medium,25-03-2025
Chhatrapati Sambhajinagar,Aurangpura,Assault,133,154980,Foggy,191,3.6,12,19.8762,75.3433,Medium,27-10-2024
Chhatrapati Sambhajinagar,CIDCO,Assault,83,45643,Foggy,56,9.53,6,19.889,75.32,Medium,02-03-2026
Nagpur,Jaripatka,Assault,107,128891,Sunny,192,4.09,1,21.1801,79.0955,Medium,09-04-2025
Nashik,CIDCO,Burglary,91,89536,Sunny,184,11.42,12,19.9667,73.7667,Medium,24-05-2026
Mumbai,Bandra,Fraud,74,85297,Sunny,220,14.18,6,19.0596,72.8295,Low,19-11-2024
Nagpur,Shankar Nagar,Robbery,12,66820,Rainy,123,6.24,12,21.127,79.06,Low,03-04-2026
Chhatrapati Sambhajinagar,CIDCO,Cyber Crime,171,81233,Cloudy,120,14.4,8,19.889,75.32,High,19-08-2025
Pune,Kothrud,Robbery,218,114186,Foggy,213,8.12,8,18.5074,73.8077,High,27-07-2024
Mumbai,Bandra,Assault,171,160557,Foggy,199,14.82,10,19.0596,72.8295,High,14-10-2025
Chhatrapati Sambhajinagar,Osmanpura,Assault,180,107747,Foggy,74,14.49,5,19.87,75.33,High,10-04-2024
Pune,Shivaji Nagar,Assault,45,150235,Cloudy,177,11.65,8,18.5308,73.8475,Low,28-04-2024
Nagpur,Lakadganj,Cyber Crime,92,131477,Sunny,99,10.18,9,21.1505,79.1155,Medium,20-07-2024
Mumbai,Andheri,Cyber Crime,13,157355,Foggy,25,13.32,5,19.1136,72.8697,Low,20-04-2026
Pune,Kothrud,Assault,225,191745,Cloudy,172,10.97,7,18.5074,73.8077,High,03-01-2026
Pune,Shivaji Nagar,Burglary,84,54985,Cloudy,187,5.09,6,18.5308,73.8475,Medium,24-08-2025
Mumbai,Bandra,Burglary,200,149380,Foggy,13,12.43,7,19.0596,72.8295,High,07-05-2026
Nashik,Nashik Road,Theft,195,68770,Rainy,173,13.63,12,19.9975,73.7898,High,15-03-2026
Mumbai,Colaba,Assault,193,177418,Sunny,20,7.34,9,18.9067,72.8147,High,05-08-2025
Pune,Wakad,Robbery,34,29133,Foggy,53,14.65,9,18.5975,73.7637,Low,05-05-2025
Chhatrapati Sambhajinagar,CIDCO,Fraud,229,149750,Rainy,92,6.17,1,19.889,75.32,High,03-06-2026
Chhatrapati Sambhajinagar,Osmanpura,Assault,121,57008,Foggy,167,7.78,2,19.87,75.33,Medium,29-03-2026
Chhatrapati Sambhajinagar,CIDCO,Cyber Crime,104,51888,Foggy,74,5.64,3,19.889,75.32,Medium,05-01-2024
Pune,Baner,Cyber Crime,120,143999,Foggy,136,13.95,11,18.559,73.7868,Medium,14-04-2024
Chhatrapati Sambhajinagar,Aurangpura,Assault,234,120763,Foggy,149,3.96,7,19.8762,75.3433,High,05-10-2024
Nagpur,Shankar Nagar,Theft,152,172673,Rainy,133,13.3,7,21.127,79.06,High,12-03-2026
Nagpur,Shankar Nagar,Assault,49,90005,Cloudy,71,13.95,2,21.127,79.06,Low,27-05-2026
Nagpur,Lakadganj,Cyber Crime,175,110701,Cloudy,74,5.12,2,21.1505,79.1155,High,27-02-2024
Chhatrapati Sambhajinagar,Aurangpura,Burglary,168,121580,Sunny,201,11.76,10,19.8762,75.3433,High,18-03-2024
Chhatrapati Sambhajinagar,Osmanpura,Assault,85,115600,Sunny,53,4.45,12,19.87,75.33,Medium,23-05-2025
Chhatrapati Sambhajinagar,Aurangpura,Assault,213,94089,Rainy,72,3.59,11,19.8762,75.3433,High,11-06-2026
Nashik,Gangapur Road,Cyber Crime,50,56311,Cloudy,210,13.37,4,20.011,73.75,Low,16-07-2024
Nashik,Gangapur Road,Theft,90,70725,Sunny,67,7.24,4,20.011,73.75,Medium,24-09-2024
Pune,Kothrud,Cyber Crime,96,39110,Sunny,213,14.82,8,18.5074,73.8077,Medium,21-10-2025
Nashik,CIDCO,Assault,236,60712,Cloudy,93,9.47,2,19.9667,73.7667,High,13-01-2025
Mumbai,Powai,Robbery,127,199477,Rainy,11,9.97,8,19.1176,72.906,Medium,20-01-2026
Nagpur,Sitabuldi,Fraud,168,155107,Foggy,148,9.32,12,21.1458,79.0882,High,13-03-2024
Nagpur,Shankar Nagar,Cyber Crime,60,40764,Foggy,50,13.49,3,21.127,79.06,Low,24-07-2025
Nagpur,Sitabuldi,Theft,164,45904,Cloudy,43,7.97,3,21.1458,79.0882,High,29-03-2025
Pune,Hadapsar,Robbery,189,72189,Cloudy,209,11.54,6,18.5089,73.9259,High,05-10-2024
Chhatrapati Sambhajinagar,Aurangpura,Fraud,67,26218,Sunny,98,11.05,10,19.8762,75.3433,Low,20-06-2025
Pune,Shivaji Nagar,Assault,123,181430,Foggy,151,9.44,11,18.5308,73.8475,Medium,14-01-2025
Pune,Wakad,Robbery,167,126239,Cloudy,190,4.61,9,18.5975,73.7637,High,25-05-2025
Mumbai,Dadar,Assault,131,97873,Sunny,70,10.68,10,19.0178,72.8478,Medium,09-12-2025
Nashik,CIDCO,Robbery,129,119029,Rainy,85,8.73,7,19.9667,73.7667,Medium,29-01-2024
Chhatrapati Sambhajinagar,Osmanpura,Cyber Crime,81,197796,Rainy,125,5.41,2,19.87,75.33,Medium,17-09-2025
Mumbai,Andheri,Theft,161,193176,Cloudy,28,5.47,3,19.1136,72.8697,High,26-05-2024
Pune,Kothrud,Cyber Crime,88,116730,Sunny,219,3.09,10,18.5074,73.8077,Medium,18-04-2026
Nagpur,Jaripatka,Cyber Crime,207,63434,Rainy,217,12.91,10,21.1801,79.0955,High,08-12-2024
Pune,Hinjewadi,Assault,241,85343,Cloudy,8,9.6,11,18.5912,73.7389,High,21-01-2025
Pune,Baner,Fraud,188,52170,Sunny,134,3.37,5,18.559,73.7868,High,30-04-2026
Chhatrapati Sambhajinagar,CIDCO,Fraud,178,97923,Sunny,107,7.53,6,19.889,75.32,High,08-05-2026
Nashik,Nashik Road,Assault,38,58027,Cloudy,194,5.8,1,19.9975,73.7898,Low,28-10-2024
Mumbai,Colaba,Assault,64,125803,Foggy,106,9.81,1,18.9067,72.8147,Low,02-03-2025
Chhatrapati Sambhajinagar,Osmanpura,Assault,11,135463,Foggy,86,11.27,9,19.87,75.33,Low,26-05-2024
Pune,Baner,Robbery,10,86965,Cloudy,160,2,7,18.559,73.7868,Low,13-01-2026
Mumbai,Andheri,Cyber Crime,248,167567,Rainy,121,3.43,6,19.1136,72.8697,High,13-03-2025
Nashik,Gangapur Road,Burglary,159,141325,Cloudy,193,9.34,4,20.011,73.75,High,10-07-2025
Nagpur,Jaripatka,Burglary,142,184435,Rainy,7,12.28,12,21.1801,79.0955,Medium,24-04-2026
Nashik,Nashik Road,Cyber Crime,232,77225,Foggy,144,12.4,9,19.9975,73.7898,High,22-04-2024
Nagpur,Lakadganj,Burglary,192,39966,Cloudy,34,9.26,5,21.1505,79.1155,High,08-09-2024
Nagpur,Civil Lines,Robbery,28,101281,Rainy,219,10.06,10,21.153,79.072,Low,02-11-2024
Mumbai,Borivali,Robbery,69,59785,Sunny,113,11.91,11,19.2307,72.8567,Low,25-07-2024
Nagpur,Sitabuldi,Assault,189,131378,Cloudy,167,6.65,5,21.1458,79.0882,High,02-01-2026
Pune,Baner,Theft,91,44450,Sunny,157,5.56,8,18.559,73.7868,Medium,19-10-2024
Mumbai,Powai,Assault,152,82217,Cloudy,141,12.93,11,19.1176,72.906,High,14-01-2026
Chhatrapati Sambhajinagar,Aurangpura,Assault,211,128865,Rainy,153,5.56,5,19.8762,75.3433,High,29-03-2024
Pune,Shivaji Nagar,Theft,25,79376,Cloudy,22,10.8,8,18.5308,73.8475,Low,14-05-2026
Mumbai,Borivali,Fraud,171,138380,Cloudy,41,8.99,3,19.2307,72.8567,High,21-04-2025
Chhatrapati Sambhajinagar,Osmanpura,Fraud,190,48720,Foggy,113,6.75,1,19.87,75.33,High,11-08-2025
Nashik,CIDCO,Fraud,145,60243,Cloudy,10,8.12,2,19.9667,73.7667,Medium,26-10-2025
Pune,Kothrud,Fraud,144,117453,Foggy,151,11.28,4,18.5074,73.8077,Medium,27-11-2025
Nashik,Gangapur Road,Assault,80,165491,Sunny,215,7.05,2,20.011,73.75,Medium,20-11-2025
Nashik,Nashik Road,Assault,19,102631,Sunny,63,2.39,7,19.9975,73.7898,Low,14-10-2024
Pune,Shivaji Nagar,Robbery,119,162332,Rainy,25,11.92,3,18.5308,73.8475,Medium,05-10-2024
Mumbai,Powai,Burglary,69,127368,Cloudy,53,2.6,11,19.1176,72.906,Low,19-01-2024
Nashik,Gangapur Road,Burglary,202,93424,Foggy,85,11.6,9,20.011,73.75,High,03-09-2024
Nagpur,Dharampeth,Theft,15,49800,Sunny,19,10.43,1,21.129,79.0588,Low,17-04-2025
Pune,Hadapsar,Theft,158,194772,Foggy,53,14.45,1,18.5089,73.9259,High,07-05-2025
Nagpur,Sitabuldi,Theft,237,47892,Foggy,87,7.7,7,21.1458,79.0882,High,25-08-2025
Pune,Shivaji Nagar,Burglary,220,169452,Sunny,217,11.63,11,18.5308,73.8475,High,03-01-2024
Nashik,Nashik Road,Cyber Crime,247,36786,Sunny,42,3.33,4,19.9975,73.7898,High,25-12-2025
Chhatrapati Sambhajinagar,Osmanpura,Theft,171,53667,Cloudy,98,5.08,9,19.87,75.33,High,15-08-2024
Pune,Shivaji Nagar,Fraud,171,114834,Rainy,69,13.01,8,18.5308,73.8475,High,22-05-2024
Pune,Baner,Theft,186,27150,Cloudy,181,7.52,2,18.559,73.7868,High,05-03-2025
Pune,Hinjewadi,Assault,180,133319,Rainy,205,10.01,12,18.5912,73.7389,High,04-07-2024
Pune,Baner,Theft,244,65397,Foggy,136,2.68,7,18.559,73.7868,High,05-06-2025
Mumbai,Bandra,Assault,162,138772,Cloudy,74,6.95,7,19.0596,72.8295,High,08-04-2025
Chhatrapati Sambhajinagar,Osmanpura,Robbery,124,114564,Sunny,8,2.43,9,19.87,75.33,Medium,04-08-2025
Nagpur,Jaripatka,Fraud,130,112595,Foggy,9,6.82,6,21.1801,79.0955,Medium,19-06-2025
Mumbai,Andheri,Fraud,39,180619,Cloudy,21,4.95,8,19.1136,72.8697,Low,27-02-2025
Nagpur,Civil Lines,Assault,130,44500,Foggy,155,2.43,7,21.153,79.072,Medium,26-07-2024
Pune,Shivaji Nagar,Theft,89,70266,Rainy,60,14.73,2,18.5308,73.8475,Medium,30-06-2025
Nashik,Nashik Road,Assault,56,186552,Foggy,158,7.18,4,19.9975,73.7898,Low,24-02-2026
Chhatrapati Sambhajinagar,CIDCO,Fraud,16,87175,Foggy,41,12.3,10,19.889,75.32,Low,09-04-2024
Pune,Hadapsar,Fraud,18,119383,Sunny,89,8.91,1,18.5089,73.9259,Low,05-05-2025
Nashik,Gangapur Road,Assault,93,141542,Sunny,69,13.14,2,20.011,73.75,Medium,12-01-2024
Pune,Shivaji Nagar,Assault,143,86882,Sunny,134,12.8,1,18.5308,73.8475,Medium,26-08-2025
Nashik,CIDCO,Burglary,55,111352,Foggy,122,7.01,4,19.9667,73.7667,Low,12-01-2024
Pune,Baner,Assault,236,67351,Foggy,115,6.27,10,18.559,73.7868,High,05-10-2025
Mumbai,Powai,Burglary,31,59266,Foggy,101,4.4,3,19.1176,72.906,Low,19-06-2024
Pune,Wakad,Fraud,196,136321,Rainy,150,9.14,2,18.5975,73.7637,High,22-02-2026
Nashik,Gangapur Road,Cyber Crime,41,191772,Sunny,188,5.92,1,20.011,73.75,Low,26-03-2026
Pune,Kothrud,Cyber Crime,176,102771,Sunny,6,12.57,1,18.5074,73.8077,High,01-06-2026
Chhatrapati Sambhajinagar,Aurangpura,Theft,155,125410,Foggy,138,11.39,4,19.8762,75.3433,High,09-06-2025
Nagpur,Sadar,Theft,124,136628,Rainy,173,9.77,5,21.1642,79.0821,Medium,18-04-2024
Mumbai,Andheri,Cyber Crime,83,131924,Rainy,215,9.01,8,19.1136,72.8697,Medium,25-07-2025
Mumbai,Colaba,Robbery,161,128196,Cloudy,84,4.64,10,18.9067,72.8147,High,04-06-2026
Chhatrapati Sambhajinagar,CIDCO,Burglary,161,88721,Rainy,27,12.17,12,19.889,75.32,High,05-05-2026
Pune,Shivaji Nagar,Cyber Crime,249,192496,Rainy,148,2.86,11,18.5308,73.8475,High,29-01-2024
Mumbai,Dadar,Assault,140,133606,Sunny,186,5.39,1,19.0178,72.8478,Medium,29-06-2025
Nagpur,Sadar,Fraud,173,46206,Cloudy,137,10.49,10,21.1642,79.0821,High,10-10-2025
Pune,Kothrud,Fraud,112,123383,Sunny,141,2.57,11,18.5074,73.8077,Medium,31-07-2024
Pune,Baner,Assault,179,29925,Cloudy,113,4.97,9,18.559,73.7868,High,18-09-2025
Chhatrapati Sambhajinagar,CIDCO,Fraud,103,191780,Foggy,38,14.6,3,19.889,75.32,Medium,30-01-2025
Chhatrapati Sambhajinagar,Aurangpura,Cyber Crime,59,181677,Rainy,93,10.55,5,19.8762,75.3433,Low,07-07-2025
Nashik,Gangapur Road,Burglary,200,49453,Rainy,210,12.16,9,20.011,73.75,High,27-03-2024
Pune,Baner,Cyber Crime,237,104822,Rainy,105,2.07,8,18.559,73.7868,High,28-04-2025
Pune,Shivaji Nagar,Fraud,61,186389,Rainy,205,4.57,3,18.5308,73.8475,Low,07-08-2024
Nashik,CIDCO,Burglary,15,191019,Rainy,25,8.48,8,19.9667,73.7667,Low,24-10-2025
Mumbai,Powai,Theft,219,131989,Sunny,73,3.23,12,19.1176,72.906,High,14-05-2026
Pune,Baner,Fraud,53,82579,Cloudy,193,2.39,4,18.559,73.7868,Low,02-04-2024
Pune,Wakad,Assault,246,171800,Sunny,41,7.64,3,18.5975,73.7637,High,09-03-2024
Nashik,CIDCO,Robbery,215,27991,Foggy,152,5.94,12,19.9667,73.7667,High,30-12-2025
Nagpur,Lakadganj,Burglary,11,171968,Cloudy,33,14.58,1,21.1505,79.1155,Low,10-09-2024
Mumbai,Andheri,Assault,205,76702,Foggy,118,2.03,11,19.1136,72.8697,High,15-08-2024
Nashik,Gangapur Road,Fraud,107,140531,Rainy,155,5.35,9,20.011,73.75,Medium,21-03-2024
Nashik,CIDCO,Assault,49,149789,Cloudy,99,7.07,3,19.9667,73.7667,Low,28-08-2025
Nashik,CIDCO,Assault,191,29530,Sunny,175,7.66,5,19.9667,73.7667,High,15-11-2025
Chhatrapati Sambhajinagar,CIDCO,Cyber Crime,198,120318,Rainy,36,10.57,9,19.889,75.32,High,13-09-2025
Chhatrapati Sambhajinagar,CIDCO,Burglary,187,50184,Cloudy,5,4.19,3,19.889,75.32,High,25-08-2025
Chhatrapati Sambhajinagar,Osmanpura,Fraud,89,41196,Rainy,219,6.01,8,19.87,75.33,Medium,15-08-2025
Mumbai,Powai,Fraud,46,86694,Rainy,167,6.1,10,19.1176,72.906,Low,30-08-2024
Nashik,Gangapur Road,Theft,101,64185,Cloudy,71,9.78,12,20.011,73.75,Medium,16-06-2026
Mumbai,Dadar,Fraud,47,87682,Cloudy,169,11.86,10,19.0178,72.8478,Low,21-02-2025
Chhatrapati Sambhajinagar,CIDCO,Cyber Crime,156,191271,Sunny,44,14.63,4,19.889,75.32,High,20-07-2024
Chhatrapati Sambhajinagar,CIDCO,Robbery,62,122552,Rainy,209,14.64,2,19.889,75.32,Low,19-02-2024
Chhatrapati Sambhajinagar,Aurangpura,Fraud,68,162712,Sunny,28,9.57,12,19.8762,75.3433,Low,17-05-2025
Pune,Shivaji Nagar,Robbery,153,158095,Foggy,36,14.76,12,18.5308,73.8475,High,18-01-2024
Pune,Hinjewadi,Robbery,209,64805,Sunny,213,9.1,4,18.5912,73.7389,High,02-07-2025
Nagpur,Sitabuldi,Assault,143,62218,Sunny,135,8.47,10,21.1458,79.0882,Medium,25-10-2024
Pune,Wakad,Fraud,179,175252,Sunny,6,2.38,11,18.5975,73.7637,High,02-03-2026
Mumbai,Colaba,Theft,192,96338,Foggy,73,9.19,9,18.9067,72.8147,High,23-09-2025
Mumbai,Borivali,Cyber Crime,224,46224,Foggy,46,9.8,2,19.2307,72.8567,High,31-10-2024
Pune,Hadapsar,Assault,186,103220,Sunny,164,12.52,6,18.5089,73.9259,High,29-04-2026
Nagpur,Civil Lines,Burglary,85,103921,Rainy,171,8.54,8,21.153,79.072,Medium,20-04-2026
Mumbai,Dadar,Assault,14,128194,Sunny,46,13.76,10,19.0178,72.8478,Low,02-04-2026
Pune,Baner,Cyber Crime,12,123449,Foggy,44,2.09,6,18.559,73.7868,Low,03-02-2026
Nagpur,Shankar Nagar,Robbery,241,109832,Rainy,89,6.57,9,21.127,79.06,High,18-07-2024
Mumbai,Powai,Burglary,50,39010,Cloudy,138,9.71,12,19.1176,72.906,Low,12-07-2025
Mumbai,Borivali,Burglary,245,107045,Rainy,43,10.45,10,19.2307,72.8567,High,18-06-2026
Mumbai,Borivali,Burglary,210,37604,Cloudy,126,2.94,7,19.2307,72.8567,High,26-04-2026
Mumbai,Borivali,Burglary,189,44355,Cloudy,39,3.46,9,19.2307,72.8567,High,29-05-2026
Nashik,Nashik Road,Cyber Crime,213,138930,Rainy,188,10.83,11,19.9975,73.7898,High,02-02-2025
Mumbai,Andheri,Fraud,123,135349,Foggy,144,10.42,4,19.1136,72.8697,Medium,12-09-2024
Chhatrapati Sambhajinagar,Aurangpura,Cyber Crime,239,45571,Sunny,106,11.07,7,19.8762,75.3433,High,11-09-2025
Nagpur,Civil Lines,Burglary,181,139807,Rainy,204,14.22,8,21.153,79.072,High,11-12-2025
Chhatrapati Sambhajinagar,Osmanpura,Fraud,80,147358,Cloudy,184,7.63,3,19.87,75.33,Medium,10-03-2025
Chhatrapati Sambhajinagar,Osmanpura,Assault,101,138918,Foggy,109,8.27,10,19.87,75.33,Medium,11-05-2025
Nagpur,Shankar Nagar,Assault,46,168833,Cloudy,85,11.13,4,21.127,79.06,Low,12-11-2025
Chhatrapati Sambhajinagar,CIDCO,Fraud,24,171215,Cloudy,169,12,1,19.889,75.32,Low,14-06-2024
Pune,Hadapsar,Theft,111,77426,Cloudy,101,10.22,8,18.5089,73.9259,Medium,09-07-2025
Pune,Wakad,Assault,152,177852,Sunny,32,7.94,11,18.5975,73.7637,High,20-07-2024
Pune,Hadapsar,Assault,42,173915,Cloudy,196,14.58,9,18.5089,73.9259,Low,02-04-2026
Nashik,Gangapur Road,Theft,228,76599,Foggy,14,6.01,12,20.011,73.75,High,23-01-2025
Nagpur,Sadar,Fraud,200,137099,Rainy,32,11.61,11,21.1642,79.0821,High,16-10-2024
Chhatrapati Sambhajinagar,Aurangpura,Assault,236,76070,Rainy,135,10,2,19.8762,75.3433,High,09-01-2026
Mumbai,Andheri,Assault,74,192035,Cloudy,9,11.73,3,19.1136,72.8697,Low,29-06-2024
Mumbai,Borivali,Cyber Crime,30,108687,Foggy,164,2.77,4,19.2307,72.8567,Low,25-11-2024
Chhatrapati Sambhajinagar,CIDCO,Assault,240,25087,Sunny,57,3.29,12,19.889,75.32,High,03-11-2024
Nagpur,Jaripatka,Burglary,126,126310,Rainy,184,9.29,5,21.1801,79.0955,Medium,15-11-2024
Chhatrapati Sambhajinagar,Aurangpura,Burglary,91,112048,Sunny,164,14.96,10,19.8762,75.3433,Medium,18-01-2024
Chhatrapati Sambhajinagar,Osmanpura,Fraud,85,72051,Sunny,43,10.43,8,19.87,75.33,Medium,04-01-2024
Chhatrapati Sambhajinagar,Aurangpura,Theft,89,64314,Foggy,97,4.65,12,19.8762,75.3433,Medium,27-08-2024
Pune,Shivaji Nagar,Cyber Crime,89,85935,Foggy,36,14.57,11,18.5308,73.8475,Medium,02-07-2024
Pune,Wakad,Assault,150,186967,Foggy,194,7.28,5,18.5975,73.7637,Medium,18-03-2024
Chhatrapati Sambhajinagar,CIDCO,Assault,108,58828,Sunny,117,8.43,4,19.889,75.32,Medium,17-05-2026
Nagpur,Shankar Nagar,Theft,204,113699,Foggy,74,8.31,6,21.127,79.06,High,01-03-2026
Nagpur,Jaripatka,Cyber Crime,229,59511,Sunny,79,8.36,10,21.1801,79.0955,High,15-07-2025
Mumbai,Borivali,Assault,40,134406,Rainy,15,7.58,4,19.2307,72.8567,Low,13-10-2024
Chhatrapati Sambhajinagar,Aurangpura,Fraud,87,180707,Rainy,171,2.37,4,19.8762,75.3433,Medium,27-12-2024
Pune,Hadapsar,Robbery,139,47047,Cloudy,148,2.24,8,18.5089,73.9259,Medium,06-09-2024
Pune,Hadapsar,Theft,180,123951,Rainy,109,10.53,6,18.5089,73.9259,High,16-04-2025
Nagpur,Lakadganj,Assault,111,111513,Sunny,214,5.3,8,21.1505,79.1155,Medium,15-01-2025
Nagpur,Shankar Nagar,Fraud,85,150113,Sunny,140,8.4,4,21.127,79.06,Medium,24-04-2024
Chhatrapati Sambhajinagar,CIDCO,Assault,192,156304,Foggy,178,11.73,2,19.889,75.32,High,31-08-2025
Mumbai,Dadar,Burglary,63,95104,Sunny,208,3.43,2,19.0178,72.8478,Low,05-02-2026
Mumbai,Borivali,Robbery,228,33793,Rainy,57,3.35,1,19.2307,72.8567,High,14-03-2025
Pune,Baner,Fraud,101,158979,Sunny,147,4.03,3,18.559,73.7868,Medium,02-11-2024
Mumbai,Dadar,Theft,68,103537,Sunny,190,11.62,8,19.0178,72.8478,Low,19-03-2026
Nagpur,Sitabuldi,Assault,75,165910,Foggy,84,7,4,21.1458,79.0882,Low,05-11-2025
Mumbai,Powai,Cyber Crime,81,168562,Sunny,98,11.48,4,19.1176,72.906,Medium,08-05-2024
Nagpur,Jaripatka,Fraud,27,143400,Foggy,107,2.13,7,21.1801,79.0955,Low,30-09-2025
Mumbai,Andheri,Assault,103,128543,Cloudy,178,13.8,3,19.1136,72.8697,Medium,07-04-2024
Chhatrapati Sambhajinagar,CIDCO,Cyber Crime,45,119230,Rainy,167,9.94,6,19.889,75.32,Low,01-03-2024
Nashik,Nashik Road,Burglary,194,63130,Sunny,47,2.81,3,19.9975,73.7898,High,16-06-2025
Nagpur,Dharampeth,Burglary,95,170436,Cloudy,76,6.18,10,21.129,79.0588,Medium,05-07-2025
Nashik,CIDCO,Robbery,70,87561,Sunny,172,3.36,2,19.9667,73.7667,Low,22-10-2024
Nagpur,Sadar,Theft,43,60909,Foggy,67,4.7,3,21.1642,79.0821,Low,10-08-2024
Nashik,CIDCO,Robbery,223,59157,Rainy,17,10.33,6,19.9667,73.7667,High,20-08-2024
Nashik,CIDCO,Assault,163,102937,Cloudy,121,5.99,4,19.9667,73.7667,High,02-11-2025
Nagpur,Jaripatka,Theft,215,80130,Rainy,202,9.59,4,21.1801,79.0955,High,21-12-2025
Mumbai,Colaba,Theft,44,125167,Cloudy,181,4.69,12,18.9067,72.8147,Low,24-02-2025
Nagpur,Sadar,Cyber Crime,103,165326,Rainy,107,14.04,5,21.1642,79.0821,Medium,11-02-2026
Pune,Hinjewadi,Theft,107,79206,Cloudy,77,4.42,3,18.5912,73.7389,Medium,07-11-2024
Nashik,Nashik Road,Fraud,175,29327,Foggy,80,7.71,7,19.9975,73.7898,High,29-06-2024
Chhatrapati Sambhajinagar,CIDCO,Theft,137,137594,Foggy,148,4.44,10,19.889,75.32,Medium,04-01-2024
Nashik,CIDCO,Theft,14,145032,Rainy,62,14.79,9,19.9667,73.7667,Low,21-10-2024
Pune,Hinjewadi,Theft,72,42458,Cloudy,184,9.44,9,18.5912,73.7389,Low,14-08-2025
Pune,Hadapsar,Robbery,95,125308,Cloudy,167,2.83,11,18.5089,73.9259,Medium,12-04-2025
Nagpur,Shankar Nagar,Cyber Crime,167,122387,Foggy,87,13.32,2,21.127,79.06,High,02-04-2026
Pune,Shivaji Nagar,Burglary,161,150251,Sunny,135,3.2,9,18.5308,73.8475,High,12-08-2025
Mumbai,Bandra,Robbery,118,110728,Rainy,96,4.32,5,19.0596,72.8295,Medium,17-09-2025
Pune,Hinjewadi,Theft,19,191379,Cloudy,43,14.87,7,18.5912,73.7389,Low,26-04-2025
Pune,Kothrud,Assault,235,54494,Sunny,74,14.32,7,18.5074,73.8077,High,21-01-2025
Mumbai,Powai,Cyber Crime,207,108880,Rainy,77,3.61,2,19.1176,72.906,High,30-05-2024
Nagpur,Civil Lines,Cyber Crime,18,121186,Foggy,5,12.92,11,21.153,79.072,Low,19-09-2024
Chhatrapati Sambhajinagar,CIDCO,Theft,153,123396,Sunny,162,7.27,12,19.889,75.32,High,06-06-2024
Nashik,CIDCO,Burglary,62,180127,Rainy,91,14.61,11,19.9667,73.7667,Low,28-04-2024
Pune,Hadapsar,Fraud,213,66821,Cloudy,177,10.94,8,18.5089,73.9259,High,18-01-2024
Nagpur,Shankar Nagar,Cyber Crime,156,120430,Rainy,59,4.34,2,21.127,79.06,High,04-02-2024
Mumbai,Dadar,Cyber Crime,193,189855,Cloudy,89,7.32,1,19.0178,72.8478,High,28-11-2025
Pune,Baner,Cyber Crime,168,62544,Cloudy,133,3.56,11,18.559,73.7868,High,05-03-2026
Nashik,Nashik Road,Theft,45,141214,Sunny,172,14.33,1,19.9975,73.7898,Low,23-11-2025
Pune,Kothrud,Fraud,38,118260,Cloudy,90,5.43,2,18.5074,73.8077,Low,24-03-2024
Chhatrapati Sambhajinagar,Osmanpura,Robbery,169,49770,Rainy,42,14.39,7,19.87,75.33,High,26-04-2026
Mumbai,Borivali,Theft,134,131824,Rainy,163,12.48,5,19.2307,72.8567,Medium,07-01-2025
Chhatrapati Sambhajinagar,Aurangpura,Assault,76,161436,Sunny,167,3.87,5,19.8762,75.3433,Medium,02-06-2025
Mumbai,Dadar,Burglary,143,184935,Sunny,129,12.24,5,19.0178,72.8478,Medium,25-09-2025
Nashik,Gangapur Road,Fraud,145,60686,Sunny,207,11.63,9,20.011,73.75,Medium,30-01-2025
Nagpur,Sadar,Robbery,82,60873,Sunny,23,7.75,8,21.1642,79.0821,Medium,30-12-2024
Nashik,Nashik Road,Theft,72,153135,Rainy,36,7.98,6,19.9975,73.7898,Low,15-02-2026
Mumbai,Andheri,Assault,33,172117,Foggy,70,11.39,4,19.1136,72.8697,Low,15-02-2024
Nashik,Gangapur Road,Theft,202,177472,Rainy,26,9.27,9,20.011,73.75,High,07-02-2024
Mumbai,Borivali,Theft,200,66851,Sunny,73,10.89,4,19.2307,72.8567,High,14-04-2026
Nashik,Gangapur Road,Fraud,113,83157,Cloudy,170,3.2,7,20.011,73.75,Medium,12-10-2025
Pune,Baner,Theft,123,101671,Foggy,147,5.01,2,18.559,73.7868,Medium,21-12-2025
Nagpur,Sitabuldi,Theft,160,143351,Cloudy,216,7.27,6,21.1458,79.0882,High,20-09-2024
Pune,Kothrud,Cyber Crime,201,85535,Sunny,181,4.98,4,18.5074,73.8077,High,08-12-2024
Nagpur,Sadar,Robbery,125,117816,Foggy,55,11.91,7,21.1642,79.0821,Medium,28-02-2026
Nagpur,Dharampeth,Cyber Crime,237,118660,Rainy,69,8.12,7,21.129,79.0588,High,28-06-2024
Mumbai,Dadar,Burglary,146,168433,Rainy,73,10.84,8,19.0178,72.8478,Medium,21-05-2025
Chhatrapati Sambhajinagar,Osmanpura,Theft,190,164715,Foggy,26,13.54,2,19.87,75.33,High,28-02-2025
Nashik,Nashik Road,Theft,87,37974,Cloudy,203,6.26,3,19.9975,73.7898,Medium,01-12-2024
Pune,Baner,Theft,107,48667,Rainy,91,4.47,10,18.559,73.7868,Medium,30-12-2024
Pune,Hadapsar,Fraud,47,167253,Foggy,159,10.42,7,18.5089,73.9259,Low,10-01-2026
Chhatrapati Sambhajinagar,CIDCO,Theft,218,189367,Cloudy,67,6.78,4,19.889,75.32,High,12-06-2024
Chhatrapati Sambhajinagar,Aurangpura,Assault,95,122863,Rainy,141,13.16,6,19.8762,75.3433,Medium,03-04-2026
Pune,Baner,Assault,77,144324,Rainy,89,4.61,9,18.559,73.7868,Medium,25-04-2026
Mumbai,Colaba,Cyber Crime,104,189596,Cloudy,169,2.13,2,18.9067,72.8147,Medium,26-03-2026
Chhatrapati Sambhajinagar,Osmanpura,Fraud,69,78466,Sunny,214,5.5,9,19.87,75.33,Low,28-12-2024
Nashik,CIDCO,Cyber Crime,215,134034,Rainy,85,10.79,9,19.9667,73.7667,High,25-11-2025
Mumbai,Andheri,Robbery,149,102203,Foggy,63,2.84,11,19.1136,72.8697,Medium,25-03-2026
Chhatrapati Sambhajinagar,CIDCO,Cyber Crime,50,97556,Rainy,67,11.72,11,19.889,75.32,Low,01-03-2025
Chhatrapati Sambhajinagar,CIDCO,Theft,99,187637,Sunny,135,2.44,10,19.889,75.32,Medium,01-06-2026
Nashik,Gangapur Road,Assault,179,119065,Foggy,94,12.31,8,20.011,73.75,High,28-04-2024
Nashik,Gangapur Road,Robbery,119,131645,Rainy,173,8.19,3,20.011,73.75,Medium,21-05-2026
Chhatrapati Sambhajinagar,Osmanpura,Burglary,194,198253,Foggy,162,11.67,10,19.87,75.33,High,29-10-2025
Nagpur,Civil Lines,Burglary,17,172146,Foggy,93,9.17,10,21.153,79.072,Low,17-07-2024
Mumbai,Andheri,Assault,43,61063,Sunny,151,7.72,5,19.1136,72.8697,Low,17-04-2024
Nashik,Gangapur Road,Robbery,53,59002,Sunny,14,9.82,5,20.011,73.75,Low,22-08-2024
Chhatrapati Sambhajinagar,Aurangpura,Robbery,199,135861,Foggy,168,10.61,2,19.8762,75.3433,High,18-03-2026
Mumbai,Andheri,Cyber Crime,126,151771,Sunny,79,4.35,5,19.1136,72.8697,Medium,06-10-2024
Chhatrapati Sambhajinagar,Osmanpura,Robbery,224,103526,Sunny,39,4.25,10,19.87,75.33,High,16-01-2025
Pune,Baner,Burglary,82,44913,Cloudy,206,12.64,10,18.559,73.7868,Medium,26-01-2025
Pune,Hadapsar,Cyber Crime,207,152739,Sunny,102,11.18,7,18.5089,73.9259,High,03-02-2026
Nashik,Nashik Road,Theft,22,139710,Foggy,90,9.02,10,19.9975,73.7898,Low,01-11-2025
Mumbai,Borivali,Burglary,163,118526,Rainy,117,2.59,3,19.2307,72.8567,High,05-03-2024
Mumbai,Andheri,Fraud,129,34496,Sunny,126,13.7,12,19.1136,72.8697,Medium,15-03-2026
Nagpur,Shankar Nagar,Burglary,82,47257,Sunny,36,10.22,3,21.127,79.06,Medium,23-03-2025
Chhatrapati Sambhajinagar,Aurangpura,Cyber Crime,210,69242,Foggy,84,2.19,9,19.8762,75.3433,High,07-01-2024
Pune,Hinjewadi,Assault,56,135959,Foggy,33,5.08,6,18.5912,73.7389,Low,07-10-2025
Nagpur,Sitabuldi,Theft,149,146781,Rainy,72,7.24,2,21.1458,79.0882,Medium,03-03-2025
Nashik,Nashik Road,Burglary,99,36279,Sunny,161,12.33,11,19.9975,73.7898,Medium,10-02-2025
Pune,Kothrud,Cyber Crime,197,62713,Foggy,14,2.46,7,18.5074,73.8077,High,05-05-2026
Chhatrapati Sambhajinagar,Aurangpura,Burglary,43,186572,Cloudy,108,7.3,6,19.8762,75.3433,Low,11-01-2026
Nagpur,Sitabuldi,Burglary,15,117675,Foggy,59,14.86,6,21.1458,79.0882,Low,13-02-2025
Nagpur,Shankar Nagar,Cyber Crime,33,189734,Foggy,65,8.96,12,21.127,79.06,Low,25-01-2025
Nagpur,Jaripatka,Burglary,50,132942,Rainy,157,10.95,7,21.1801,79.0955,Low,06-12-2024
Nagpur,Sadar,Assault,196,157747,Sunny,181,4.48,9,21.1642,79.0821,High,03-08-2025
Pune,Hinjewadi,Robbery,94,169318,Foggy,28,9.94,8,18.5912,73.7389,Medium,12-04-2024
Pune,Shivaji Nagar,Cyber Crime,169,167558,Foggy,199,14.04,9,18.5308,73.8475,High,22-02-2026
Mumbai,Powai,Theft,137,126141,Foggy,11,2.62,12,19.1176,72.906,Medium,01-09-2024
Pune,Shivaji Nagar,Robbery,236,197951,Sunny,18,2.97,2,18.5308,73.8475,High,20-06-2025
Mumbai,Powai,Theft,19,31356,Rainy,148,10.17,8,19.1176,72.906,Low,08-11-2024
Nashik,CIDCO,Cyber Crime,176,173459,Foggy,128,2.88,6,19.9667,73.7667,High,08-10-2025
Pune,Kothrud,Assault,170,169272,Foggy,38,5.88,1,18.5074,73.8077,High,14-05-2025
Chhatrapati Sambhajinagar,Osmanpura,Fraud,92,131479,Rainy,11,8.22,5,19.87,75.33,Medium,20-02-2024
Chhatrapati Sambhajinagar,Aurangpura,Robbery,42,105878,Cloudy,136,4.18,6,19.8762,75.3433,Low,17-06-2026
Nagpur,Dharampeth,Assault,12,193507,Rainy,78,11.5,12,21.129,79.0588,Low,27-07-2025
Chhatrapati Sambhajinagar,Osmanpura,Assault,250,134886,Sunny,76,13.2,3,19.87,75.33,High,31-03-2024
Chhatrapati Sambhajinagar,Aurangpura,Cyber Crime,191,150202,Foggy,107,8.13,2,19.8762,75.3433,High,08-04-2026
Mumbai,Colaba,Theft,226,34468,Cloudy,168,14.49,6,18.9067,72.8147,High,31-10-2024
Chhatrapati Sambhajinagar,CIDCO,Cyber Crime,152,117786,Sunny,199,2.2,4,19.889,75.32,High,03-07-2025
Chhatrapati Sambhajinagar,Osmanpura,Fraud,215,78926,Rainy,136,7.12,11,19.87,75.33,High,07-08-2025
Chhatrapati Sambhajinagar,CIDCO,Theft,101,45934,Foggy,174,7.41,12,19.889,75.32,Medium,25-11-2024
Nagpur,Sitabuldi,Assault,49,145498,Rainy,173,4.04,1,21.1458,79.0882,Low,24-03-2024
Mumbai,Dadar,Robbery,99,30315,Sunny,209,10.86,6,19.0178,72.8478,Medium,21-02-2024
Nashik,Nashik Road,Fraud,60,82787,Foggy,58,4.41,5,19.9975,73.7898,Low,19-06-2024
Pune,Wakad,Assault,243,109199,Foggy,220,7.55,4,18.5975,73.7637,High,30-09-2024
Chhatrapati Sambhajinagar,CIDCO,Assault,23,196039,Sunny,113,3.24,4,19.889,75.32,Low,16-02-2024
Nagpur,Lakadganj,Robbery,167,156793,Rainy,72,8.13,4,21.1505,79.1155,High,11-12-2025
Chhatrapati Sambhajinagar,CIDCO,Burglary,178,158203,Foggy,202,8.55,12,19.889,75.32,High,28-07-2024
Chhatrapati Sambhajinagar,CIDCO,Theft,43,53874,Cloudy,108,10.89,2,19.889,75.32,Low,07-11-2025
Nashik,Nashik Road,Cyber Crime,47,173838,Cloudy,182,8.45,11,19.9975,73.7898,Low,22-08-2025
Nashik,Gangapur Road,Theft,11,161387,Cloudy,33,3.56,6,20.011,73.75,Low,19-06-2024
Mumbai,Powai,Assault,116,29412,Rainy,34,11.92,1,19.1176,72.906,Medium,19-06-2025
Nashik,Nashik Road,Robbery,142,72624,Cloudy,168,3.85,10,19.9975,73.7898,Medium,13-03-2024
Mumbai,Colaba,Robbery,215,84126,Foggy,97,13.25,6,18.9067,72.8147,High,31-01-2026
Pune,Baner,Robbery,224,130964,Rainy,189,5.48,6,18.559,73.7868,High,15-05-2026
Nagpur,Sadar,Theft,187,194268,Sunny,168,9.05,1,21.1642,79.0821,High,13-08-2025
Nashik,Gangapur Road,Fraud,187,70157,Sunny,155,3.35,2,20.011,73.75,High,25-03-2026
Nashik,Gangapur Road,Assault,46,195660,Foggy,15,14.68,2,20.011,73.75,Low,29-08-2025
Nashik,Nashik Road,Assault,80,169234,Rainy,133,2.53,5,19.9975,73.7898,Medium,04-12-2025
Nashik,CIDCO,Assault,90,92888,Sunny,46,4.85,5,19.9667,73.7667,Medium,12-07-2024
Nashik,Gangapur Road,Fraud,56,53821,Cloudy,210,11.79,8,20.011,73.75,Low,14-10-2024
Nagpur,Lakadganj,Cyber Crime,159,189625,Cloudy,205,2.16,6,21.1505,79.1155,High,23-05-2025
Mumbai,Bandra,Assault,236,178810,Foggy,171,13.2,10,19.0596,72.8295,High,07-01-2025
Chhatrapati Sambhajinagar,Aurangpura,Cyber Crime,200,103845,Sunny,164,6.17,7,19.8762,75.3433,High,28-06-2024
Nashik,CIDCO,Fraud,58,144650,Sunny,183,13.03,1,19.9667,73.7667,Low,18-08-2024
Nashik,Nashik Road,Robbery,27,107218,Sunny,198,7.36,1,19.9975,73.7898,Low,29-11-2025
Mumbai,Colaba,Burglary,239,195026,Foggy,19,4.97,4,18.9067,72.8147,High,22-09-2024
Nashik,Gangapur Road,Theft,189,128416,Cloudy,158,10.31,7,20.011,73.75,High,12-03-2026
Nashik,CIDCO,Assault,130,178092,Cloudy,141,5.37,4,19.9667,73.7667,Medium,10-02-2025
Mumbai,Colaba,Fraud,169,93520,Cloudy,157,7.09,3,18.9067,72.8147,High,29-01-2024
Mumbai,Dadar,Burglary,78,188651,Sunny,24,2.18,10,19.0178,72.8478,Medium,30-05-2026
Chhatrapati Sambhajinagar,CIDCO,Assault,237,62234,Rainy,89,14.52,7,19.889,75.32,High,19-08-2025
Chhatrapati Sambhajinagar,Aurangpura,Robbery,40,141311,Rainy,44,14.09,3,19.8762,75.3433,Low,25-03-2026
Mumbai,Bandra,Cyber Crime,102,170938,Foggy,104,6.04,12,19.0596,72.8295,Medium,20-03-2026
Chhatrapati Sambhajinagar,CIDCO,Theft,196,58278,Sunny,110,3.79,2,19.889,75.32,High,30-01-2026
Nagpur,Sadar,Fraud,73,190287,Cloudy,90,4.46,9,21.1642,79.0821,Low,20-11-2024
Pune,Baner,Theft,239,186180,Cloudy,196,9.66,10,18.559,73.7868,High,31-01-2025
Nagpur,Lakadganj,Robbery,48,84345,Foggy,187,6.8,3,21.1505,79.1155,Low,13-03-2026
Chhatrapati Sambhajinagar,CIDCO,Burglary,88,119244,Foggy,84,2.56,4,19.889,75.32,Medium,12-09-2025
Nashik,Nashik Road,Assault,131,126245,Cloudy,121,9.94,3,19.9975,73.7898,Medium,23-01-2025
Chhatrapati Sambhajinagar,Osmanpura,Cyber Crime,152,163780,Foggy,90,9.21,12,19.87,75.33,High,26-05-2026
Nagpur,Sadar,Cyber Crime,100,67061,Cloudy,175,11.95,5,21.1642,79.0821,Medium,05-06-2024
Mumbai,Bandra,Assault,198,173310,Rainy,107,2.52,1,19.0596,72.8295,High,08-02-2026
Mumbai,Colaba,Burglary,136,106721,Foggy,172,9.91,7,18.9067,72.8147,Medium,19-11-2025
Nashik,Gangapur Road,Fraud,72,120165,Foggy,158,13.68,4,20.011,73.75,Low,01-05-2024
Pune,Baner,Theft,35,144494,Foggy,159,10.79,11,18.559,73.7868,Low,01-12-2025
Nagpur,Lakadganj,Theft,153,89855,Foggy,217,9.09,9,21.1505,79.1155,High,01-05-2025
Chhatrapati Sambhajinagar,Aurangpura,Burglary,121,160325,Cloudy,197,13.89,3,19.8762,75.3433,Medium,01-12-2025
Chhatrapati Sambhajinagar,CIDCO,Theft,87,61734,Rainy,49,11.42,9,19.889,75.32,Medium,17-02-2025
Pune,Hadapsar,Cyber Crime,150,57717,Foggy,212,5.07,10,18.5089,73.9259,Medium,06-12-2025
Chhatrapati Sambhajinagar,Aurangpura,Burglary,38,197362,Sunny,88,12.54,8,19.8762,75.3433,Low,15-05-2024
Mumbai,Colaba,Assault,71,37115,Rainy,173,5.1,8,18.9067,72.8147,Low,07-01-2024
Pune,Kothrud,Robbery,129,114906,Sunny,75,11.78,2,18.5074,73.8077,Medium,28-05-2026
Pune,Baner,Robbery,214,45063,Foggy,116,14.38,12,18.559,73.7868,High,29-08-2025
Chhatrapati Sambhajinagar,CIDCO,Cyber Crime,74,90313,Rainy,18,13.3,4,19.889,75.32,Low,06-05-2025
Chhatrapati Sambhajinagar,Aurangpura,Theft,207,57035,Rainy,175,12.28,11,19.8762,75.3433,High,16-10-2024
Nashik,CIDCO,Fraud,68,27107,Foggy,76,13.91,4,19.9667,73.7667,Low,15-08-2025
Pune,Kothrud,Robbery,193,119997,Foggy,147,11.31,6,18.5074,73.8077,High,09-05-2024
Mumbai,Dadar,Assault,177,28827,Cloudy,45,11,6,19.0178,72.8478,High,05-12-2024
Nagpur,Jaripatka,Robbery,125,102120,Sunny,218,14.77,12,21.1801,79.0955,Medium,02-10-2025
Mumbai,Bandra,Burglary,181,92184,Cloudy,147,13.75,3,19.0596,72.8295,High,16-05-2025
Chhatrapati Sambhajinagar,Osmanpura,Burglary,198,196716,Sunny,196,9.01,12,19.87,75.33,High,04-03-2024
Mumbai,Powai,Cyber Crime,90,154269,Cloudy,84,14.1,5,19.1176,72.906,Medium,24-11-2025
Mumbai,Dadar,Burglary,88,147085,Sunny,26,7.4,3,19.0178,72.8478,Medium,11-03-2024
Nashik,CIDCO,Burglary,118,112796,Sunny,101,12.73,1,19.9667,73.7667,Medium,21-01-2024
Nashik,CIDCO,Fraud,34,159146,Sunny,217,3.7,8,19.9667,73.7667,Low,19-03-2026
Mumbai,Powai,Burglary,248,169065,Sunny,37,11.81,9,19.1176,72.906,High,16-10-2024
Pune,Hadapsar,Theft,58,156198,Sunny,162,3.07,2,18.5089,73.9259,Low,20-08-2025
Chhatrapati Sambhajinagar,CIDCO,Burglary,209,92089,Cloudy,59,10.42,2,19.889,75.32,High,04-02-2025
Nashik,Nashik Road,Cyber Crime,141,105966,Cloudy,205,2.78,2,19.9975,73.7898,Medium,17-08-2025
Nagpur,Sadar,Theft,50,135127,Sunny,211,8.95,1,21.1642,79.0821,Low,06-02-2025
Mumbai,Borivali,Cyber Crime,131,187785,Cloudy,162,7.32,5,19.2307,72.8567,Medium,10-03-2024
Nagpur,Lakadganj,Theft,22,58505,Rainy,24,3.61,6,21.1505,79.1155,Low,12-12-2025
Nashik,Nashik Road,Theft,38,167070,Rainy,172,12.72,6,19.9975,73.7898,Low,01-03-2026
Pune,Shivaji Nagar,Fraud,108,83665,Foggy,47,12.49,12,18.5308,73.8475,Medium,13-05-2025
Nashik,Gangapur Road,Theft,239,121869,Cloudy,15,10.17,9,20.011,73.75,High,05-06-2025
Chhatrapati Sambhajinagar,Osmanpura,Theft,113,31219,Rainy,71,8.18,2,19.87,75.33,Medium,23-05-2025
Pune,Baner,Fraud,166,144738,Foggy,199,11.48,12,18.559,73.7868,High,28-02-2025
Pune,Wakad,Cyber Crime,242,70962,Foggy,144,4.79,8,18.5975,73.7637,High,19-10-2024
Mumbai,Colaba,Robbery,250,70778,Cloudy,80,8.39,1,18.9067,72.8147,High,22-12-2024
Nagpur,Sitabuldi,Cyber Crime,43,92752,Sunny,154,3.2,7,21.1458,79.0882,Low,26-07-2025
Nashik,Nashik Road,Theft,24,148108,Foggy,151,4.96,6,19.9975,73.7898,Low,25-11-2024
Mumbai,Dadar,Robbery,168,150777,Cloudy,116,6.13,8,19.0178,72.8478,High,12-10-2024
Pune,Hinjewadi,Robbery,21,173734,Cloudy,38,12.09,9,18.5912,73.7389,Low,22-05-2026
Chhatrapati Sambhajinagar,CIDCO,Cyber Crime,185,142856,Cloudy,136,6.35,8,19.889,75.32,High,10-05-2024
Mumbai,Bandra,Fraud,67,139463,Rainy,157,3.53,12,19.0596,72.8295,Low,26-11-2024
Nagpur,Shankar Nagar,Cyber Crime,191,76796,Rainy,146,6.95,8,21.127,79.06,High,06-12-2025
Chhatrapati Sambhajinagar,Aurangpura,Assault,212,71300,Foggy,67,13.56,7,19.8762,75.3433,High,16-05-2024
Nashik,CIDCO,Fraud,174,180738,Rainy,37,6.09,6,19.9667,73.7667,High,07-04-2024
Mumbai,Andheri,Fraud,198,74546,Foggy,101,13.79,11,19.1136,72.8697,High,25-07-2025
Mumbai,Dadar,Cyber Crime,249,104249,Cloudy,213,11.15,3,19.0178,72.8478,High,30-12-2025
Pune,Wakad,Cyber Crime,143,114736,Rainy,204,12.76,1,18.5975,73.7637,Medium,01-08-2025
Nagpur,Sadar,Theft,96,56167,Rainy,163,11.89,7,21.1642,79.0821,Medium,16-01-2024
Chhatrapati Sambhajinagar,Aurangpura,Theft,193,98265,Foggy,191,9.98,9,19.8762,75.3433,High,23-11-2025
Mumbai,Powai,Fraud,225,38251,Sunny,178,13.36,2,19.1176,72.906,High,05-01-2025
Chhatrapati Sambhajinagar,CIDCO,Burglary,180,197792,Foggy,172,8.58,5,19.889,75.32,High,16-06-2025
Mumbai,Colaba,Theft,59,122319,Foggy,122,11.21,11,18.9067,72.8147,Low,15-10-2025
Chhatrapati Sambhajinagar,CIDCO,Cyber Crime,152,56984,Foggy,152,7.85,1,19.889,75.32,High,08-04-2024
Chhatrapati Sambhajinagar,Aurangpura,Cyber Crime,106,67197,Foggy,181,3.02,11,19.8762,75.3433,Medium,03-07-2024
Chhatrapati Sambhajinagar,Aurangpura,Fraud,147,152310,Foggy,206,2.44,12,19.8762,75.3433,Medium,03-06-2026
Nagpur,Jaripatka,Cyber Crime,58,156007,Sunny,163,9.84,2,21.1801,79.0955,Low,01-06-2026
Nashik,Nashik Road,Theft,224,26967,Rainy,213,14.47,2,19.9975,73.7898,High,05-09-2024
Chhatrapati Sambhajinagar,Osmanpura,Fraud,35,87888,Sunny,181,10.64,10,19.87,75.33,Low,17-04-2026
Nagpur,Jaripatka,Theft,125,61256,Foggy,110,10.05,3,21.1801,79.0955,Medium,09-06-2024
Mumbai,Andheri,Robbery,102,60115,Rainy,205,10.08,3,19.1136,72.8697,Medium,14-04-2026
Mumbai,Bandra,Burglary,154,108130,Rainy,81,14.49,12,19.0596,72.8295,High,19-01-2026
Pune,Shivaji Nagar,Cyber Crime,167,176153,Foggy,21,13.95,8,18.5308,73.8475,High,03-06-2026
Mumbai,Colaba,Burglary,211,169538,Rainy,165,9.56,12,18.9067,72.8147,High,28-12-2025
Nagpur,Shankar Nagar,Burglary,70,174527,Foggy,25,8.7,12,21.127,79.06,Low,29-07-2025
Pune,Kothrud,Robbery,193,105302,Foggy,159,3.46,6,18.5074,73.8077,High,22-05-2025
Nashik,Gangapur Road,Theft,39,168512,Rainy,60,13.71,5,20.011,73.75,Low,12-09-2025
Nagpur,Sitabuldi,Cyber Crime,90,117532,Sunny,51,10.69,8,21.1458,79.0882,Medium,24-02-2026
Nagpur,Shankar Nagar,Burglary,52,194081,Cloudy,63,5.12,6,21.127,79.06,Low,07-09-2025
Nagpur,Dharampeth,Robbery,232,34542,Foggy,160,12.03,3,21.129,79.0588,High,12-12-2024
Nagpur,Jaripatka,Cyber Crime,96,82724,Foggy,118,9.93,10,21.1801,79.0955,Medium,10-02-2024
Nashik,Nashik Road,Burglary,193,110152,Rainy,73,4.85,12,19.9975,73.7898,High,10-05-2026
Chhatrapati Sambhajinagar,CIDCO,Assault,222,70786,Foggy,119,3.82,12,19.889,75.32,High,06-05-2026
Mumbai,Dadar,Cyber Crime,185,154003,Foggy,180,5.8,2,19.0178,72.8478,High,13-08-2024
Pune,Hinjewadi,Cyber Crime,84,95172,Foggy,167,6.75,4,18.5912,73.7389,Medium,18-04-2024
Nagpur,Civil Lines,Cyber Crime,174,106538,Cloudy,59,2.36,10,21.153,79.072,High,08-09-2024
Nagpur,Lakadganj,Burglary,166,50235,Cloudy,44,12.24,5,21.1505,79.1155,High,13-06-2026
Mumbai,Borivali,Burglary,223,187695,Sunny,107,4.7,11,19.2307,72.8567,High,06-05-2026
Nashik,CIDCO,Cyber Crime,95,169790,Foggy,186,8.86,10,19.9667,73.7667,Medium,29-02-2024
Mumbai,Bandra,Cyber Crime,138,183740,Foggy,156,14.39,4,19.0596,72.8295,Medium,13-02-2025
Chhatrapati Sambhajinagar,CIDCO,Burglary,168,63377,Foggy,57,10.21,6,19.889,75.32,High,29-06-2024
Chhatrapati Sambhajinagar,Osmanpura,Robbery,225,27980,Rainy,133,13.81,5,19.87,75.33,High,12-06-2026
Nagpur,Civil Lines,Robbery,174,129786,Rainy,17,8.1,5,21.153,79.072,High,11-06-2025
Chhatrapati Sambhajinagar,Aurangpura,Burglary,100,190636,Rainy,139,5.34,4,19.8762,75.3433,Medium,24-02-2024
Chhatrapati Sambhajinagar,Aurangpura,Cyber Crime,200,94886,Rainy,98,13.02,6,19.8762,75.3433,High,04-08-2025
Pune,Baner,Fraud,237,32427,Sunny,65,4.81,2,18.559,73.7868,High,08-05-2026
Chhatrapati Sambhajinagar,CIDCO,Assault,165,127515,Sunny,47,3.63,12,19.889,75.32,High,09-09-2025
Mumbai,Bandra,Theft,131,85323,Foggy,186,6.98,5,19.0596,72.8295,Medium,21-01-2026
Nagpur,Jaripatka,Robbery,227,176726,Cloudy,166,9.61,7,21.1801,79.0955,High,26-01-2026
Mumbai,Powai,Assault,41,176774,Sunny,186,9.69,6,19.1176,72.906,Low,08-07-2024
Nagpur,Jaripatka,Robbery,107,101248,Cloudy,195,14.66,6,21.1801,79.0955,Medium,25-04-2024
Nashik,CIDCO,Robbery,189,143567,Sunny,7,5.99,12,19.9667,73.7667,High,29-04-2025
Nashik,CIDCO,Robbery,144,98837,Cloudy,80,3.75,8,19.9667,73.7667,Medium,14-01-2024
Chhatrapati Sambhajinagar,Osmanpura,Cyber Crime,96,187161,Rainy,159,5.4,3,19.87,75.33,Medium,12-02-2026
Nashik,CIDCO,Fraud,66,40493,Foggy,37,4.14,3,19.9667,73.7667,Low,18-04-2024
Mumbai,Colaba,Assault,54,169886,Cloudy,24,8.25,9,18.9067,72.8147,Low,18-12-2024
Mumbai,Bandra,Robbery,247,80944,Cloudy,87,10.67,1,19.0596,72.8295,High,16-04-2024
Mumbai,Powai,Fraud,120,100610,Foggy,97,9.17,10,19.1176,72.906,Medium,28-01-2026
Nagpur,Sitabuldi,Assault,186,107401,Sunny,28,10.29,5,21.1458,79.0882,High,15-09-2024
Pune,Wakad,Robbery,104,100648,Sunny,35,4.11,9,18.5975,73.7637,Medium,24-11-2025
Pune,Hinjewadi,Assault,159,112309,Foggy,209,3.03,5,18.5912,73.7389,High,14-02-2026
Chhatrapati Sambhajinagar,Osmanpura,Robbery,35,82970,Cloudy,111,10.96,10,19.87,75.33,Low,17-01-2025
Chhatrapati Sambhajinagar,Osmanpura,Assault,170,155642,Rainy,157,7.81,2,19.87,75.33,High,06-10-2025
Nashik,CIDCO,Assault,209,150681,Rainy,157,13.11,8,19.9667,73.7667,High,03-11-2024
Chhatrapati Sambhajinagar,Aurangpura,Theft,105,89838,Cloudy,97,9.43,5,19.8762,75.3433,Medium,05-06-2026
Nagpur,Lakadganj,Theft,119,42819,Foggy,182,14.26,3,21.1505,79.1155,Medium,14-02-2024
Nagpur,Jaripatka,Fraud,43,178217,Rainy,42,3.63,4,21.1801,79.0955,Low,21-04-2024
Nashik,CIDCO,Cyber Crime,232,102812,Foggy,152,2.97,12,19.9667,73.7667,High,03-09-2025
Chhatrapati Sambhajinagar,Osmanpura,Theft,143,141730,Rainy,79,3.77,8,19.87,75.33,Medium,20-09-2025
Pune,Wakad,Burglary,208,186345,Cloudy,15,12.12,3,18.5975,73.7637,High,25-02-2025
Mumbai,Bandra,Assault,231,193419,Sunny,104,2.16,4,19.0596,72.8295,High,27-01-2025
Nagpur,Civil Lines,Burglary,82,128593,Rainy,167,4.3,7,21.153,79.072,Medium,20-05-2026
Nagpur,Lakadganj,Cyber Crime,184,114479,Sunny,62,9.38,4,21.1505,79.1155,High,14-05-2024
Nagpur,Dharampeth,Assault,27,25613,Rainy,147,4.17,5,21.129,79.0588,Low,24-07-2024
Chhatrapati Sambhajinagar,Osmanpura,Fraud,81,147629,Cloudy,202,5.47,10,19.87,75.33,Medium,27-11-2025
Mumbai,Bandra,Fraud,201,48569,Sunny,153,8,11,19.0596,72.8295,High,07-05-2026
Nagpur,Jaripatka,Robbery,114,36127,Sunny,148,13.51,9,21.1801,79.0955,Medium,28-01-2024
Nashik,Gangapur Road,Burglary,223,90640,Cloudy,62,2.85,7,20.011,73.75,High,12-11-2025
Chhatrapati Sambhajinagar,Osmanpura,Fraud,161,109011,Sunny,123,9.09,2,19.87,75.33,High,29-07-2024
Nagpur,Jaripatka,Fraud,131,54860,Rainy,120,9.06,5,21.1801,79.0955,Medium,03-12-2025
Mumbai,Borivali,Assault,161,96561,Sunny,95,3.28,3,19.2307,72.8567,High,11-03-2024
Pune,Shivaji Nagar,Theft,111,26909,Cloudy,185,12.75,10,18.5308,73.8475,Medium,08-02-2024
Nashik,Gangapur Road,Cyber Crime,210,178588,Cloudy,64,12.06,4,20.011,73.75,High,07-10-2024
Chhatrapati Sambhajinagar,Osmanpura,Fraud,88,62725,Cloudy,165,4.55,2,19.87,75.33,Medium,12-12-2024
Nashik,Gangapur Road,Robbery,229,163404,Cloudy,122,3.46,9,20.011,73.75,High,05-04-2026
Chhatrapati Sambhajinagar,Osmanpura,Theft,169,124263,Cloudy,174,11.79,9,19.87,75.33,High,14-12-2025
Nagpur,Dharampeth,Cyber Crime,136,90276,Sunny,75,9.74,2,21.129,79.0588,Medium,25-12-2024
Mumbai,Andheri,Robbery,200,145006,Sunny,218,4,7,19.1136,72.8697,High,19-12-2024
Mumbai,Dadar,Assault,249,28136,Rainy,184,10.95,12,19.0178,72.8478,High,26-06-2025
Chhatrapati Sambhajinagar,CIDCO,Assault,138,81328,Cloudy,160,8.19,8,19.889,75.32,Medium,22-11-2025
Pune,Baner,Cyber Crime,203,195404,Rainy,73,9.87,3,18.559,73.7868,High,02-02-2024
Chhatrapati Sambhajinagar,Osmanpura,Assault,113,152358,Sunny,61,3.66,1,19.87,75.33,Medium,16-09-2024
Chhatrapati Sambhajinagar,CIDCO,Fraud,157,108210,Sunny,50,5.6,8,19.889,75.32,High,21-07-2025
Nashik,Gangapur Road,Cyber Crime,37,149588,Rainy,191,14.26,5,20.011,73.75,Low,09-08-2024
Nashik,CIDCO,Assault,141,112026,Sunny,140,7.51,5,19.9667,73.7667,Medium,04-06-2024
Nagpur,Sadar,Burglary,144,163996,Sunny,216,4.89,8,21.1642,79.0821,Medium,28-08-2025
Nashik,Nashik Road,Assault,234,31381,Rainy,69,14.95,8,19.9975,73.7898,High,29-09-2024
Mumbai,Andheri,Burglary,100,144776,Rainy,212,2.57,1,19.1136,72.8697,Medium,20-06-2024
Mumbai,Borivali,Cyber Crime,22,171230,Foggy,134,6.62,12,19.2307,72.8567,Low,02-09-2025
Chhatrapati Sambhajinagar,Aurangpura,Assault,208,38223,Rainy,161,4.95,6,19.8762,75.3433,High,08-06-2026
Nagpur,Civil Lines,Robbery,110,44559,Cloudy,120,13.79,2,21.153,79.072,Medium,28-01-2025
Pune,Kothrud,Fraud,231,110430,Sunny,41,4.05,6,18.5074,73.8077,High,30-07-2025
Chhatrapati Sambhajinagar,Aurangpura,Assault,58,53999,Cloudy,197,4.86,4,19.8762,75.3433,Low,15-04-2024
Chhatrapati Sambhajinagar,Aurangpura,Fraud,224,179363,Sunny,105,11.61,2,19.8762,75.3433,High,03-10-2025
Chhatrapati Sambhajinagar,Osmanpura,Cyber Crime,94,113423,Foggy,130,7.13,8,19.87,75.33,Medium,27-03-2025
Nagpur,Shankar Nagar,Robbery,17,168195,Sunny,209,10.96,4,21.127,79.06,Low,10-04-2026
Nashik,Gangapur Road,Burglary,131,37364,Sunny,126,3.57,9,20.011,73.75,Medium,20-03-2025
Chhatrapati Sambhajinagar,CIDCO,Assault,84,160942,Rainy,36,11.66,1,19.889,75.32,Medium,01-09-2024
Pune,Hinjewadi,Fraud,80,133868,Cloudy,81,7.92,4,18.5912,73.7389,Medium,08-02-2025
Pune,Hadapsar,Assault,200,65771,Sunny,184,11.31,1,18.5089,73.9259,High,21-08-2025
Pune,Hinjewadi,Fraud,132,109597,Foggy,12,6.6,4,18.5912,73.7389,Medium,21-04-2026
Nashik,Nashik Road,Assault,44,129010,Cloudy,117,9.34,10,19.9975,73.7898,Low,29-03-2025
Pune,Hinjewadi,Burglary,91,159867,Rainy,141,2.6,5,18.5912,73.7389,Medium,06-06-2026
Nagpur,Dharampeth,Assault,165,189413,Foggy,98,6.28,12,21.129,79.0588,High,28-11-2025
Chhatrapati Sambhajinagar,Aurangpura,Fraud,241,49468,Rainy,81,10.59,1,19.8762,75.3433,High,14-09-2024
Pune,Shivaji Nagar,Assault,156,62815,Foggy,123,13.29,9,18.5308,73.8475,High,20-08-2025
Mumbai,Andheri,Robbery,159,101517,Sunny,107,13.99,2,19.1136,72.8697,High,02-11-2024
Mumbai,Bandra,Robbery,50,139178,Cloudy,142,7.12,8,19.0596,72.8295,Low,08-12-2024
Nashik,Nashik Road,Robbery,172,181087,Rainy,59,8.09,12,19.9975,73.7898,High,08-10-2025
Nashik,CIDCO,Cyber Crime,102,182717,Foggy,187,12.33,9,19.9667,73.7667,Medium,20-07-2025
Nagpur,Sitabuldi,Robbery,211,190513,Cloudy,86,14.83,2,21.1458,79.0882,High,21-01-2024
Pune,Kothrud,Fraud,39,108855,Rainy,158,8.48,2,18.5074,73.8077,Low,07-06-2026
Nashik,Nashik Road,Assault,233,112246,Cloudy,94,2,12,19.9975,73.7898,High,06-08-2025
Chhatrapati Sambhajinagar,Osmanpura,Fraud,179,180194,Foggy,74,4.92,8,19.87,75.33,High,23-10-2024
Nashik,Gangapur Road,Assault,87,133291,Foggy,160,10.08,1,20.011,73.75,Medium,21-08-2025
Nagpur,Shankar Nagar,Fraud,162,52008,Rainy,50,2.97,3,21.127,79.06,High,27-07-2024
Mumbai,Powai,Assault,64,43909,Foggy,120,3.23,3,19.1176,72.906,Low,06-06-2025
Mumbai,Bandra,Theft,225,125390,Sunny,141,13.49,2,19.0596,72.8295,High,11-06-2026
Nagpur,Civil Lines,Burglary,247,137581,Sunny,76,5.1,9,21.153,79.072,High,20-06-2025
Pune,Shivaji Nagar,Cyber Crime,25,95976,Sunny,117,11.03,4,18.5308,73.8475,Low,12-03-2025
Chhatrapati Sambhajinagar,Osmanpura,Assault,175,196590,Rainy,23,8.92,4,19.87,75.33,High,06-02-2025
Pune,Baner,Cyber Crime,153,83039,Foggy,218,4.3,12,18.559,73.7868,High,18-09-2024
Chhatrapati Sambhajinagar,CIDCO,Cyber Crime,149,173911,Sunny,128,6.41,2,19.889,75.32,Medium,22-01-2026
Pune,Kothrud,Fraud,190,89961,Foggy,165,5.41,3,18.5074,73.8077,High,08-06-2026
Nashik,CIDCO,Assault,248,56188,Sunny,194,6.18,11,19.9667,73.7667,High,17-09-2025
Nagpur,Jaripatka,Robbery,220,121105,Sunny,199,2.77,7,21.1801,79.0955,High,05-10-2025
Pune,Baner,Fraud,211,174827,Cloudy,182,4.95,3,18.559,73.7868,High,06-07-2024
Nashik,Gangapur Road,Theft,90,72917,Cloudy,159,5.51,4,20.011,73.75,Medium,27-02-2025
Chhatrapati Sambhajinagar,Osmanpura,Cyber Crime,164,84262,Foggy,63,12.15,3,19.87,75.33,High,29-01-2025
Nashik,CIDCO,Assault,92,132615,Rainy,142,6.49,7,19.9667,73.7667,Medium,05-04-2024
Nashik,Nashik Road,Robbery,134,136174,Sunny,49,14.24,9,19.9975,73.7898,Medium,15-08-2024
Nagpur,Sadar,Robbery,153,185083,Foggy,203,2.66,5,21.1642,79.0821,High,11-12-2024
Nashik,CIDCO,Burglary,96,168044,Sunny,120,10.09,6,19.9667,73.7667,Medium,02-05-2026
Mumbai,Andheri,Robbery,58,119418,Sunny,57,8.43,8,19.1136,72.8697,Low,18-04-2024
Mumbai,Borivali,Assault,206,173135,Rainy,43,12.28,4,19.2307,72.8567,High,05-03-2026
Pune,Baner,Burglary,205,173694,Foggy,75,7.11,12,18.559,73.7868,High,04-03-2025
Pune,Hadapsar,Theft,111,177952,Cloudy,97,14.82,9,18.5089,73.9259,Medium,04-02-2026
Nashik,Nashik Road,Theft,197,71204,Rainy,91,10.93,10,19.9975,73.7898,High,12-12-2025
Mumbai,Borivali,Burglary,100,179498,Cloudy,11,9.35,5,19.2307,72.8567,Medium,09-07-2024
Chhatrapati Sambhajinagar,Aurangpura,Robbery,38,123523,Cloudy,44,6.55,3,19.8762,75.3433,Low,19-10-2024
Chhatrapati Sambhajinagar,Osmanpura,Theft,145,151691,Foggy,188,2.5,3,19.87,75.33,Medium,16-02-2024
Nashik,Nashik Road,Assault,131,98827,Sunny,168,10.32,10,19.9975,73.7898,Medium,25-05-2025
Mumbai,Dadar,Fraud,169,31025,Sunny,179,2.95,11,19.0178,72.8478,High,05-03-2026
Chhatrapati Sambhajinagar,Osmanpura,Fraud,70,163546,Foggy,31,12.44,2,19.87,75.33,Low,21-01-2024
Chhatrapati Sambhajinagar,Aurangpura,Robbery,45,158911,Foggy,26,9.91,2,19.8762,75.3433,Low,02-01-2025
Pune,Hinjewadi,Assault,21,58746,Cloudy,109,9.09,4,18.5912,73.7389,Low,19-10-2024
Nashik,Nashik Road,Robbery,13,117293,Sunny,143,9.61,10,19.9975,73.7898,Low,29-07-2024
Chhatrapati Sambhajinagar,Osmanpura,Robbery,43,177609,Sunny,133,11.04,6,19.87,75.33,Low,09-03-2026
Pune,Hinjewadi,Assault,166,105675,Foggy,84,4.19,2,18.5912,73.7389,High,22-12-2024
Nashik,Gangapur Road,Fraud,111,93664,Rainy,30,2.35,11,20.011,73.75,Medium,14-02-2024
Pune,Baner,Robbery,147,100754,Cloudy,199,5.31,2,18.559,73.7868,Medium,26-06-2025
Pune,Shivaji Nagar,Cyber Crime,213,169978,Foggy,57,3.09,12,18.5308,73.8475,High,08-04-2026
Chhatrapati Sambhajinagar,Osmanpura,Robbery,168,28569,Sunny,83,2.38,5,19.87,75.33,High,02-07-2024
Chhatrapati Sambhajinagar,CIDCO,Burglary,129,107988,Foggy,70,5.73,11,19.889,75.32,Medium,24-01-2025
Pune,Hinjewadi,Cyber Crime,77,131908,Sunny,142,13.01,3,18.5912,73.7389,Medium,13-12-2024
Nagpur,Sitabuldi,Burglary,234,117774,Rainy,205,11.27,12,21.1458,79.0882,High,06-09-2024
Pune,Wakad,Cyber Crime,176,44236,Rainy,147,4.51,3,18.5975,73.7637,High,10-01-2024
Mumbai,Borivali,Assault,187,179789,Foggy,218,4.25,12,19.2307,72.8567,High,28-04-2024
Pune,Hinjewadi,Theft,218,43877,Foggy,195,8.99,12,18.5912,73.7389,High,28-01-2026
Nashik,Gangapur Road,Burglary,85,140667,Sunny,105,6.98,6,20.011,73.75,Medium,22-10-2025
Nashik,Nashik Road,Assault,31,199295,Foggy,218,8.71,8,19.9975,73.7898,Low,24-05-2026
Nagpur,Sadar,Cyber Crime,187,41649,Sunny,147,10.23,1,21.1642,79.0821,High,05-06-2026
Nagpur,Lakadganj,Fraud,92,169541,Rainy,172,14.04,7,21.1505,79.1155,Medium,15-03-2026
Nagpur,Jaripatka,Theft,46,65479,Cloudy,112,8.24,8,21.1801,79.0955,Low,22-11-2025
Nagpur,Civil Lines,Burglary,35,149374,Foggy,13,7.2,5,21.153,79.072,Low,17-05-2025
Pune,Hadapsar,Burglary,199,179290,Sunny,29,5.44,3,18.5089,73.9259,High,12-01-2025
Chhatrapati Sambhajinagar,Aurangpura,Cyber Crime,85,122503,Cloudy,39,4.34,1,19.8762,75.3433,Medium,01-02-2025
Nashik,Nashik Road,Burglary,216,77013,Cloudy,133,13.52,5,19.9975,73.7898,High,08-05-2025
Pune,Wakad,Theft,85,87315,Foggy,66,5.86,11,18.5975,73.7637,Medium,28-02-2025
Mumbai,Bandra,Fraud,235,56798,Rainy,22,11.3,1,19.0596,72.8295,High,25-11-2024
Nashik,Nashik Road,Assault,81,72665,Cloudy,163,14.91,6,19.9975,73.7898,Medium,10-04-2025
Pune,Shivaji Nagar,Fraud,176,67312,Sunny,169,3.26,8,18.5308,73.8475,High,10-09-2025
Nagpur,Sitabuldi,Fraud,155,79294,Foggy,164,12.28,3,21.1458,79.0882,High,08-02-2025
Nashik,Gangapur Road,Robbery,69,103237,Rainy,209,11.25,2,20.011,73.75,Low,07-12-2024
Pune,Baner,Fraud,71,129594,Rainy,55,13.62,8,18.559,73.7868,Low,09-01-2026
Pune,Baner,Robbery,47,48352,Sunny,166,11.66,1,18.559,73.7868,Low,06-02-2026
Mumbai,Dadar,Burglary,133,193025,Cloudy,91,9.72,11,19.0178,72.8478,Medium,04-06-2026
Nashik,Nashik Road,Robbery,84,28232,Sunny,79,6.2,10,19.9975,73.7898,Medium,14-06-2024
Chhatrapati Sambhajinagar,Osmanpura,Theft,83,29861,Cloudy,27,13.05,4,19.87,75.33,Medium,10-06-2025
Chhatrapati Sambhajinagar,Osmanpura,Fraud,202,39931,Cloudy,52,14.21,6,19.87,75.33,High,24-02-2025
Chhatrapati Sambhajinagar,CIDCO,Fraud,144,102455,Foggy,179,9.56,6,19.889,75.32,Medium,14-07-2025
Nagpur,Lakadganj,Theft,161,78646,Sunny,150,9.56,7,21.1505,79.1155,High,14-05-2026
Chhatrapati Sambhajinagar,Aurangpura,Fraud,67,151690,Sunny,74,7.8,7,19.8762,75.3433,Low,18-11-2024
Nagpur,Sadar,Theft,30,31493,Rainy,148,8.9,4,21.1642,79.0821,Low,28-12-2024
Chhatrapati Sambhajinagar,Aurangpura,Theft,41,126987,Rainy,128,8.15,4,19.8762,75.3433,Low,28-04-2024
Pune,Baner,Assault,41,42691,Cloudy,105,15,4,18.559,73.7868,Low,16-06-2026
Chhatrapati Sambhajinagar,Osmanpura,Fraud,20,117261,Rainy,57,13.4,8,19.87,75.33,Low,06-08-2024
Nashik,Nashik Road,Cyber Crime,238,148937,Sunny,113,10.18,8,19.9975,73.7898,High,02-05-2025
Mumbai,Andheri,Burglary,236,42676,Foggy,94,8.46,11,19.1136,72.8697,High,27-06-2025
Chhatrapati Sambhajinagar,CIDCO,Fraud,234,173645,Rainy,204,9.95,7,19.889,75.32,High,01-06-2026
Nagpur,Shankar Nagar,Fraud,138,92624,Foggy,186,6.41,4,21.127,79.06,Medium,14-07-2025
Mumbai,Bandra,Theft,12,122101,Rainy,180,3.37,9,19.0596,72.8295,Low,06-01-2026
Nashik,Gangapur Road,Cyber Crime,167,164820,Foggy,105,2.82,2,20.011,73.75,High,22-03-2025
Nashik,Nashik Road,Assault,233,38216,Rainy,156,8.18,8,19.9975,73.7898,High,10-05-2024
Nagpur,Jaripatka,Robbery,75,90784,Rainy,172,9.62,10,21.1801,79.0955,Low,11-03-2024
Nagpur,Sitabuldi,Theft,37,179009,Sunny,218,2.16,12,21.1458,79.0882,Low,12-05-2026
Mumbai,Borivali,Fraud,137,51076,Foggy,54,11.94,7,19.2307,72.8567,Medium,15-09-2024
Nashik,Nashik Road,Theft,222,148419,Foggy,173,6.39,6,19.9975,73.7898,High,08-10-2024
Chhatrapati Sambhajinagar,CIDCO,Assault,179,87615,Rainy,43,7.31,3,19.889,75.32,High,13-02-2026
Chhatrapati Sambhajinagar,Aurangpura,Assault,174,192898,Sunny,17,8.87,1,19.8762,75.3433,High,12-01-2024
Nagpur,Sadar,Theft,115,111405,Rainy,118,13.63,8,21.1642,79.0821,Medium,06-01-2025
Nashik,CIDCO,Fraud,145,109239,Rainy,148,7.7,1,19.9667,73.7667,Medium,08-04-2024
Pune,Hinjewadi,Assault,85,179891,Foggy,50,2.71,7,18.5912,73.7389,Medium,16-04-2024
Nashik,Gangapur Road,Theft,165,118021,Foggy,171,3.05,7,20.011,73.75,High,24-12-2025
Chhatrapati Sambhajinagar,Aurangpura,Fraud,247,129070,Cloudy,145,8.41,11,19.8762,75.3433,High,23-03-2024
Mumbai,Andheri,Fraud,153,26817,Sunny,110,10.71,7,19.1136,72.8697,High,30-06-2025
Nagpur,Sitabuldi,Fraud,176,60654,Foggy,119,9.03,4,21.1458,79.0882,High,18-12-2025
Chhatrapati Sambhajinagar,Aurangpura,Fraud,92,140829,Rainy,77,11.64,6,19.8762,75.3433,Medium,06-06-2025
Nashik,Gangapur Road,Assault,241,90796,Rainy,75,9.42,5,20.011,73.75,High,25-01-2024
Nashik,Gangapur Road,Theft,155,69774,Rainy,94,13.82,6,20.011,73.75,High,02-10-2024
Nashik,CIDCO,Assault,29,63364,Cloudy,67,3.7,7,19.9667,73.7667,Low,20-02-2025
Pune,Shivaji Nagar,Robbery,76,130523,Cloudy,67,11.17,5,18.5308,73.8475,Medium,29-06-2024
Nashik,CIDCO,Assault,183,40517,Sunny,219,13.36,9,19.9667,73.7667,High,28-01-2025
Pune,Hinjewadi,Robbery,154,38708,Rainy,17,4.25,10,18.5912,73.7389,High,08-03-2025
Chhatrapati Sambhajinagar,Osmanpura,Fraud,89,137948,Cloudy,125,5.23,1,19.87,75.33,Medium,28-04-2024
Mumbai,Colaba,Theft,165,188681,Cloudy,100,13.54,9,18.9067,72.8147,High,14-03-2026
Chhatrapati Sambhajinagar,Aurangpura,Robbery,53,105469,Cloudy,182,8.45,7,19.8762,75.3433,Low,21-10-2024
Nashik,Nashik Road,Cyber Crime,231,198822,Sunny,167,13.8,7,19.9975,73.7898,High,20-04-2025
Nashik,Gangapur Road,Robbery,16,53977,Cloudy,83,2.94,3,20.011,73.75,Low,15-12-2024
Mumbai,Borivali,Theft,227,70999,Cloudy,51,3.39,6,19.2307,72.8567,High,28-05-2026
Chhatrapati Sambhajinagar,CIDCO,Theft,172,194896,Rainy,94,10.45,7,19.889,75.32,High,20-05-2025
Chhatrapati Sambhajinagar,Aurangpura,Burglary,51,69058,Cloudy,209,13.5,10,19.8762,75.3433,Low,03-04-2026
Nagpur,Dharampeth,Cyber Crime,18,72254,Cloudy,73,10.28,4,21.129,79.0588,Low,12-02-2026
Chhatrapati Sambhajinagar,Osmanpura,Burglary,179,133102,Rainy,120,14.79,3,19.87,75.33,High,13-02-2025
Nashik,Nashik Road,Robbery,52,127637,Foggy,39,8.3,4,19.9975,73.7898,Low,18-02-2024
Pune,Kothrud,Assault,190,37966,Sunny,179,10.63,4,18.5074,73.8077,High,21-02-2026
Pune,Kothrud,Theft,196,152253,Cloudy,174,9.6,11,18.5074,73.8077,High,05-11-2025
Nagpur,Lakadganj,Burglary,34,102615,Foggy,75,10.98,10,21.1505,79.1155,Low,13-07-2025
Chhatrapati Sambhajinagar,Aurangpura,Robbery,159,47657,Sunny,158,8.8,9,19.8762,75.3433,High,07-11-2025
Chhatrapati Sambhajinagar,Aurangpura,Assault,118,171527,Rainy,133,9.43,2,19.8762,75.3433,Medium,11-08-2024
Nashik,Nashik Road,Fraud,228,198805,Foggy,169,5.8,11,19.9975,73.7898,High,23-03-2025
Mumbai,Andheri,Theft,224,140511,Rainy,70,3.45,9,19.1136,72.8697,High,21-03-2026
Nashik,Nashik Road,Robbery,29,99704,Rainy,199,2.37,5,19.9975,73.7898,Low,10-07-2025
Nagpur,Sitabuldi,Fraud,103,41692,Foggy,20,6.04,4,21.1458,79.0882,Medium,22-06-2025
Chhatrapati Sambhajinagar,Aurangpura,Theft,96,40750,Sunny,137,12.08,10,19.8762,75.3433,Medium,13-10-2025
Nagpur,Dharampeth,Burglary,223,139076,Rainy,67,12.38,7,21.129,79.0588,High,09-09-2024
Mumbai,Bandra,Burglary,35,96413,Sunny,142,7.75,12,19.0596,72.8295,Low,01-11-2024
Nashik,CIDCO,Theft,157,172962,Rainy,57,6.24,8,19.9667,73.7667,High,26-02-2024
Chhatrapati Sambhajinagar,Osmanpura,Assault,134,145792,Rainy,142,13.24,11,19.87,75.33,Medium,06-06-2026
Nashik,Nashik Road,Assault,227,146727,Cloudy,116,12.86,12,19.9975,73.7898,High,25-09-2024
Mumbai,Powai,Fraud,157,175186,Rainy,208,6.66,11,19.1176,72.906,High,02-01-2026
Nagpur,Lakadganj,Assault,118,198141,Foggy,116,14.72,2,21.1505,79.1155,Medium,04-05-2025
Nagpur,Civil Lines,Theft,170,111211,Cloudy,14,14.17,6,21.153,79.072,High,26-01-2024
Pune,Hinjewadi,Robbery,117,86350,Rainy,127,14.08,7,18.5912,73.7389,Medium,16-05-2024
Pune,Wakad,Robbery,211,117830,Foggy,159,4.37,5,18.5975,73.7637,High,03-09-2024
Nashik,Nashik Road,Theft,31,30532,Sunny,203,14.23,7,19.9975,73.7898,Low,15-04-2025
Nashik,CIDCO,Cyber Crime,28,44977,Rainy,205,14.3,10,19.9667,73.7667,Low,28-07-2024
Pune,Shivaji Nagar,Assault,213,40653,Foggy,213,12.51,7,18.5308,73.8475,High,10-02-2025
Chhatrapati Sambhajinagar,Osmanpura,Fraud,135,44726,Foggy,176,7.53,7,19.87,75.33,Medium,01-08-2024
Nagpur,Civil Lines,Burglary,197,83712,Rainy,210,10.96,2,21.153,79.072,High,29-04-2026
Mumbai,Powai,Burglary,146,189763,Rainy,39,5.04,11,19.1176,72.906,Medium,22-07-2025
Nagpur,Civil Lines,Assault,22,47367,Foggy,28,14.03,9,21.153,79.072,Low,16-05-2025
Nagpur,Civil Lines,Cyber Crime,217,63801,Foggy,60,11.49,11,21.153,79.072,High,29-01-2025
Chhatrapati Sambhajinagar,Osmanpura,Assault,112,49601,Sunny,165,11.04,4,19.87,75.33,Medium,28-01-2026
Pune,Hinjewadi,Robbery,125,115706,Foggy,98,4.81,10,18.5912,73.7389,Medium,22-01-2025
Mumbai,Borivali,Fraud,162,117792,Rainy,43,11.27,12,19.2307,72.8567,High,30-08-2025
Nashik,Nashik Road,Fraud,146,116869,Rainy,189,14.56,5,19.9975,73.7898,Medium,22-04-2024
Nagpur,Shankar Nagar,Fraud,102,163626,Cloudy,96,2.22,4,21.127,79.06,Medium,11-03-2024
Nagpur,Shankar Nagar,Theft,135,57965,Foggy,9,7.84,9,21.127,79.06,Medium,31-08-2025
Pune,Hinjewadi,Robbery,248,188518,Cloudy,60,5.74,6,18.5912,73.7389,High,07-05-2026
Nagpur,Sadar,Robbery,130,64149,Foggy,150,8.01,7,21.1642,79.0821,Medium,30-12-2024
Mumbai,Colaba,Theft,84,89296,Foggy,199,9.08,12,18.9067,72.8147,Medium,27-10-2024
Pune,Hadapsar,Cyber Crime,151,36483,Foggy,103,9.44,7,18.5089,73.9259,High,27-06-2025
Nashik,CIDCO,Assault,104,49878,Foggy,75,12.51,10,19.9667,73.7667,Medium,24-01-2026
Nashik,CIDCO,Theft,203,114188,Rainy,154,2.36,1,19.9667,73.7667,High,26-04-2024
Chhatrapati Sambhajinagar,Osmanpura,Theft,95,87946,Sunny,173,10.36,7,19.87,75.33,Medium,14-12-2025
Nashik,Nashik Road,Theft,22,59465,Sunny,93,6.78,8,19.9975,73.7898,Low,14-04-2025
Pune,Hinjewadi,Robbery,135,60264,Foggy,48,12.46,8,18.5912,73.7389,Medium,06-07-2024
Nagpur,Civil Lines,Assault,40,172688,Rainy,9,11.36,12,21.153,79.072,Low,29-11-2024
Mumbai,Colaba,Burglary,188,133374,Cloudy,9,14.31,5,18.9067,72.8147,High,05-07-2025
Chhatrapati Sambhajinagar,Osmanpura,Cyber Crime,70,153567,Sunny,182,8.41,3,19.87,75.33,Low,17-12-2025
Nagpur,Shankar Nagar,Burglary,200,185404,Rainy,158,13.15,4,21.127,79.06,High,06-12-2025
Chhatrapati Sambhajinagar,Osmanpura,Robbery,68,73955,Sunny,95,10.01,5,19.87,75.33,Low,15-07-2025
Pune,Wakad,Burglary,39,161143,Rainy,188,2.32,1,18.5975,73.7637,Low,23-04-2026
Nashik,CIDCO,Theft,19,168284,Cloudy,77,10.02,12,19.9667,73.7667,Low,24-10-2025
Chhatrapati Sambhajinagar,Osmanpura,Burglary,113,62888,Sunny,165,14.19,1,19.87,75.33,Medium,02-02-2025
Chhatrapati Sambhajinagar,Aurangpura,Fraud,223,112940,Sunny,155,3.55,11,19.8762,75.3433,High,31-03-2024
Chhatrapati Sambhajinagar,CIDCO,Robbery,221,128297,Sunny,46,4.62,8,19.889,75.32,High,14-02-2024
Mumbai,Colaba,Robbery,201,112922,Foggy,46,7.09,7,18.9067,72.8147,High,23-03-2024
Pune,Shivaji Nagar,Cyber Crime,136,137047,Sunny,165,9.35,2,18.5308,73.8475,Medium,30-11-2025
Nagpur,Shankar Nagar,Fraud,250,112330,Sunny,74,3.65,2,21.127,79.06,High,16-05-2025
Mumbai,Dadar,Fraud,90,92652,Sunny,68,13.25,9,19.0178,72.8478,Medium,22-06-2024
Chhatrapati Sambhajinagar,Aurangpura,Robbery,226,57355,Sunny,190,10.79,3,19.8762,75.3433,High,13-01-2025
Nagpur,Dharampeth,Burglary,248,195503,Cloudy,145,3.03,8,21.129,79.0588,High,08-11-2024
Mumbai,Andheri,Fraud,121,194660,Cloudy,48,3.76,1,19.1136,72.8697,Medium,15-08-2025
Mumbai,Bandra,Theft,158,177174,Sunny,128,6.06,5,19.0596,72.8295,High,06-11-2024
Chhatrapati Sambhajinagar,Aurangpura,Cyber Crime,13,130310,Sunny,50,4.83,10,19.8762,75.3433,Low,05-02-2026
Mumbai,Powai,Burglary,243,105872,Foggy,50,9.32,8,19.1176,72.906,High,25-12-2025
Nagpur,Sadar,Robbery,41,197370,Sunny,103,8.48,6,21.1642,79.0821,Low,28-05-2025
Mumbai,Powai,Assault,19,121221,Sunny,96,7.1,6,19.1176,72.906,Low,12-02-2026
Nashik,CIDCO,Cyber Crime,69,47883,Cloudy,155,6.2,5,19.9667,73.7667,Low,21-02-2026
Chhatrapati Sambhajinagar,Aurangpura,Burglary,235,174304,Foggy,174,8.45,2,19.8762,75.3433,High,16-01-2026
Nashik,CIDCO,Fraud,80,151690,Foggy,124,5.9,12,19.9667,73.7667,Medium,22-12-2025
Chhatrapati Sambhajinagar,Osmanpura,Theft,101,90381,Rainy,126,8.6,6,19.87,75.33,Medium,23-01-2024
Mumbai,Colaba,Theft,143,27267,Sunny,11,9.5,2,18.9067,72.8147,Medium,12-11-2024
Nashik,CIDCO,Assault,12,171221,Cloudy,153,13.47,10,19.9667,73.7667,Low,20-02-2026
Chhatrapati Sambhajinagar,Osmanpura,Theft,174,46376,Cloudy,35,8.56,6,19.87,75.33,High,28-10-2024
Mumbai,Dadar,Assault,203,88631,Rainy,96,12.39,9,19.0178,72.8478,High,17-10-2025
Chhatrapati Sambhajinagar,Aurangpura,Cyber Crime,76,140066,Foggy,165,13.91,9,19.8762,75.3433,Medium,11-05-2026
Pune,Hadapsar,Burglary,225,114636,Sunny,104,5.57,2,18.5089,73.9259,High,25-11-2025
Pune,Baner,Fraud,146,110197,Cloudy,126,4.36,6,18.559,73.7868,Medium,12-08-2025
Chhatrapati Sambhajinagar,Osmanpura,Assault,41,44783,Foggy,108,10.32,6,19.87,75.33,Low,30-04-2024
Nagpur,Civil Lines,Assault,178,65581,Cloudy,6,13.18,9,21.153,79.072,High,14-10-2024
Nagpur,Shankar Nagar,Cyber Crime,156,197630,Foggy,48,13.43,7,21.127,79.06,High,02-02-2026
Pune,Baner,Theft,79,47797,Sunny,166,5.48,8,18.559,73.7868,Medium,07-09-2025
Nagpur,Jaripatka,Burglary,49,56941,Foggy,21,4.95,11,21.1801,79.0955,Low,11-09-2025
Chhatrapati Sambhajinagar,Osmanpura,Theft,238,141055,Cloudy,164,12.3,3,19.87,75.33,High,24-08-2024
Pune,Baner,Assault,104,105213,Rainy,73,8.77,9,18.559,73.7868,Medium,12-05-2025
Nagpur,Sitabuldi,Burglary,224,165183,Rainy,166,9.55,7,21.1458,79.0882,High,11-04-2025
Pune,Shivaji Nagar,Robbery,122,61559,Foggy,118,11.95,7,18.5308,73.8475,Medium,09-12-2024
Mumbai,Andheri,Robbery,240,187548,Cloudy,54,10.58,7,19.1136,72.8697,High,17-01-2026
Mumbai,Andheri,Burglary,237,104741,Rainy,127,5.16,10,19.1136,72.8697,High,22-04-2025
Mumbai,Colaba,Burglary,147,160846,Cloudy,105,12.76,11,18.9067,72.8147,Medium,09-05-2024
Nagpur,Shankar Nagar,Cyber Crime,98,68339,Cloudy,56,14.06,11,21.127,79.06,Medium,20-02-2026
Nashik,Nashik Road,Assault,71,153402,Foggy,189,13.01,2,19.9975,73.7898,Low,05-02-2024
Nashik,CIDCO,Burglary,241,151443,Sunny,60,10.27,2,19.9667,73.7667,High,24-10-2024
Mumbai,Powai,Theft,108,131893,Sunny,102,11.08,12,19.1176,72.906,Medium,09-10-2024
Nagpur,Civil Lines,Assault,22,59134,Sunny,145,8.98,5,21.153,79.072,Low,13-12-2024
Pune,Shivaji Nagar,Fraud,15,64507,Rainy,91,9.24,12,18.5308,73.8475,Low,04-12-2025
Chhatrapati Sambhajinagar,Aurangpura,Robbery,110,68921,Foggy,104,7.31,4,19.8762,75.3433,Medium,12-05-2025
Nagpur,Lakadganj,Theft,239,187009,Rainy,217,11.35,8,21.1505,79.1155,High,17-04-2025
Chhatrapati Sambhajinagar,Aurangpura,Theft,220,184427,Sunny,175,14.07,4,19.8762,75.3433,High,26-04-2025
Nagpur,Jaripatka,Fraud,33,141044,Cloudy,166,7.9,5,21.1801,79.0955,Low,18-11-2025
Nagpur,Sitabuldi,Robbery,120,46149,Rainy,165,13.38,5,21.1458,79.0882,Medium,26-06-2025
Nashik,CIDCO,Theft,67,196532,Foggy,43,8.62,5,19.9667,73.7667,Low,24-01-2024
Nagpur,Lakadganj,Burglary,205,190123,Foggy,14,6.71,9,21.1505,79.1155,High,04-07-2024
Chhatrapati Sambhajinagar,CIDCO,Theft,35,186911,Rainy,84,5.82,5,19.889,75.32,Low,03-02-2025
Nashik,CIDCO,Theft,171,169625,Cloudy,220,2.94,3,19.9667,73.7667,High,30-11-2025
Chhatrapati Sambhajinagar,CIDCO,Fraud,55,59633,Foggy,86,14.76,11,19.889,75.32,Low,13-12-2024
Mumbai,Borivali,Robbery,152,56334,Foggy,10,14.92,3,19.2307,72.8567,High,19-04-2026
Chhatrapati Sambhajinagar,Aurangpura,Burglary,130,48605,Foggy,175,5.78,1,19.8762,75.3433,Medium,07-07-2024
Pune,Kothrud,Robbery,103,161336,Cloudy,8,13.36,5,18.5074,73.8077,Medium,24-07-2025
Chhatrapati Sambhajinagar,CIDCO,Cyber Crime,198,48736,Sunny,75,9.76,12,19.889,75.32,High,19-04-2024
Mumbai,Powai,Theft,155,137440,Foggy,87,5.67,2,19.1176,72.906,High,25-07-2024
Nashik,CIDCO,Assault,99,122521,Foggy,29,14.34,5,19.9667,73.7667,Medium,09-07-2025
Mumbai,Powai,Theft,213,26920,Cloudy,58,6.16,2,19.1176,72.906,High,24-10-2025
Mumbai,Dadar,Cyber Crime,223,54879,Foggy,57,3.62,8,19.0178,72.8478,High,16-04-2025
Nagpur,Lakadganj,Cyber Crime,163,155053,Foggy,51,7.15,4,21.1505,79.1155,High,05-08-2024
Nashik,CIDCO,Robbery,226,170651,Sunny,84,7.99,5,19.9667,73.7667,High,07-07-2024
Mumbai,Andheri,Cyber Crime,47,98762,Rainy,148,11.54,2,19.1136,72.8697,Low,09-11-2024
Nagpur,Sadar,Assault,118,100199,Cloudy,188,11.6,9,21.1642,79.0821,Medium,05-06-2024
Nashik,Nashik Road,Burglary,22,177403,Cloudy,173,5.74,9,19.9975,73.7898,Low,13-06-2026
Chhatrapati Sambhajinagar,Osmanpura,Theft,51,117012,Rainy,94,6.53,3,19.87,75.33,Low,01-01-2025
Mumbai,Dadar,Assault,232,26031,Foggy,135,11.75,11,19.0178,72.8478,High,06-04-2026
Mumbai,Dadar,Theft,179,99083,Foggy,98,6.27,7,19.0178,72.8478,High,30-06-2025
Mumbai,Andheri,Cyber Crime,43,179433,Foggy,191,9.54,5,19.1136,72.8697,Low,24-11-2025
Mumbai,Powai,Fraud,66,61305,Rainy,122,6.05,3,19.1176,72.906,Low,09-03-2026
Chhatrapati Sambhajinagar,Osmanpura,Assault,106,93247,Foggy,132,14.12,1,19.87,75.33,Medium,07-03-2024
Mumbai,Powai,Theft,84,98449,Foggy,70,7.08,8,19.1176,72.906,Medium,24-05-2024
Mumbai,Powai,Theft,168,179861,Rainy,16,10.57,10,19.1176,72.906,High,14-04-2024
Nashik,CIDCO,Fraud,171,107897,Foggy,82,4.45,3,19.9667,73.7667,High,03-01-2026
Mumbai,Dadar,Theft,11,110751,Foggy,169,11.31,7,19.0178,72.8478,Low,17-05-2026
Chhatrapati Sambhajinagar,Osmanpura,Fraud,209,182060,Sunny,19,9.21,12,19.87,75.33,High,07-06-2024
Nagpur,Jaripatka,Fraud,208,156036,Cloudy,188,13.61,7,21.1801,79.0955,High,14-07-2025
Nashik,CIDCO,Fraud,202,109157,Rainy,182,7.32,11,19.9667,73.7667,High,10-06-2025
Chhatrapati Sambhajinagar,CIDCO,Burglary,233,101153,Foggy,26,14.4,6,19.889,75.32,High,01-11-2025
Nagpur,Shankar Nagar,Assault,80,64927,Foggy,15,9.45,2,21.127,79.06,Medium,07-02-2024
Nagpur,Sitabuldi,Burglary,35,175757,Rainy,95,5.92,9,21.1458,79.0882,Low,21-03-2025
Mumbai,Colaba,Theft,209,91715,Cloudy,112,6.76,12,18.9067,72.8147,High,04-02-2026
Chhatrapati Sambhajinagar,CIDCO,Assault,160,44933,Cloudy,198,8.02,5,19.889,75.32,High,14-01-2024
Mumbai,Bandra,Burglary,188,136706,Cloudy,19,2.03,10,19.0596,72.8295,High,21-04-2025
Mumbai,Bandra,Theft,157,143981,Rainy,140,14.4,4,19.0596,72.8295,High,07-11-2025
Chhatrapati Sambhajinagar,Osmanpura,Theft,221,45256,Sunny,128,6.72,4,19.87,75.33,High,18-07-2025
Nagpur,Lakadganj,Robbery,58,153037,Foggy,146,14.44,4,21.1505,79.1155,Low,18-12-2025
Nashik,CIDCO,Cyber Crime,86,122176,Foggy,86,5.46,9,19.9667,73.7667,Medium,18-12-2025
Mumbai,Colaba,Cyber Crime,237,50527,Sunny,220,12.79,3,18.9067,72.8147,High,15-06-2026
Nagpur,Dharampeth,Burglary,119,31542,Cloudy,62,8.17,7,21.129,79.0588,Medium,21-04-2025
Nagpur,Dharampeth,Cyber Crime,225,112611,Cloudy,114,5.87,10,21.129,79.0588,High,22-12-2025
Pune,Wakad,Cyber Crime,35,159641,Foggy,112,2.5,7,18.5975,73.7637,Low,19-04-2024
Chhatrapati Sambhajinagar,Osmanpura,Cyber Crime,170,179269,Foggy,163,13.88,4,19.87,75.33,High,06-06-2025
Mumbai,Andheri,Theft,105,68331,Cloudy,122,11.05,9,19.1136,72.8697,Medium,14-06-2024
Nashik,Nashik Road,Fraud,81,46044,Foggy,127,12.32,3,19.9975,73.7898,Medium,06-06-2024
Pune,Kothrud,Cyber Crime,14,119113,Rainy,215,8.94,2,18.5074,73.8077,Low,16-03-2024
Mumbai,Andheri,Assault,186,107292,Rainy,73,2.67,9,19.1136,72.8697,High,18-03-2026
Nagpur,Lakadganj,Fraud,27,112927,Foggy,47,10.11,1,21.1505,79.1155,Low,26-11-2024
Chhatrapati Sambhajinagar,CIDCO,Cyber Crime,112,169748,Sunny,58,6.65,7,19.889,75.32,Medium,17-09-2024
Nashik,CIDCO,Assault,135,96071,Foggy,124,10.76,7,19.9667,73.7667,Medium,30-01-2024
Pune,Baner,Theft,250,79120,Rainy,70,7.24,8,18.559,73.7868,High,18-06-2025
Pune,Shivaji Nagar,Burglary,108,184390,Sunny,65,4.5,8,18.5308,73.8475,Medium,21-04-2026
Nagpur,Shankar Nagar,Theft,205,61898,Foggy,128,13.72,11,21.127,79.06,High,05-06-2025
Nashik,Nashik Road,Robbery,136,150844,Foggy,142,6.3,2,19.9975,73.7898,Medium,02-06-2026
Nashik,CIDCO,Robbery,91,126342,Cloudy,64,9.95,2,19.9667,73.7667,Medium,01-05-2026
Chhatrapati Sambhajinagar,Osmanpura,Assault,245,187511,Cloudy,163,10.4,7,19.87,75.33,High,28-02-2025
Chhatrapati Sambhajinagar,Osmanpura,Cyber Crime,117,146030,Rainy,161,10.26,10,19.87,75.33,Medium,21-09-2025
Nashik,CIDCO,Fraud,37,97293,Foggy,24,9.12,3,19.9667,73.7667,Low,18-05-2024
Mumbai,Powai,Theft,239,107441,Cloudy,99,6.25,8,19.1176,72.906,High,11-01-2024
Mumbai,Colaba,Theft,117,108085,Foggy,210,12.57,6,18.9067,72.8147,Medium,26-06-2024
Pune,Kothrud,Burglary,21,153647,Rainy,11,7.41,5,18.5074,73.8077,Low,08-12-2025
Chhatrapati Sambhajinagar,Osmanpura,Burglary,206,69707,Rainy,163,4.96,11,19.87,75.33,High,17-06-2025
Nashik,Gangapur Road,Fraud,101,99128,Rainy,40,11.94,7,20.011,73.75,Medium,17-05-2025
Pune,Baner,Cyber Crime,223,196540,Cloudy,215,12.77,7,18.559,73.7868,High,22-02-2024
Pune,Wakad,Theft,138,63393,Foggy,164,8.03,10,18.5975,73.7637,Medium,16-08-2024
Nashik,Gangapur Road,Assault,155,166087,Foggy,27,14.4,1,20.011,73.75,High,28-05-2024
Mumbai,Bandra,Assault,59,85712,Cloudy,107,6.43,5,19.0596,72.8295,Low,03-03-2026
Chhatrapati Sambhajinagar,Aurangpura,Theft,50,167869,Foggy,59,5.1,8,19.8762,75.3433,Low,11-01-2025
Pune,Baner,Cyber Crime,140,56805,Foggy,187,9.3,3,18.559,73.7868,Medium,07-09-2025
Pune,Wakad,Cyber Crime,194,61108,Rainy,114,3.69,4,18.5975,73.7637,High,20-03-2025
Chhatrapati Sambhajinagar,CIDCO,Assault,230,149609,Cloudy,84,3.3,9,19.889,75.32,High,18-11-2025
Pune,Wakad,Assault,113,155792,Cloudy,216,5.24,11,18.5975,73.7637,Medium,03-11-2025
Nagpur,Lakadganj,Burglary,225,197761,Cloudy,50,3.35,7,21.1505,79.1155,High,21-05-2026
Pune,Shivaji Nagar,Burglary,16,164416,Sunny,153,3.05,9,18.5308,73.8475,Low,18-12-2025
Nashik,Gangapur Road,Theft,98,64469,Rainy,139,14.58,11,20.011,73.75,Medium,12-02-2024
Mumbai,Bandra,Fraud,156,195561,Sunny,10,11.2,3,19.0596,72.8295,High,13-10-2025
Mumbai,Dadar,Assault,182,101497,Sunny,41,10.42,3,19.0178,72.8478,High,27-06-2024
Nashik,CIDCO,Cyber Crime,215,84491,Foggy,193,13.31,9,19.9667,73.7667,High,18-04-2026
Nagpur,Shankar Nagar,Theft,21,95860,Rainy,81,12.39,1,21.127,79.06,Low,01-03-2024
Chhatrapati Sambhajinagar,CIDCO,Robbery,217,171379,Foggy,166,3.94,5,19.889,75.32,High,30-08-2025
Chhatrapati Sambhajinagar,Osmanpura,Fraud,181,165963,Foggy,164,3.63,10,19.87,75.33,High,20-01-2024
Chhatrapati Sambhajinagar,Aurangpura,Theft,162,189339,Foggy,115,7.93,3,19.8762,75.3433,High,08-07-2025
Nashik,Nashik Road,Cyber Crime,123,90321,Foggy,206,3.97,7,19.9975,73.7898,Medium,24-08-2025
Chhatrapati Sambhajinagar,Aurangpura,Theft,195,145862,Cloudy,65,8.16,4,19.8762,75.3433,High,13-02-2026
Chhatrapati Sambhajinagar,Aurangpura,Theft,207,90624,Sunny,214,11.22,6,19.8762,75.3433,High,02-08-2025
Pune,Baner,Robbery,214,92355,Foggy,88,14.07,9,18.559,73.7868,High,30-03-2025
Chhatrapati Sambhajinagar,CIDCO,Assault,138,121166,Foggy,45,14.99,6,19.889,75.32,Medium,16-02-2025
Mumbai,Bandra,Assault,180,101820,Rainy,182,8.28,4,19.0596,72.8295,High,08-06-2024
Chhatrapati Sambhajinagar,CIDCO,Fraud,245,95771,Foggy,89,8.2,4,19.889,75.32,High,14-09-2024
Pune,Wakad,Fraud,133,130719,Cloudy,194,2.41,4,18.5975,73.7637,Medium,13-10-2025
Nagpur,Jaripatka,Robbery,243,137768,Rainy,211,10.33,3,21.1801,79.0955,High,13-03-2024
Pune,Kothrud,Burglary,94,135076,Sunny,214,6.53,12,18.5074,73.8077,Medium,21-02-2024
Chhatrapati Sambhajinagar,CIDCO,Theft,198,170065,Cloudy,89,10.4,12,19.889,75.32,High,23-12-2024
Nashik,Gangapur Road,Fraud,149,166809,Cloudy,135,3.28,5,20.011,73.75,Medium,16-06-2026
Chhatrapati Sambhajinagar,Aurangpura,Burglary,201,140192,Rainy,167,4.78,10,19.8762,75.3433,High,20-10-2025
Chhatrapati Sambhajinagar,Aurangpura,Fraud,102,114406,Cloudy,219,12.98,11,19.8762,75.3433,Medium,15-11-2025
Chhatrapati Sambhajinagar,CIDCO,Theft,46,45788,Rainy,68,14.77,5,19.889,75.32,Low,03-05-2026
Pune,Wakad,Assault,243,67987,Sunny,77,12.72,5,18.5975,73.7637,High,16-07-2024
Nagpur,Dharampeth,Theft,91,57922,Sunny,60,10.47,8,21.129,79.0588,Medium,12-01-2024
Nashik,Gangapur Road,Cyber Crime,186,167333,Sunny,118,10.39,10,20.011,73.75,High,21-05-2025
Chhatrapati Sambhajinagar,Osmanpura,Burglary,214,178800,Sunny,108,13.92,8,19.87,75.33,High,21-04-2026
Nagpur,Sadar,Theft,205,36351,Foggy,17,2.24,8,21.1642,79.0821,High,15-02-2026
Mumbai,Powai,Assault,53,58287,Sunny,12,6.28,8,19.1176,72.906,Low,26-08-2024
Chhatrapati Sambhajinagar,Osmanpura,Burglary,172,25353,Foggy,48,5.55,4,19.87,75.33,High,10-01-2026
Nashik,Gangapur Road,Cyber Crime,73,106453,Foggy,138,10.18,3,20.011,73.75,Low,18-11-2025
Chhatrapati Sambhajinagar,Osmanpura,Robbery,119,177760,Rainy,17,8.37,7,19.87,75.33,Medium,01-02-2026
Nashik,Gangapur Road,Cyber Crime,47,150941,Sunny,30,11.46,12,20.011,73.75,Low,27-03-2026
Pune,Hadapsar,Theft,192,54701,Cloudy,166,5.23,11,18.5089,73.9259,High,05-02-2026
Pune,Kothrud,Cyber Crime,71,128158,Sunny,208,4.97,5,18.5074,73.8077,Low,21-09-2024
Nagpur,Sitabuldi,Assault,189,55261,Cloudy,117,8.05,7,21.1458,79.0882,High,27-06-2024
Nashik,CIDCO,Robbery,26,150720,Sunny,34,2.11,11,19.9667,73.7667,Low,27-04-2025
Nashik,CIDCO,Cyber Crime,167,148518,Cloudy,62,5.79,1,19.9667,73.7667,High,27-03-2025
Chhatrapati Sambhajinagar,Osmanpura,Burglary,141,102029,Cloudy,104,11.32,12,19.87,75.33,Medium,07-04-2026
Nashik,Gangapur Road,Theft,47,47048,Cloudy,124,7.56,2,20.011,73.75,Low,09-02-2025
Chhatrapati Sambhajinagar,CIDCO,Burglary,75,29927,Rainy,76,4.86,2,19.889,75.32,Low,01-06-2025
Chhatrapati Sambhajinagar,Aurangpura,Assault,190,68434,Foggy,160,10.08,9,19.8762,75.3433,High,10-03-2025
Nashik,CIDCO,Fraud,160,66708,Foggy,8,3.52,1,19.9667,73.7667,High,16-04-2024
Mumbai,Borivali,Robbery,220,127740,Cloudy,142,3.3,3,19.2307,72.8567,High,08-06-2026
Nashik,CIDCO,Fraud,52,190163,Sunny,218,9.14,7,19.9667,73.7667,Low,28-04-2024
Pune,Shivaji Nagar,Burglary,237,117491,Cloudy,43,8.91,9,18.5308,73.8475,High,22-04-2026
Pune,Shivaji Nagar,Assault,235,79009,Rainy,54,8.56,10,18.5308,73.8475,High,04-04-2024
Nashik,CIDCO,Robbery,98,109533,Foggy,133,6.94,12,19.9667,73.7667,Medium,12-06-2025
Nashik,Nashik Road,Assault,115,29265,Sunny,200,11.2,6,19.9975,73.7898,Medium,17-01-2026
Pune,Baner,Theft,217,72357,Sunny,96,9.1,2,18.559,73.7868,High,03-02-2025
Pune,Shivaji Nagar,Theft,233,98907,Foggy,28,8.94,3,18.5308,73.8475,High,20-03-2025
Mumbai,Dadar,Cyber Crime,116,149781,Rainy,162,8.46,6,19.0178,72.8478,Medium,23-11-2024
Mumbai,Bandra,Cyber Crime,33,76774,Rainy,131,7.18,10,19.0596,72.8295,Low,11-04-2026
Mumbai,Powai,Fraud,70,188277,Sunny,199,4,5,19.1176,72.906,Low,16-01-2024
Nagpur,Dharampeth,Fraud,118,114783,Cloudy,194,2.93,3,21.129,79.0588,Medium,27-12-2024
Mumbai,Powai,Assault,62,158196,Rainy,171,9.1,3,19.1176,72.906,Low,26-05-2025
Chhatrapati Sambhajinagar,Osmanpura,Fraud,49,35649,Cloudy,169,6.79,10,19.87,75.33,Low,27-06-2024
Chhatrapati Sambhajinagar,Osmanpura,Fraud,113,199903,Sunny,136,15,9,19.87,75.33,Medium,02-03-2026
Nagpur,Shankar Nagar,Theft,234,139175,Rainy,96,13.1,5,21.127,79.06,High,06-02-2026
Nashik,Gangapur Road,Theft,48,161531,Foggy,11,11.07,1,20.011,73.75,Low,11-06-2025
Chhatrapati Sambhajinagar,Osmanpura,Theft,186,148384,Foggy,174,3.7,9,19.87,75.33,High,09-08-2025
Chhatrapati Sambhajinagar,Osmanpura,Burglary,151,57542,Cloudy,44,3.23,5,19.87,75.33,High,17-06-2025
Pune,Hinjewadi,Robbery,92,29236,Cloudy,202,2.71,1,18.5912,73.7389,Medium,26-05-2025
Pune,Shivaji Nagar,Fraud,246,149961,Cloudy,10,9.39,7,18.5308,73.8475,High,05-04-2026
Nashik,Nashik Road,Fraud,218,34170,Rainy,203,11.01,11,19.9975,73.7898,High,17-12-2024
Pune,Hadapsar,Assault,236,89724,Sunny,46,2.99,5,18.5089,73.9259,High,09-01-2026
Pune,Hinjewadi,Cyber Crime,33,30514,Cloudy,184,10.96,1,18.5912,73.7389,Low,19-08-2025
Mumbai,Powai,Fraud,223,186798,Cloudy,74,7.87,7,19.1176,72.906,High,09-01-2024
Mumbai,Andheri,Burglary,114,31727,Rainy,85,14.96,5,19.1136,72.8697,Medium,08-11-2025
Mumbai,Borivali,Robbery,247,30305,Cloudy,29,14.07,12,19.2307,72.8567,High,25-06-2024
Chhatrapati Sambhajinagar,Aurangpura,Assault,243,132054,Sunny,175,5,4,19.8762,75.3433,High,29-05-2026
Nagpur,Sitabuldi,Assault,68,147142,Foggy,190,2.72,8,21.1458,79.0882,Low,02-12-2025
Chhatrapati Sambhajinagar,CIDCO,Burglary,145,67997,Foggy,126,7.02,4,19.889,75.32,Medium,06-07-2024
Nashik,Gangapur Road,Burglary,27,129927,Foggy,6,12.59,2,20.011,73.75,Low,31-03-2025
Chhatrapati Sambhajinagar,Osmanpura,Cyber Crime,173,134190,Rainy,46,11.58,11,19.87,75.33,High,31-01-2026
Nagpur,Sadar,Theft,196,157314,Foggy,213,14.55,6,21.1642,79.0821,High,30-04-2026
Mumbai,Colaba,Fraud,80,161447,Rainy,80,4.59,3,18.9067,72.8147,Medium,04-03-2026
Nashik,Gangapur Road,Assault,142,51139,Cloudy,102,10.75,7,20.011,73.75,Medium,09-08-2025
Mumbai,Colaba,Burglary,103,129873,Rainy,109,4.22,1,18.9067,72.8147,Medium,26-02-2024
Nashik,CIDCO,Burglary,213,195284,Cloudy,207,14.73,9,19.9667,73.7667,High,05-03-2024
Pune,Hadapsar,Cyber Crime,143,54920,Cloudy,169,10.71,12,18.5089,73.9259,Medium,26-12-2024
Chhatrapati Sambhajinagar,CIDCO,Assault,44,96207,Rainy,47,5.33,11,19.889,75.32,Low,16-01-2024
Chhatrapati Sambhajinagar,CIDCO,Robbery,169,134598,Foggy,39,7.13,8,19.889,75.32,High,26-03-2025
Mumbai,Powai,Assault,62,120404,Rainy,197,11.73,3,19.1176,72.906,Low,16-01-2024
Mumbai,Andheri,Theft,64,78233,Cloudy,112,5.89,5,19.1136,72.8697,Low,10-05-2026
Mumbai,Dadar,Cyber Crime,227,89029,Cloudy,162,14.94,9,19.0178,72.8478,High,01-12-2024
Mumbai,Colaba,Theft,38,75051,Rainy,24,12.84,12,18.9067,72.8147,Low,11-06-2025
Pune,Shivaji Nagar,Robbery,214,74752,Sunny,133,12.35,6,18.5308,73.8475,High,30-06-2025
Chhatrapati Sambhajinagar,CIDCO,Assault,189,58740,Sunny,169,10.33,2,19.889,75.32,High,10-02-2026
Pune,Baner,Cyber Crime,165,181286,Sunny,141,12.55,2,18.559,73.7868,High,21-12-2024
Nashik,CIDCO,Robbery,193,158246,Foggy,43,6.46,7,19.9667,73.7667,High,05-02-2026
Nashik,Nashik Road,Burglary,250,139817,Sunny,76,3.79,10,19.9975,73.7898,High,05-05-2026
Chhatrapati Sambhajinagar,CIDCO,Cyber Crime,191,146649,Foggy,131,5.63,7,19.889,75.32,High,26-09-2024
Pune,Hinjewadi,Fraud,232,70390,Sunny,8,10.25,12,18.5912,73.7389,High,20-05-2026
Nashik,Gangapur Road,Burglary,76,105284,Rainy,63,9.82,9,20.011,73.75,Medium,24-10-2025
Mumbai,Andheri,Fraud,15,47249,Cloudy,72,13.6,4,19.1136,72.8697,Low,04-09-2024
Nashik,Nashik Road,Theft,120,94956,Rainy,38,5.21,8,19.9975,73.7898,Medium,12-06-2024
Nashik,CIDCO,Robbery,196,160064,Foggy,94,11.44,11,19.9667,73.7667,High,01-07-2024
Mumbai,Borivali,Cyber Crime,130,86599,Cloudy,69,2,3,19.2307,72.8567,Medium,26-07-2024
Nashik,Nashik Road,Burglary,243,194042,Sunny,148,8.95,10,19.9975,73.7898,High,25-04-2025
Nashik,Nashik Road,Burglary,89,48831,Cloudy,97,5.37,11,19.9975,73.7898,Medium,12-05-2026
Chhatrapati Sambhajinagar,Osmanpura,Cyber Crime,42,78261,Rainy,114,8.59,3,19.87,75.33,Low,09-11-2025
Nashik,Gangapur Road,Fraud,231,175817,Foggy,77,7.64,5,20.011,73.75,High,15-01-2025
Nagpur,Sitabuldi,Robbery,232,30770,Rainy,76,7.26,5,21.1458,79.0882,High,08-11-2025
Pune,Hinjewadi,Burglary,169,150380,Cloudy,71,12.3,11,18.5912,73.7389,High,15-05-2025
Chhatrapati Sambhajinagar,Osmanpura,Burglary,138,62050,Foggy,48,12.26,5,19.87,75.33,Medium,19-03-2026
Pune,Shivaji Nagar,Fraud,25,35495,Cloudy,70,4.7,6,18.5308,73.8475,Low,22-06-2025
Nashik,Gangapur Road,Robbery,14,181302,Sunny,92,11.36,10,20.011,73.75,Low,24-07-2025
Pune,Kothrud,Assault,74,186658,Cloudy,34,6.84,11,18.5074,73.8077,Low,02-09-2025
Mumbai,Powai,Burglary,97,28948,Rainy,47,7.99,3,19.1176,72.906,Medium,07-05-2024
Chhatrapati Sambhajinagar,Aurangpura,Fraud,121,107425,Sunny,158,14.94,4,19.8762,75.3433,Medium,10-12-2025
Pune,Wakad,Theft,220,188778,Sunny,126,3.99,6,18.5975,73.7637,High,07-05-2025
Pune,Wakad,Burglary,83,61127,Cloudy,202,2.76,8,18.5975,73.7637,Medium,17-07-2024
Nashik,Gangapur Road,Cyber Crime,243,164050,Sunny,28,3.89,9,20.011,73.75,High,06-02-2026
Nagpur,Civil Lines,Theft,178,144046,Cloudy,172,3.78,6,21.153,79.072,High,17-01-2025
Chhatrapati Sambhajinagar,Osmanpura,Theft,41,106894,Foggy,85,12.65,4,19.87,75.33,Low,06-10-2025
Nagpur,Shankar Nagar,Robbery,233,88557,Foggy,21,9.74,5,21.127,79.06,High,24-06-2024
Pune,Wakad,Assault,84,120270,Foggy,134,2.99,9,18.5975,73.7637,Medium,22-09-2025
Pune,Wakad,Robbery,225,167974,Foggy,24,4.64,3,18.5975,73.7637,High,29-05-2026
Mumbai,Andheri,Theft,128,172927,Sunny,148,11.5,8,19.1136,72.8697,Medium,02-06-2025
Nagpur,Sadar,Assault,106,139878,Cloudy,114,14.65,3,21.1642,79.0821,Medium,27-05-2026
Pune,Hadapsar,Fraud,56,135007,Sunny,155,6.69,2,18.5089,73.9259,Low,16-12-2024
Nagpur,Lakadganj,Theft,69,75497,Cloudy,187,5.46,10,21.1505,79.1155,Low,23-09-2025
Chhatrapati Sambhajinagar,Osmanpura,Robbery,171,84789,Cloudy,24,5.72,9,19.87,75.33,High,03-03-2024
Nashik,Gangapur Road,Assault,87,53839,Foggy,93,13.92,11,20.011,73.75,Medium,13-02-2024
Nashik,CIDCO,Cyber Crime,174,164133,Cloudy,151,10.88,3,19.9667,73.7667,High,13-06-2026
Nagpur,Jaripatka,Robbery,244,134812,Cloudy,66,7.61,6,21.1801,79.0955,High,13-06-2025
Pune,Hinjewadi,Theft,124,107394,Foggy,172,6.73,4,18.5912,73.7389,Medium,23-10-2025
Nagpur,Dharampeth,Assault,237,120927,Rainy,148,14.2,4,21.129,79.0588,High,20-09-2025
Nashik,Nashik Road,Theft,56,139702,Foggy,143,3.46,2,19.9975,73.7898,Low,07-09-2024
Nashik,Nashik Road,Cyber Crime,20,83155,Foggy,192,14.62,7,19.9975,73.7898,Low,20-09-2024
Nagpur,Shankar Nagar,Robbery,67,65316,Cloudy,109,2.67,7,21.127,79.06,Low,14-02-2024
Mumbai,Bandra,Cyber Crime,113,60001,Cloudy,54,2.04,7,19.0596,72.8295,Medium,27-09-2025
Nagpur,Sitabuldi,Assault,37,117929,Foggy,210,10.93,4,21.1458,79.0882,Low,30-07-2025
Mumbai,Borivali,Robbery,148,67065,Rainy,112,14.07,4,19.2307,72.8567,Medium,12-07-2024
Nagpur,Sitabuldi,Fraud,226,169306,Rainy,90,13.16,3,21.1458,79.0882,High,12-03-2026
Nagpur,Sitabuldi,Burglary,67,198692,Rainy,87,13.35,3,21.1458,79.0882,Low,06-09-2025
Chhatrapati Sambhajinagar,CIDCO,Theft,55,103192,Cloudy,116,9.38,11,19.889,75.32,Low,10-07-2024
Mumbai,Dadar,Fraud,66,32208,Rainy,195,9.42,11,19.0178,72.8478,Low,05-11-2024
Chhatrapati Sambhajinagar,Aurangpura,Robbery,57,174228,Foggy,134,10.82,4,19.8762,75.3433,Low,30-12-2024
Nashik,CIDCO,Robbery,155,76839,Foggy,175,3.46,7,19.9667,73.7667,High,21-05-2024
Pune,Baner,Cyber Crime,117,84706,Rainy,5,11.76,7,18.559,73.7868,Medium,23-01-2026
Chhatrapati Sambhajinagar,CIDCO,Fraud,207,28025,Cloudy,94,12.31,9,19.889,75.32,High,04-10-2024
Nagpur,Sitabuldi,Assault,196,193315,Rainy,178,3.51,1,21.1458,79.0882,High,19-07-2024
Nagpur,Lakadganj,Assault,27,151849,Foggy,10,14.34,7,21.1505,79.1155,Low,03-06-2025
Mumbai,Powai,Burglary,143,137108,Rainy,179,8.1,2,19.1176,72.906,Medium,04-12-2025
Chhatrapati Sambhajinagar,CIDCO,Burglary,34,145919,Sunny,101,10.67,2,19.889,75.32,Low,13-02-2025
Mumbai,Andheri,Burglary,55,190022,Rainy,57,10.01,3,19.1136,72.8697,Low,02-06-2024
Nagpur,Sitabuldi,Assault,185,36940,Foggy,159,9.76,2,21.1458,79.0882,High,03-10-2024
Pune,Baner,Robbery,170,47837,Cloudy,220,10.94,3,18.559,73.7868,High,19-04-2025
Pune,Hadapsar,Cyber Crime,30,32094,Foggy,56,9.61,2,18.5089,73.9259,Low,04-09-2025
Nashik,CIDCO,Assault,98,184804,Foggy,203,8.3,1,19.9667,73.7667,Medium,17-01-2024
Pune,Kothrud,Robbery,66,49554,Foggy,101,12.14,9,18.5074,73.8077,Low,28-10-2024
Nashik,Nashik Road,Burglary,85,68344,Cloudy,134,3.61,12,19.9975,73.7898,Medium,06-09-2024
Mumbai,Colaba,Theft,166,121987,Foggy,140,11.61,12,18.9067,72.8147,High,30-08-2025
Pune,Wakad,Fraud,188,78392,Cloudy,141,2.78,9,18.5975,73.7637,High,24-02-2025
Mumbai,Andheri,Robbery,101,91588,Sunny,20,7.7,6,19.1136,72.8697,Medium,06-02-2025
Nashik,Nashik Road,Burglary,142,54687,Cloudy,204,13.61,10,19.9975,73.7898,Medium,23-02-2026
Nagpur,Sadar,Assault,87,99236,Cloudy,68,10.85,9,21.1642,79.0821,Medium,10-06-2026
Chhatrapati Sambhajinagar,Osmanpura,Theft,26,78298,Foggy,217,6.65,1,19.87,75.33,Low,15-11-2024
Nashik,CIDCO,Robbery,224,54376,Rainy,132,10.87,7,19.9667,73.7667,High,29-06-2025
Chhatrapati Sambhajinagar,CIDCO,Burglary,183,114014,Cloudy,6,2.13,2,19.889,75.32,High,15-12-2024
Chhatrapati Sambhajinagar,CIDCO,Cyber Crime,232,28838,Rainy,85,11.02,5,19.889,75.32,High,29-07-2025
Chhatrapati Sambhajinagar,CIDCO,Cyber Crime,11,140437,Rainy,158,11.58,1,19.889,75.32,Low,29-07-2024
Mumbai,Bandra,Cyber Crime,232,49517,Foggy,207,5.7,12,19.0596,72.8295,High,08-01-2026
Nagpur,Lakadganj,Burglary,80,130283,Foggy,198,13.21,5,21.1505,79.1155,Medium,04-12-2024
Nagpur,Shankar Nagar,Theft,29,59270,Rainy,220,4.24,7,21.127,79.06,Low,16-07-2025
Nagpur,Jaripatka,Cyber Crime,106,192553,Rainy,139,14.42,3,21.1801,79.0955,Medium,28-01-2026
Chhatrapati Sambhajinagar,Osmanpura,Cyber Crime,139,25409,Rainy,106,3.39,3,19.87,75.33,Medium,15-02-2024
Mumbai,Powai,Fraud,27,129060,Cloudy,178,5.22,7,19.1176,72.906,Low,21-06-2024
Chhatrapati Sambhajinagar,CIDCO,Assault,166,68637,Rainy,207,11.75,8,19.889,75.32,High,05-04-2026
Nagpur,Sitabuldi,Burglary,41,114663,Foggy,30,8.12,11,21.1458,79.0882,Low,30-03-2025
Nagpur,Lakadganj,Cyber Crime,129,193738,Foggy,68,13.69,6,21.1505,79.1155,Medium,13-01-2026
Chhatrapati Sambhajinagar,Aurangpura,Burglary,187,99137,Sunny,64,11.3,5,19.8762,75.3433,High,24-01-2025
Mumbai,Powai,Burglary,158,177707,Rainy,206,8.57,5,19.1176,72.906,High,04-03-2026
Mumbai,Borivali,Cyber Crime,194,75696,Cloudy,214,3.06,8,19.2307,72.8567,High,03-04-2025
Pune,Wakad,Cyber Crime,210,157456,Sunny,101,9.85,2,18.5975,73.7637,High,11-09-2025
Nashik,Gangapur Road,Robbery,62,173303,Sunny,59,14.3,11,20.011,73.75,Low,30-07-2024
Nagpur,Shankar Nagar,Burglary,183,106127,Cloudy,140,2.37,8,21.127,79.06,High,21-06-2025
Chhatrapati Sambhajinagar,Aurangpura,Cyber Crime,76,126817,Rainy,181,14.3,11,19.8762,75.3433,Medium,08-06-2026
Pune,Wakad,Cyber Crime,93,183906,Rainy,42,7.82,3,18.5975,73.7637,Medium,07-03-2024
Mumbai,Dadar,Assault,240,59282,Rainy,204,13.2,2,19.0178,72.8478,High,28-06-2024
Pune,Baner,Cyber Crime,192,68926,Sunny,10,10.39,9,18.559,73.7868,High,03-10-2025
Nagpur,Civil Lines,Robbery,178,158368,Foggy,102,3.39,6,21.153,79.072,High,17-06-2025
Nashik,CIDCO,Assault,205,50571,Cloudy,121,9.25,3,19.9667,73.7667,High,19-03-2025
Chhatrapati Sambhajinagar,Aurangpura,Assault,108,194706,Foggy,156,4.87,6,19.8762,75.3433,Medium,01-06-2026
Mumbai,Colaba,Fraud,63,140737,Sunny,43,7.96,12,18.9067,72.8147,Low,13-09-2025
Pune,Kothrud,Assault,235,25937,Sunny,115,10.17,3,18.5074,73.8077,High,14-07-2024
Nashik,Gangapur Road,Cyber Crime,189,91194,Foggy,130,2.27,9,20.011,73.75,High,07-05-2026
Pune,Hadapsar,Burglary,232,144339,Cloudy,84,14.49,9,18.5089,73.9259,High,23-07-2024
Pune,Hinjewadi,Theft,81,65747,Foggy,205,9.21,3,18.5912,73.7389,Medium,22-05-2024
Chhatrapati Sambhajinagar,Osmanpura,Burglary,199,168320,Foggy,93,3.51,9,19.87,75.33,High,01-12-2025
Nagpur,Jaripatka,Burglary,52,26373,Foggy,73,12.26,7,21.1801,79.0955,Low,26-05-2026
Chhatrapati Sambhajinagar,CIDCO,Cyber Crime,116,34335,Rainy,35,11.64,8,19.889,75.32,Medium,10-01-2024
Chhatrapati Sambhajinagar,Aurangpura,Assault,67,60584,Foggy,178,2.35,1,19.8762,75.3433,Low,23-12-2025
Mumbai,Bandra,Fraud,34,67651,Rainy,184,10.02,3,19.0596,72.8295,Low,25-06-2025
Pune,Shivaji Nagar,Burglary,143,164208,Foggy,163,3.85,1,18.5308,73.8475,Medium,13-12-2025
Nashik,CIDCO,Fraud,86,160068,Cloudy,117,13.33,2,19.9667,73.7667,Medium,31-03-2025
Nagpur,Lakadganj,Robbery,200,47444,Cloudy,86,3.67,9,21.1505,79.1155,High,26-08-2025
Chhatrapati Sambhajinagar,CIDCO,Theft,40,69316,Sunny,203,10.15,5,19.889,75.32,Low,25-05-2026
Nagpur,Shankar Nagar,Cyber Crime,209,114204,Sunny,66,6.19,8,21.127,79.06,High,24-05-2024
Mumbai,Dadar,Assault,65,76131,Foggy,154,5.75,6,19.0178,72.8478,Low,16-07-2025
Pune,Baner,Theft,164,69161,Cloudy,138,3.18,7,18.559,73.7868,High,08-10-2024
Nashik,Nashik Road,Robbery,175,95735,Sunny,205,11.33,11,19.9975,73.7898,High,28-06-2025
Mumbai,Borivali,Fraud,80,26784,Rainy,200,8.95,10,19.2307,72.8567,Medium,18-12-2025
Pune,Baner,Cyber Crime,235,76756,Rainy,77,8.91,9,18.559,73.7868,High,26-03-2024
Nagpur,Lakadganj,Fraud,134,165749,Cloudy,23,13.31,4,21.1505,79.1155,Medium,19-08-2025
Mumbai,Colaba,Robbery,233,154019,Cloudy,111,13.85,3,18.9067,72.8147,High,27-09-2025
Nashik,Gangapur Road,Robbery,232,184957,Rainy,74,10.97,6,20.011,73.75,High,03-06-2025
Chhatrapati Sambhajinagar,Aurangpura,Robbery,73,55489,Rainy,13,8.5,6,19.8762,75.3433,Low,09-04-2026
Chhatrapati Sambhajinagar,CIDCO,Fraud,227,154885,Cloudy,42,2.66,8,19.889,75.32,High,20-03-2025
Chhatrapati Sambhajinagar,Osmanpura,Fraud,96,41353,Cloudy,112,14.83,4,19.87,75.33,Medium,14-11-2025
Mumbai,Powai,Cyber Crime,48,76699,Rainy,128,8.92,4,19.1176,72.906,Low,22-12-2024
Nashik,Nashik Road,Assault,128,84411,Cloudy,216,9.71,7,19.9975,73.7898,Medium,05-11-2025
Chhatrapati Sambhajinagar,CIDCO,Theft,88,68224,Sunny,171,7.63,11,19.889,75.32,Medium,20-12-2025
Nagpur,Sadar,Theft,105,85331,Rainy,107,6.24,1,21.1642,79.0821,Medium,20-12-2024
Chhatrapati Sambhajinagar,Osmanpura,Assault,52,96337,Cloudy,153,3.55,1,19.87,75.33,Low,02-05-2026
Chhatrapati Sambhajinagar,Aurangpura,Burglary,227,39163,Foggy,59,8.57,5,19.8762,75.3433,High,25-09-2025
Chhatrapati Sambhajinagar,CIDCO,Assault,62,41996,Foggy,38,2.57,5,19.889,75.32,Low,06-05-2026
Nashik,CIDCO,Cyber Crime,57,44099,Cloudy,118,9.09,12,19.9667,73.7667,Low,01-12-2024
Nashik,Gangapur Road,Cyber Crime,167,163447,Cloudy,84,3.37,8,20.011,73.75,High,11-03-2026
Nashik,Nashik Road,Cyber Crime,145,149166,Cloudy,130,6.37,3,19.9975,73.7898,Medium,29-12-2025
Pune,Shivaji Nagar,Cyber Crime,66,166230,Sunny,97,4.87,6,18.5308,73.8475,Low,10-11-2025
Nagpur,Lakadganj,Fraud,174,68279,Rainy,65,10.02,2,21.1505,79.1155,High,05-05-2026
Nashik,CIDCO,Burglary,120,26905,Rainy,218,7.97,2,19.9667,73.7667,Medium,17-01-2026
Nashik,Gangapur Road,Cyber Crime,27,127110,Rainy,75,4.46,4,20.011,73.75,Low,19-08-2024
Mumbai,Andheri,Robbery,97,58195,Foggy,206,9.07,6,19.1136,72.8697,Medium,27-11-2025
Chhatrapati Sambhajinagar,CIDCO,Cyber Crime,184,55990,Rainy,168,14.47,3,19.889,75.32,High,23-05-2025
Pune,Wakad,Assault,41,143089,Foggy,184,2.77,4,18.5975,73.7637,Low,06-05-2025
Nashik,Gangapur Road,Cyber Crime,20,53353,Foggy,208,9.57,9,20.011,73.75,Low,27-03-2025
Mumbai,Colaba,Burglary,45,186226,Foggy,101,13.74,4,18.9067,72.8147,Low,23-03-2026
Pune,Hadapsar,Cyber Crime,229,108550,Sunny,42,2.62,3,18.5089,73.9259,High,28-01-2024
Chhatrapati Sambhajinagar,CIDCO,Theft,71,158881,Foggy,16,2.5,1,19.889,75.32,Low,16-10-2024
Chhatrapati Sambhajinagar,Osmanpura,Cyber Crime,145,63826,Cloudy,37,10.66,9,19.87,75.33,Medium,19-01-2026
Pune,Shivaji Nagar,Fraud,161,143462,Rainy,151,7.43,6,18.5308,73.8475,High,15-03-2026
Nagpur,Civil Lines,Burglary,208,40242,Foggy,78,8.73,3,21.153,79.072,High,17-12-2024
Mumbai,Andheri,Assault,109,155368,Sunny,201,5.33,10,19.1136,72.8697,Medium,21-03-2024
Pune,Kothrud,Robbery,26,103431,Cloudy,61,13.64,2,18.5074,73.8077,Low,10-02-2024
Pune,Baner,Robbery,109,77615,Cloudy,41,2.39,10,18.559,73.7868,Medium,22-04-2024
Nashik,Gangapur Road,Fraud,217,96896,Foggy,197,2.43,3,20.011,73.75,High,18-01-2026
Nagpur,Shankar Nagar,Robbery,186,135112,Sunny,183,8.29,6,21.127,79.06,High,04-03-2024
Nashik,Nashik Road,Assault,38,142130,Cloudy,206,5.53,10,19.9975,73.7898,Low,31-12-2024
Pune,Hadapsar,Assault,229,193616,Rainy,182,7.04,9,18.5089,73.9259,High,03-04-2024
Chhatrapati Sambhajinagar,Aurangpura,Burglary,26,137061,Cloudy,22,11.68,6,19.8762,75.3433,Low,29-05-2026
Mumbai,Dadar,Assault,222,77896,Cloudy,220,3.54,12,19.0178,72.8478,High,08-04-2026
Chhatrapati Sambhajinagar,Aurangpura,Burglary,248,194458,Rainy,77,8.74,11,19.8762,75.3433,High,23-04-2026
Pune,Baner,Fraud,16,42555,Foggy,128,14.16,7,18.559,73.7868,Low,28-11-2024
Pune,Hinjewadi,Robbery,105,111109,Sunny,107,12.31,6,18.5912,73.7389,Medium,02-02-2026
Nagpur,Dharampeth,Fraud,241,118092,Sunny,79,5.08,2,21.129,79.0588,High,07-05-2026
Nashik,CIDCO,Cyber Crime,244,51847,Foggy,70,4.93,3,19.9667,73.7667,High,27-12-2024
Nagpur,Lakadganj,Fraud,41,156634,Sunny,204,9.54,11,21.1505,79.1155,Low,30-11-2025
Nashik,Nashik Road,Burglary,102,71224,Cloudy,128,7.03,11,19.9975,73.7898,Medium,15-11-2024
Chhatrapati Sambhajinagar,Osmanpura,Theft,91,49561,Rainy,48,4.67,2,19.87,75.33,Medium,28-08-2024
Pune,Kothrud,Cyber Crime,209,146781,Cloudy,110,13.9,4,18.5074,73.8077,High,19-05-2026
Chhatrapati Sambhajinagar,Osmanpura,Cyber Crime,193,36377,Rainy,13,8.75,5,19.87,75.33,High,18-11-2024
Nagpur,Jaripatka,Cyber Crime,122,80970,Sunny,103,12.07,2,21.1801,79.0955,Medium,11-04-2025
Chhatrapati Sambhajinagar,Osmanpura,Burglary,55,154764,Foggy,49,5.3,10,19.87,75.33,Low,02-05-2026
Chhatrapati Sambhajinagar,Aurangpura,Robbery,48,97392,Sunny,99,3.83,7,19.8762,75.3433,Low,29-04-2026
Chhatrapati Sambhajinagar,CIDCO,Cyber Crime,84,160966,Cloudy,8,6.56,6,19.889,75.32,Medium,28-08-2024
Nagpur,Civil Lines,Cyber Crime,212,88834,Rainy,126,4.98,5,21.153,79.072,High,30-06-2024
Pune,Hadapsar,Theft,34,112213,Sunny,187,9.44,5,18.5089,73.9259,Low,17-12-2024
Mumbai,Colaba,Assault,240,99702,Foggy,181,4.52,1,18.9067,72.8147,High,23-12-2024
Pune,Wakad,Burglary,84,119026,Rainy,205,8.75,2,18.5975,73.7637,Medium,08-04-2025
Nashik,Gangapur Road,Robbery,220,126059,Sunny,106,5.49,3,20.011,73.75,High,15-01-2026
Pune,Baner,Assault,171,171289,Cloudy,190,12.13,5,18.559,73.7868,High,30-09-2024
Chhatrapati Sambhajinagar,Osmanpura,Burglary,182,162530,Rainy,195,8.38,5,19.87,75.33,High,22-12-2025
Nagpur,Jaripatka,Assault,198,133390,Cloudy,11,13.59,4,21.1801,79.0955,High,19-10-2025
Mumbai,Powai,Cyber Crime,45,139973,Rainy,138,14.28,11,19.1176,72.906,Low,26-11-2025
Nashik,CIDCO,Assault,160,88857,Foggy,135,11.82,2,19.9667,73.7667,High,31-10-2024
Nagpur,Sadar,Robbery,27,168781,Sunny,172,12.04,6,21.1642,79.0821,Low,14-12-2024
Pune,Baner,Burglary,138,60941,Sunny,197,14.93,12,18.559,73.7868,Medium,02-08-2024
Nagpur,Lakadganj,Burglary,204,120091,Foggy,50,6.4,3,21.1505,79.1155,High,22-04-2026
Nashik,CIDCO,Burglary,129,70471,Rainy,191,8.61,9,19.9667,73.7667,Medium,11-03-2024
Pune,Hadapsar,Burglary,239,94682,Rainy,27,8.85,12,18.5089,73.9259,High,04-03-2024
Nashik,Gangapur Road,Fraud,57,73644,Foggy,181,14,10,20.011,73.75,Low,26-04-2024
Nashik,CIDCO,Assault,14,59760,Sunny,74,11.48,5,19.9667,73.7667,Low,16-06-2026
Nagpur,Sadar,Fraud,130,32509,Foggy,95,14.61,2,21.1642,79.0821,Medium,10-04-2026
Chhatrapati Sambhajinagar,CIDCO,Burglary,240,76646,Foggy,99,7.81,5,19.889,75.32,High,22-06-2025
Mumbai,Borivali,Burglary,51,162105,Sunny,126,6.76,6,19.2307,72.8567,Low,03-09-2024
Nashik,Nashik Road,Assault,204,55910,Sunny,65,5.2,3,19.9975,73.7898,High,16-02-2025
Chhatrapati Sambhajinagar,Osmanpura,Cyber Crime,226,60969,Sunny,205,12.64,2,19.87,75.33,High,27-09-2025
Nagpur,Sitabuldi,Cyber Crime,151,174743,Foggy,175,5.92,9,21.1458,79.0882,High,13-04-2026
Pune,Hadapsar,Cyber Crime,153,187206,Cloudy,165,13.65,4,18.5089,73.9259,High,28-09-2024
Nashik,Gangapur Road,Robbery,119,149434,Cloudy,19,7.07,12,20.011,73.75,Medium,10-09-2024
Nagpur,Jaripatka,Fraud,162,58016,Cloudy,174,8.9,5,21.1801,79.0955,High,14-03-2024
Chhatrapati Sambhajinagar,CIDCO,Theft,216,91522,Sunny,190,8.72,3,19.889,75.32,High,14-02-2026
Chhatrapati Sambhajinagar,Osmanpura,Cyber Crime,88,55839,Sunny,20,12.73,10,19.87,75.33,Medium,13-06-2025
Nagpur,Sadar,Fraud,73,160054,Sunny,99,11.23,2,21.1642,79.0821,Low,02-09-2024
Chhatrapati Sambhajinagar,Aurangpura,Burglary,112,44161,Sunny,105,4.06,11,19.8762,75.3433,Medium,22-07-2024
Nashik,CIDCO,Fraud,107,43199,Cloudy,200,9.83,4,19.9667,73.7667,Medium,08-05-2024
Pune,Hinjewadi,Theft,187,26554,Sunny,83,9.4,2,18.5912,73.7389,High,27-04-2024
Mumbai,Andheri,Burglary,149,123253,Foggy,208,13.16,5,19.1136,72.8697,Medium,19-01-2025
Pune,Shivaji Nagar,Theft,85,26970,Cloudy,12,14.43,5,18.5308,73.8475,Medium,27-11-2024
Nashik,Nashik Road,Robbery,105,192537,Cloudy,7,2.73,3,19.9975,73.7898,Medium,25-11-2025
Nashik,Gangapur Road,Assault,56,169710,Foggy,115,13.77,3,20.011,73.75,Low,28-03-2025
Chhatrapati Sambhajinagar,Aurangpura,Cyber Crime,175,168739,Sunny,104,13.39,10,19.8762,75.3433,High,12-02-2024
Nashik,CIDCO,Robbery,85,156912,Cloudy,40,9.86,9,19.9667,73.7667,Medium,27-02-2025
Mumbai,Colaba,Theft,36,72216,Cloudy,21,12.4,1,18.9067,72.8147,Low,03-04-2024
Nagpur,Jaripatka,Cyber Crime,94,111145,Foggy,51,3.18,5,21.1801,79.0955,Medium,02-07-2025
Nagpur,Sadar,Cyber Crime,17,76407,Foggy,98,2.61,2,21.1642,79.0821,Low,14-06-2024
Nashik,CIDCO,Burglary,171,189010,Rainy,211,8.27,6,19.9667,73.7667,High,18-01-2024
Nagpur,Civil Lines,Burglary,132,98108,Rainy,149,4.18,4,21.153,79.072,Medium,23-02-2026
Mumbai,Andheri,Fraud,221,73902,Cloudy,89,12.18,3,19.1136,72.8697,High,30-03-2026
Pune,Hinjewadi,Fraud,61,134675,Foggy,204,4.23,7,18.5912,73.7389,Low,19-07-2025
Nashik,CIDCO,Theft,238,45464,Foggy,197,12.49,12,19.9667,73.7667,High,02-11-2024
Nashik,CIDCO,Burglary,250,132712,Cloudy,110,9.62,6,19.9667,73.7667,High,07-08-2024
Nashik,Nashik Road,Burglary,107,52406,Foggy,209,14.94,4,19.9975,73.7898,Medium,17-12-2024
Mumbai,Dadar,Assault,209,36025,Sunny,142,3.58,6,19.0178,72.8478,High,09-02-2026
Mumbai,Powai,Cyber Crime,117,67106,Sunny,167,2.22,12,19.1176,72.906,Medium,18-04-2024
Nashik,Nashik Road,Assault,128,147822,Cloudy,76,12.31,12,19.9975,73.7898,Medium,23-03-2026
Mumbai,Colaba,Fraud,119,43374,Foggy,210,11.04,8,18.9067,72.8147,Medium,18-05-2026
Mumbai,Borivali,Assault,56,73218,Foggy,132,13.75,7,19.2307,72.8567,Low,19-12-2025
Mumbai,Andheri,Fraud,66,95805,Sunny,18,13.65,8,19.1136,72.8697,Low,09-02-2026
Nashik,CIDCO,Fraud,229,60192,Rainy,159,6.63,3,19.9667,73.7667,High,09-09-2025
Chhatrapati Sambhajinagar,Osmanpura,Cyber Crime,105,137960,Sunny,89,2.99,8,19.87,75.33,Medium,01-11-2025
Mumbai,Colaba,Robbery,92,146986,Foggy,145,7.87,7,18.9067,72.8147,Medium,04-08-2025
Mumbai,Borivali,Assault,156,31632,Cloudy,201,2.46,5,19.2307,72.8567,High,19-06-2024
Nagpur,Civil Lines,Fraud,125,92862,Sunny,112,3.32,1,21.153,79.072,Medium,03-09-2024
Mumbai,Colaba,Robbery,99,188647,Sunny,77,7.99,10,18.9067,72.8147,Medium,05-04-2024
Chhatrapati Sambhajinagar,Aurangpura,Burglary,106,98506,Sunny,169,9.57,7,19.8762,75.3433,Medium,27-08-2024
Nagpur,Shankar Nagar,Theft,30,166236,Rainy,55,14.2,6,21.127,79.06,Low,09-11-2025
Mumbai,Powai,Theft,150,47858,Rainy,218,8.89,4,19.1176,72.906,Medium,28-02-2025
Nashik,Gangapur Road,Burglary,29,46150,Cloudy,127,9.79,8,20.011,73.75,Low,16-04-2025
Nagpur,Lakadganj,Burglary,30,29033,Rainy,106,2.57,12,21.1505,79.1155,Low,03-11-2025
Nashik,CIDCO,Assault,156,53650,Foggy,26,8.48,3,19.9667,73.7667,High,21-05-2024
Nashik,CIDCO,Fraud,134,120232,Cloudy,189,4.3,10,19.9667,73.7667,Medium,02-01-2024
Nashik,CIDCO,Burglary,82,105453,Rainy,201,14.08,2,19.9667,73.7667,Medium,20-10-2024
Pune,Shivaji Nagar,Theft,195,130699,Sunny,110,12.71,6,18.5308,73.8475,High,19-07-2025
Pune,Kothrud,Robbery,112,139109,Cloudy,24,5.65,5,18.5074,73.8077,Medium,04-08-2025
Nashik,Nashik Road,Assault,223,52485,Sunny,55,7.71,7,19.9975,73.7898,High,24-01-2024
Mumbai,Borivali,Assault,73,48617,Rainy,120,11.07,6,19.2307,72.8567,Low,06-02-2025
Nagpur,Dharampeth,Assault,96,169781,Cloudy,173,5.66,8,21.129,79.0588,Medium,15-04-2025
Pune,Hinjewadi,Fraud,190,153358,Rainy,142,4.57,5,18.5912,73.7389,High,03-01-2025
Nagpur,Sitabuldi,Cyber Crime,114,81001,Cloudy,198,4.86,5,21.1458,79.0882,Medium,14-10-2025
Nashik,Nashik Road,Burglary,166,109701,Cloudy,128,9.32,1,19.9975,73.7898,High,27-04-2025
Pune,Wakad,Robbery,44,90577,Cloudy,68,4.34,5,18.5975,73.7637,Low,01-09-2025
Chhatrapati Sambhajinagar,Osmanpura,Theft,226,189935,Sunny,111,3.66,5,19.87,75.33,High,18-05-2026
Nashik,CIDCO,Fraud,136,132824,Cloudy,27,3.1,3,19.9667,73.7667,Medium,08-06-2024
Nagpur,Sitabuldi,Burglary,249,126774,Cloudy,143,10.08,3,21.1458,79.0882,High,27-05-2026
Mumbai,Borivali,Burglary,164,94792,Cloudy,138,2.52,12,19.2307,72.8567,High,18-01-2025
Nagpur,Sitabuldi,Robbery,80,156817,Cloudy,19,7.75,10,21.1458,79.0882,Medium,02-04-2025
Nashik,Nashik Road,Assault,28,27662,Rainy,108,11.2,1,19.9975,73.7898,Low,11-12-2024
Mumbai,Borivali,Robbery,95,153468,Rainy,217,4.65,3,19.2307,72.8567,Medium,31-01-2026
Pune,Shivaji Nagar,Assault,155,116849,Cloudy,155,5.31,3,18.5308,73.8475,High,25-01-2024
Chhatrapati Sambhajinagar,CIDCO,Burglary,188,124478,Rainy,14,3.45,12,19.889,75.32,High,21-10-2024
Nashik,Gangapur Road,Fraud,184,143938,Cloudy,20,6.4,4,20.011,73.75,High,07-08-2024
Chhatrapati Sambhajinagar,Aurangpura,Fraud,185,110789,Sunny,149,14.43,11,19.8762,75.3433,High,19-02-2024
Chhatrapati Sambhajinagar,Osmanpura,Robbery,99,69071,Sunny,27,8.01,2,19.87,75.33,Medium,23-01-2026
Chhatrapati Sambhajinagar,Osmanpura,Assault,191,168504,Rainy,104,9.19,11,19.87,75.33,High,10-11-2025
Nagpur,Dharampeth,Cyber Crime,132,100514,Sunny,70,6.91,7,21.129,79.0588,Medium,16-10-2025
Pune,Kothrud,Fraud,158,84516,Sunny,37,14.51,5,18.5074,73.8077,High,16-09-2024
Pune,Hadapsar,Fraud,210,169159,Rainy,15,11.15,4,18.5089,73.9259,High,03-01-2026
Nashik,Nashik Road,Burglary,52,35342,Rainy,16,14.25,4,19.9975,73.7898,Low,17-01-2024
Chhatrapati Sambhajinagar,Osmanpura,Fraud,104,37117,Rainy,74,12.44,6,19.87,75.33,Medium,29-01-2026
Nashik,CIDCO,Theft,132,155447,Sunny,160,3.59,2,19.9667,73.7667,Medium,20-01-2024
Mumbai,Dadar,Fraud,103,57602,Cloudy,92,14.46,3,19.0178,72.8478,Medium,17-12-2025
Nashik,CIDCO,Burglary,205,168513,Cloudy,11,4.92,6,19.9667,73.7667,High,05-01-2025
Mumbai,Borivali,Robbery,45,36175,Rainy,88,11.73,2,19.2307,72.8567,Low,16-03-2026
Mumbai,Dadar,Cyber Crime,72,42162,Foggy,128,11.64,7,19.0178,72.8478,Low,07-11-2025
Nashik,Gangapur Road,Theft,193,56621,Cloudy,209,3.22,8,20.011,73.75,High,13-08-2024
Nagpur,Civil Lines,Fraud,26,54590,Sunny,177,7.08,3,21.153,79.072,Low,17-12-2024
Chhatrapati Sambhajinagar,Osmanpura,Robbery,241,51203,Cloudy,115,4.55,11,19.87,75.33,High,21-11-2024
Nashik,Nashik Road,Theft,167,40108,Foggy,6,5.15,9,19.9975,73.7898,High,21-06-2025
Chhatrapati Sambhajinagar,Aurangpura,Assault,141,122146,Foggy,172,4.03,6,19.8762,75.3433,Medium,21-05-2025
Nagpur,Sitabuldi,Fraud,150,35885,Rainy,124,4.04,5,21.1458,79.0882,Medium,29-06-2024
Chhatrapati Sambhajinagar,Aurangpura,Fraud,45,61826,Sunny,193,12.23,9,19.8762,75.3433,Low,18-06-2025
Nagpur,Sadar,Cyber Crime,94,147676,Cloudy,45,11.9,4,21.1642,79.0821,Medium,02-11-2024
Pune,Wakad,Robbery,94,55487,Foggy,164,5.31,5,18.5975,73.7637,Medium,07-10-2025
Nashik,CIDCO,Burglary,112,26327,Sunny,120,4.3,12,19.9667,73.7667,Medium,03-02-2026
Nashik,CIDCO,Fraud,123,92357,Foggy,176,8.03,4,19.9667,73.7667,Medium,06-11-2025
Nashik,Nashik Road,Burglary,219,145365,Rainy,12,13.18,6,19.9975,73.7898,High,08-07-2024
Chhatrapati Sambhajinagar,Osmanpura,Cyber Crime,145,162795,Foggy,31,2.27,1,19.87,75.33,Medium,22-10-2025
Mumbai,Bandra,Burglary,188,152804,Sunny,40,14.03,2,19.0596,72.8295,High,29-01-2025
Pune,Hadapsar,Theft,110,84437,Rainy,121,12.94,10,18.5089,73.9259,Medium,05-09-2024
Pune,Baner,Cyber Crime,23,129505,Foggy,60,8.5,2,18.559,73.7868,Low,09-06-2024
Chhatrapati Sambhajinagar,Aurangpura,Theft,44,121913,Cloudy,203,2.49,2,19.8762,75.3433,Low,04-01-2025
Chhatrapati Sambhajinagar,Aurangpura,Assault,170,136072,Cloudy,7,5.83,1,19.8762,75.3433,High,12-04-2025
Chhatrapati Sambhajinagar,CIDCO,Cyber Crime,209,178606,Sunny,40,9.47,9,19.889,75.32,High,27-08-2024
Nashik,Nashik Road,Assault,42,165575,Sunny,69,12.05,1,19.9975,73.7898,Low,01-04-2026
Mumbai,Andheri,Fraud,25,140800,Sunny,58,3.83,1,19.1136,72.8697,Low,15-03-2024
Pune,Hadapsar,Fraud,216,55447,Foggy,152,12.52,8,18.5089,73.9259,High,22-05-2025
Chhatrapati Sambhajinagar,CIDCO,Cyber Crime,38,138970,Foggy,187,13.56,5,19.889,75.32,Low,03-05-2025
Chhatrapati Sambhajinagar,Aurangpura,Burglary,133,62087,Rainy,11,14.28,3,19.8762,75.3433,Medium,24-02-2024
Nagpur,Civil Lines,Assault,45,182319,Foggy,152,2.38,3,21.153,79.072,Low,14-11-2025
Nagpur,Dharampeth,Cyber Crime,248,125317,Rainy,125,10.93,5,21.129,79.0588,High,27-07-2025
Mumbai,Dadar,Theft,87,143638,Rainy,203,4.27,2,19.0178,72.8478,Medium,11-01-2025
Mumbai,Dadar,Burglary,134,85038,Rainy,91,8.99,4,19.0178,72.8478,Medium,05-09-2024
Nashik,Nashik Road,Cyber Crime,220,186754,Foggy,15,8.57,10,19.9975,73.7898,High,13-03-2024
Mumbai,Dadar,Robbery,143,104519,Rainy,135,2.08,3,19.0178,72.8478,Medium,11-04-2026
Nashik,Nashik Road,Theft,225,171256,Foggy,154,14.44,4,19.9975,73.7898,High,03-12-2025
Mumbai,Powai,Assault,35,186881,Rainy,136,8.04,12,19.1176,72.906,Low,14-05-2024
Chhatrapati Sambhajinagar,Osmanpura,Assault,240,178012,Cloudy,192,12.42,7,19.87,75.33,High,03-04-2026
Nashik,Gangapur Road,Assault,225,124565,Cloudy,54,12.1,2,20.011,73.75,High,27-03-2026
Nagpur,Lakadganj,Cyber Crime,174,187779,Sunny,212,3.21,12,21.1505,79.1155,High,22-12-2025
Mumbai,Colaba,Cyber Crime,244,183323,Foggy,93,10.64,6,18.9067,72.8147,High,06-06-2025
Chhatrapati Sambhajinagar,Aurangpura,Cyber Crime,21,36694,Sunny,100,7.93,4,19.8762,75.3433,Low,18-12-2025
Mumbai,Powai,Cyber Crime,138,71686,Cloudy,20,10.27,5,19.1176,72.906,Medium,17-03-2026
Pune,Hinjewadi,Theft,174,180307,Foggy,32,9.35,5,18.5912,73.7389,High,22-01-2025
Nashik,CIDCO,Robbery,134,92966,Rainy,72,3.93,6,19.9667,73.7667,Medium,07-10-2025
Nashik,Gangapur Road,Fraud,42,134202,Sunny,118,14.46,12,20.011,73.75,Low,23-01-2025
Mumbai,Bandra,Theft,69,194247,Foggy,194,6.39,2,19.0596,72.8295,Low,16-08-2024
Mumbai,Dadar,Burglary,244,120671,Rainy,105,11.68,2,19.0178,72.8478,High,11-05-2026
Nashik,CIDCO,Burglary,14,97017,Sunny,53,13.58,3,19.9667,73.7667,Low,14-12-2024
Nashik,Gangapur Road,Cyber Crime,214,73409,Foggy,77,12.48,3,20.011,73.75,High,02-02-2026
Mumbai,Bandra,Burglary,74,121030,Foggy,6,6.01,9,19.0596,72.8295,Low,17-02-2026
Pune,Wakad,Cyber Crime,96,56391,Foggy,99,9.55,1,18.5975,73.7637,Medium,10-12-2025
Nashik,Gangapur Road,Robbery,181,120525,Cloudy,206,14.97,4,20.011,73.75,High,23-10-2025
Chhatrapati Sambhajinagar,Osmanpura,Cyber Crime,225,177317,Foggy,201,12.52,10,19.87,75.33,High,24-03-2026
Mumbai,Bandra,Burglary,145,197250,Cloudy,117,11.22,10,19.0596,72.8295,Medium,18-05-2026
Nagpur,Sadar,Assault,161,72423,Cloudy,172,7.87,12,21.1642,79.0821,High,04-11-2025
Nashik,CIDCO,Cyber Crime,124,154465,Foggy,95,13.66,2,19.9667,73.7667,Medium,04-01-2025
Pune,Baner,Fraud,242,134775,Foggy,171,12.24,12,18.559,73.7868,High,09-02-2024
Nashik,Nashik Road,Cyber Crime,69,113339,Foggy,151,11.46,7,19.9975,73.7898,Low,22-03-2026
Pune,Baner,Assault,51,166609,Cloudy,128,6.79,11,18.559,73.7868,Low,01-01-2024
Mumbai,Andheri,Theft,48,61055,Sunny,126,12.71,4,19.1136,72.8697,Low,17-10-2025
Nagpur,Lakadganj,Theft,38,73503,Sunny,15,6.08,7,21.1505,79.1155,Low,17-03-2025
Chhatrapati Sambhajinagar,Aurangpura,Theft,28,150277,Foggy,148,3.28,8,19.8762,75.3433,Low,31-03-2026
Nashik,Gangapur Road,Assault,56,97207,Foggy,132,8.39,5,20.011,73.75,Low,02-08-2024
Nashik,Nashik Road,Cyber Crime,202,71140,Rainy,168,2.96,5,19.9975,73.7898,High,27-11-2025
Nagpur,Shankar Nagar,Theft,36,83151,Rainy,196,7.8,6,21.127,79.06,Low,20-04-2026
Nagpur,Jaripatka,Cyber Crime,84,31228,Cloudy,217,9.4,3,21.1801,79.0955,Medium,03-03-2024
Nashik,Nashik Road,Robbery,247,144358,Rainy,134,14.04,10,19.9975,73.7898,High,31-08-2024
Mumbai,Borivali,Theft,44,123815,Cloudy,145,3.75,9,19.2307,72.8567,Low,01-04-2024
Nagpur,Shankar Nagar,Theft,126,43821,Rainy,16,5.29,2,21.127,79.06,Medium,24-03-2025
Chhatrapati Sambhajinagar,Osmanpura,Assault,173,105054,Cloudy,203,2.69,1,19.87,75.33,High,05-03-2025
Mumbai,Colaba,Cyber Crime,67,155391,Cloudy,134,9,7,18.9067,72.8147,Low,06-11-2024
Nashik,CIDCO,Assault,19,187055,Foggy,114,10.96,12,19.9667,73.7667,Low,30-06-2025
Pune,Wakad,Cyber Crime,208,168411,Foggy,177,6.84,5,18.5975,73.7637,High,01-01-2026
Nagpur,Jaripatka,Assault,228,177057,Sunny,198,14.05,5,21.1801,79.0955,High,07-09-2024
Chhatrapati Sambhajinagar,Osmanpura,Burglary,44,52536,Cloudy,59,9.64,12,19.87,75.33,Low,14-07-2025
Mumbai,Colaba,Fraud,125,81330,Sunny,210,3.7,1,18.9067,72.8147,Medium,17-04-2025
Pune,Kothrud,Theft,239,28869,Sunny,183,11.37,10,18.5074,73.8077,High,12-02-2026
Chhatrapati Sambhajinagar,Aurangpura,Assault,67,132264,Cloudy,88,14.47,4,19.8762,75.3433,Low,03-02-2026
Nagpur,Shankar Nagar,Cyber Crime,24,127781,Rainy,152,6.87,6,21.127,79.06,Low,28-03-2024
Nashik,Nashik Road,Assault,200,56195,Foggy,81,9.78,3,19.9975,73.7898,High,01-11-2024
Pune,Shivaji Nagar,Theft,179,128136,Rainy,143,4.18,5,18.5308,73.8475,High,13-02-2026
Pune,Kothrud,Fraud,225,123349,Cloudy,153,14.17,2,18.5074,73.8077,High,27-08-2024
Nagpur,Civil Lines,Burglary,134,43539,Foggy,61,2.37,10,21.153,79.072,Medium,22-06-2025
Nagpur,Dharampeth,Burglary,94,181771,Foggy,30,10.4,11,21.129,79.0588,Medium,07-09-2025
Chhatrapati Sambhajinagar,CIDCO,Fraud,192,43103,Foggy,75,12.55,2,19.889,75.32,High,02-04-2025
Chhatrapati Sambhajinagar,Osmanpura,Burglary,212,151121,Rainy,51,4.47,4,19.87,75.33,High,30-11-2025
Chhatrapati Sambhajinagar,Aurangpura,Assault,107,54593,Cloudy,21,5.28,1,19.8762,75.3433,Medium,15-01-2024
Chhatrapati Sambhajinagar,Aurangpura,Cyber Crime,72,158835,Rainy,120,13.69,3,19.8762,75.3433,Low,05-09-2024
Chhatrapati Sambhajinagar,Aurangpura,Theft,130,160968,Rainy,75,7.31,3,19.8762,75.3433,Medium,18-03-2024
Nashik,Gangapur Road,Fraud,41,138837,Cloudy,126,7.82,2,20.011,73.75,Low,07-11-2024
Chhatrapati Sambhajinagar,Aurangpura,Fraud,31,76076,Sunny,77,6.6,12,19.8762,75.3433,Low,14-02-2026
Nagpur,Sadar,Theft,76,39444,Rainy,198,10.74,9,21.1642,79.0821,Medium,06-12-2024
Pune,Shivaji Nagar,Burglary,16,81004,Rainy,191,2.86,11,18.5308,73.8475,Low,03-07-2024
Pune,Baner,Fraud,111,134780,Sunny,106,12.8,12,18.559,73.7868,Medium,07-10-2025
Chhatrapati Sambhajinagar,CIDCO,Cyber Crime,58,171837,Rainy,184,10.69,11,19.889,75.32,Low,29-11-2024
Nagpur,Civil Lines,Assault,48,92535,Rainy,155,14.11,2,21.153,79.072,Low,19-07-2024
Mumbai,Bandra,Assault,140,138561,Foggy,71,10.79,7,19.0596,72.8295,Medium,21-05-2026
Nashik,Gangapur Road,Robbery,217,127488,Rainy,27,4.98,6,20.011,73.75,High,13-10-2025
Nagpur,Lakadganj,Robbery,25,64415,Cloudy,40,10.28,12,21.1505,79.1155,Low,03-12-2025
Nagpur,Dharampeth,Assault,143,47846,Foggy,20,8.83,7,21.129,79.0588,Medium,03-06-2024
Pune,Shivaji Nagar,Burglary,18,163901,Cloudy,72,10.04,12,18.5308,73.8475,Low,08-03-2024
Chhatrapati Sambhajinagar,Osmanpura,Cyber Crime,96,183623,Rainy,47,8.58,12,19.87,75.33,Medium,07-04-2026
Chhatrapati Sambhajinagar,CIDCO,Fraud,206,28297,Rainy,64,4.23,3,19.889,75.32,High,31-08-2025
Nashik,Nashik Road,Assault,132,66590,Foggy,44,3.12,8,19.9975,73.7898,Medium,08-04-2025
Pune,Baner,Fraud,161,170175,Cloudy,23,9.47,7,18.559,73.7868,High,10-06-2025
Mumbai,Powai,Burglary,105,35264,Foggy,166,12.16,9,19.1176,72.906,Medium,27-11-2024
Mumbai,Bandra,Theft,184,32727,Cloudy,185,5.56,5,19.0596,72.8295,High,06-01-2026
Pune,Kothrud,Assault,113,186848,Rainy,101,5.8,12,18.5074,73.8077,Medium,22-01-2026
Mumbai,Bandra,Robbery,235,88619,Sunny,186,12.61,3,19.0596,72.8295,High,09-08-2025
Pune,Hinjewadi,Burglary,94,163109,Cloudy,127,10.52,8,18.5912,73.7389,Medium,03-12-2025
Mumbai,Powai,Theft,142,88180,Foggy,122,12.13,11,19.1176,72.906,Medium,05-08-2024
Pune,Kothrud,Robbery,194,182319,Sunny,95,10.01,7,18.5074,73.8077,High,26-10-2025
Pune,Hadapsar,Cyber Crime,238,51157,Rainy,55,12.38,12,18.5089,73.9259,High,01-06-2024
Chhatrapati Sambhajinagar,Osmanpura,Theft,227,61920,Cloudy,204,2.82,8,19.87,75.33,High,09-01-2026
Mumbai,Andheri,Theft,110,196282,Foggy,205,9.9,10,19.1136,72.8697,Medium,25-09-2025
Pune,Hadapsar,Burglary,207,153415,Cloudy,192,7.48,11,18.5089,73.9259,High,22-10-2025
Nashik,Gangapur Road,Cyber Crime,100,113017,Foggy,213,14.29,2,20.011,73.75,Medium,11-11-2025
Pune,Hinjewadi,Fraud,18,106201,Cloudy,154,6.76,12,18.5912,73.7389,Low,31-07-2025
Nagpur,Lakadganj,Fraud,243,64230,Cloudy,174,12.45,4,21.1505,79.1155,High,16-04-2025
Pune,Wakad,Robbery,231,61543,Sunny,167,7.31,7,18.5975,73.7637,High,11-11-2025
Chhatrapati Sambhajinagar,Aurangpura,Robbery,114,131206,Cloudy,74,5.43,11,19.8762,75.3433,Medium,25-06-2024
Nashik,CIDCO,Robbery,108,185304,Rainy,166,6.73,3,19.9667,73.7667,Medium,08-05-2026
Chhatrapati Sambhajinagar,CIDCO,Assault,176,26926,Cloudy,100,14.5,3,19.889,75.32,High,22-09-2025
Nashik,CIDCO,Burglary,223,188440,Foggy,177,12.56,6,19.9667,73.7667,High,03-03-2024
Nashik,CIDCO,Theft,122,32257,Foggy,197,9.3,3,19.9667,73.7667,Medium,22-11-2025
Mumbai,Andheri,Burglary,149,155120,Rainy,7,14.69,7,19.1136,72.8697,Medium,04-10-2025
Mumbai,Powai,Cyber Crime,199,54245,Cloudy,110,6.47,3,19.1176,72.906,High,16-01-2026
Mumbai,Andheri,Theft,187,193568,Sunny,34,12.8,6,19.1136,72.8697,High,18-08-2025
Mumbai,Borivali,Theft,200,187022,Cloudy,189,14.04,4,19.2307,72.8567,High,02-03-2026
Mumbai,Powai,Burglary,232,30016,Cloudy,179,10.79,2,19.1176,72.906,High,30-11-2024
Nashik,Gangapur Road,Theft,119,172292,Sunny,116,8.94,7,20.011,73.75,Medium,02-05-2024
Nashik,Gangapur Road,Fraud,204,103058,Cloudy,88,9.89,6,20.011,73.75,High,10-11-2025
Nagpur,Sadar,Theft,182,152427,Rainy,94,9.15,8,21.1642,79.0821,High,28-01-2024
Pune,Hadapsar,Fraud,174,110324,Rainy,16,7.25,5,18.5089,73.9259,High,07-05-2025
Nashik,Nashik Road,Theft,89,112500,Rainy,120,10.36,5,19.9975,73.7898,Medium,19-05-2025
Chhatrapati Sambhajinagar,Aurangpura,Fraud,145,187357,Cloudy,30,4.6,6,19.8762,75.3433,Medium,31-03-2024
Pune,Wakad,Robbery,125,98358,Cloudy,141,7.54,4,18.5975,73.7637,Medium,25-02-2025
Mumbai,Bandra,Theft,89,190420,Sunny,96,9.34,2,19.0596,72.8295,Medium,27-10-2025
Nashik,Nashik Road,Assault,112,171765,Foggy,106,6.18,6,19.9975,73.7898,Medium,27-04-2025
Chhatrapati Sambhajinagar,Osmanpura,Robbery,70,140131,Rainy,159,14.01,6,19.87,75.33,Low,08-08-2024
Nashik,Gangapur Road,Robbery,127,196930,Cloudy,115,5.19,5,20.011,73.75,Medium,18-11-2025
Pune,Hinjewadi,Fraud,225,84201,Sunny,21,14.8,9,18.5912,73.7389,High,09-07-2025
Mumbai,Powai,Robbery,235,132876,Cloudy,97,8.37,8,19.1176,72.906,High,11-07-2025
Mumbai,Dadar,Burglary,48,37343,Cloudy,61,12.86,6,19.0178,72.8478,Low,13-02-2026
Chhatrapati Sambhajinagar,Aurangpura,Assault,205,48625,Cloudy,143,6.09,11,19.8762,75.3433,High,13-07-2024
Pune,Kothrud,Assault,21,115191,Cloudy,113,14.44,6,18.5074,73.8077,Low,15-04-2026
Nashik,CIDCO,Burglary,130,165368,Rainy,92,13.65,7,19.9667,73.7667,Medium,27-11-2025
Pune,Hadapsar,Cyber Crime,171,60006,Rainy,163,11.66,6,18.5089,73.9259,High,11-04-2025
Nagpur,Shankar Nagar,Burglary,73,191347,Cloudy,198,13.79,3,21.127,79.06,Low,18-03-2026
Nagpur,Shankar Nagar,Robbery,195,160631,Sunny,179,13.97,4,21.127,79.06,High,29-03-2026
Nashik,CIDCO,Cyber Crime,58,144460,Foggy,7,13.92,6,19.9667,73.7667,Low,11-06-2024
Nagpur,Jaripatka,Burglary,37,109417,Cloudy,133,3.62,8,21.1801,79.0955,Low,13-01-2026
Chhatrapati Sambhajinagar,Osmanpura,Assault,240,152649,Foggy,91,3.37,10,19.87,75.33,High,06-04-2024
Mumbai,Powai,Assault,194,193826,Rainy,66,4.39,10,19.1176,72.906,High,08-04-2025
Nashik,Gangapur Road,Assault,172,110149,Sunny,197,11.6,7,20.011,73.75,High,08-10-2025
Mumbai,Borivali,Fraud,153,196320,Cloudy,182,5.46,7,19.2307,72.8567,High,26-01-2025
Nashik,CIDCO,Burglary,237,40041,Foggy,72,6.79,11,19.9667,73.7667,High,17-05-2026
Nashik,CIDCO,Assault,64,135254,Cloudy,72,12.36,12,19.9667,73.7667,Low,26-08-2024
Nashik,Nashik Road,Assault,232,80598,Cloudy,52,7.35,5,19.9975,73.7898,High,08-11-2024
Pune,Hinjewadi,Fraud,216,152648,Foggy,109,11.89,8,18.5912,73.7389,High,19-10-2025
Nashik,Nashik Road,Cyber Crime,135,74737,Foggy,184,3,8,19.9975,73.7898,Medium,28-02-2026
Pune,Hinjewadi,Robbery,129,104741,Foggy,35,11.71,5,18.5912,73.7389,Medium,15-11-2024
Chhatrapati Sambhajinagar,Aurangpura,Fraud,30,82491,Cloudy,190,10.07,4,19.8762,75.3433,Low,05-10-2024
Pune,Baner,Theft,135,125125,Foggy,161,5.22,2,18.559,73.7868,Medium,22-01-2026
Nashik,Gangapur Road,Theft,11,85557,Foggy,87,2.25,11,20.011,73.75,Low,27-07-2025
Pune,Shivaji Nagar,Robbery,149,166156,Sunny,86,13.86,5,18.5308,73.8475,Medium,28-04-2024
Pune,Hadapsar,Fraud,138,194156,Foggy,140,14.97,12,18.5089,73.9259,Medium,08-04-2025
Nagpur,Dharampeth,Assault,182,108273,Cloudy,133,12.67,7,21.129,79.0588,High,30-11-2025
Chhatrapati Sambhajinagar,CIDCO,Cyber Crime,141,124164,Rainy,54,14.2,7,19.889,75.32,Medium,02-04-2024
Chhatrapati Sambhajinagar,CIDCO,Robbery,230,98000,Sunny,32,6.46,9,19.889,75.32,High,13-05-2026
Pune,Hinjewadi,Fraud,66,80298,Foggy,179,14.66,4,18.5912,73.7389,Low,30-12-2025
Nagpur,Shankar Nagar,Theft,28,29519,Cloudy,100,3.14,11,21.127,79.06,Low,23-06-2025
Mumbai,Dadar,Fraud,203,168489,Cloudy,191,10.84,8,19.0178,72.8478,High,13-03-2025
Nagpur,Dharampeth,Robbery,105,80540,Foggy,123,13.35,6,21.129,79.0588,Medium,30-11-2025
Nashik,CIDCO,Theft,58,169839,Sunny,151,13.36,2,19.9667,73.7667,Low,16-02-2024
Chhatrapati Sambhajinagar,CIDCO,Burglary,233,122479,Foggy,212,14.49,6,19.889,75.32,High,10-06-2025
Pune,Wakad,Fraud,205,175550,Cloudy,111,5.96,12,18.5975,73.7637,High,02-04-2025
Mumbai,Bandra,Fraud,114,28361,Rainy,179,10.33,7,19.0596,72.8295,Medium,23-11-2025
Nagpur,Civil Lines,Theft,178,97453,Rainy,210,11.41,5,21.153,79.072,High,01-04-2025
Mumbai,Bandra,Robbery,132,79772,Rainy,191,14.1,12,19.0596,72.8295,Medium,21-10-2024
Mumbai,Andheri,Assault,68,80043,Cloudy,219,9.92,1,19.1136,72.8697,Low,22-05-2025
Nagpur,Lakadganj,Burglary,236,77288,Rainy,7,9.34,12,21.1505,79.1155,High,23-06-2024
Nagpur,Shankar Nagar,Burglary,246,88796,Rainy,132,12.52,12,21.127,79.06,High,17-05-2025
Mumbai,Colaba,Fraud,236,50207,Rainy,52,8.28,12,18.9067,72.8147,High,27-04-2026
Chhatrapati Sambhajinagar,Osmanpura,Cyber Crime,76,140113,Cloudy,31,4.34,9,19.87,75.33,Medium,20-02-2024
Mumbai,Powai,Burglary,84,28798,Rainy,44,14.97,12,19.1176,72.906,Medium,24-11-2024
Chhatrapati Sambhajinagar,CIDCO,Burglary,92,38081,Cloudy,154,6.18,7,19.889,75.32,Medium,01-10-2025
Mumbai,Dadar,Theft,208,72151,Rainy,6,6.95,8,19.0178,72.8478,High,16-02-2025
Pune,Wakad,Cyber Crime,74,87856,Foggy,199,7.48,6,18.5975,73.7637,Low,20-02-2026
Chhatrapati Sambhajinagar,CIDCO,Cyber Crime,243,49348,Foggy,186,10.68,1,19.889,75.32,High,02-08-2024
Chhatrapati Sambhajinagar,Aurangpura,Fraud,15,32878,Cloudy,220,4.83,7,19.8762,75.3433,Low,07-01-2024
Mumbai,Borivali,Fraud,206,91187,Rainy,144,10.09,11,19.2307,72.8567,High,17-12-2025
Chhatrapati Sambhajinagar,Aurangpura,Burglary,92,158750,Cloudy,60,4.22,3,19.8762,75.3433,Medium,31-05-2026
Pune,Shivaji Nagar,Assault,54,155184,Foggy,138,14.32,2,18.5308,73.8475,Low,08-08-2024
Chhatrapati Sambhajinagar,Aurangpura,Assault,25,199659,Rainy,77,9.07,8,19.8762,75.3433,Low,02-04-2026
Chhatrapati Sambhajinagar,Osmanpura,Fraud,184,75028,Rainy,8,6,1,19.87,75.33,High,04-05-2025
Nagpur,Lakadganj,Fraud,230,80889,Rainy,162,2.13,5,21.1505,79.1155,High,26-09-2025
Nashik,CIDCO,Robbery,182,164680,Rainy,86,13.6,6,19.9667,73.7667,High,28-05-2025
Nagpur,Lakadganj,Fraud,73,69613,Foggy,124,13.2,11,21.1505,79.1155,Low,07-01-2025
Chhatrapati Sambhajinagar,Aurangpura,Burglary,199,111166,Foggy,147,12.92,10,19.8762,75.3433,High,15-08-2025
Pune,Baner,Cyber Crime,31,74260,Sunny,194,5.32,4,18.559,73.7868,Low,08-05-2024
Nagpur,Jaripatka,Theft,81,121138,Foggy,30,14.86,7,21.1801,79.0955,Medium,30-08-2024
Chhatrapati Sambhajinagar,CIDCO,Robbery,124,90238,Sunny,174,6.16,4,19.889,75.32,Medium,12-06-2024
Nagpur,Dharampeth,Burglary,12,179707,Sunny,35,3.6,7,21.129,79.0588,Low,24-12-2025
Mumbai,Dadar,Theft,18,51547,Sunny,211,6.49,3,19.0178,72.8478,Low,20-09-2025
Mumbai,Powai,Robbery,161,146550,Foggy,23,14.9,1,19.1176,72.906,High,29-02-2024
Chhatrapati Sambhajinagar,Aurangpura,Assault,150,198464,Rainy,220,14.08,3,19.8762,75.3433,Medium,15-11-2025
Chhatrapati Sambhajinagar,CIDCO,Fraud,156,78811,Rainy,183,6.34,1,19.889,75.32,High,30-10-2025
Chhatrapati Sambhajinagar,Aurangpura,Assault,188,135269,Foggy,142,10.45,9,19.8762,75.3433,High,10-02-2024
Nagpur,Civil Lines,Assault,200,196210,Cloudy,87,12.54,3,21.153,79.072,High,03-05-2026
Chhatrapati Sambhajinagar,Aurangpura,Assault,231,75668,Sunny,129,13.96,8,19.8762,75.3433,High,24-03-2024
Pune,Shivaji Nagar,Assault,96,75473,Sunny,24,7.39,5,18.5308,73.8475,Medium,23-04-2024
Nashik,CIDCO,Robbery,47,148777,Sunny,18,10.03,2,19.9667,73.7667,Low,06-04-2026
Chhatrapati Sambhajinagar,Aurangpura,Fraud,226,193004,Rainy,8,12.28,11,19.8762,75.3433,High,13-03-2024
Pune,Hadapsar,Robbery,217,89727,Cloudy,143,4.59,11,18.5089,73.9259,High,10-04-2025
Nagpur,Sadar,Burglary,248,56675,Foggy,159,7.54,1,21.1642,79.0821,High,12-11-2024
Chhatrapati Sambhajinagar,CIDCO,Fraud,159,141114,Cloudy,55,10.54,3,19.889,75.32,High,04-09-2025
Nagpur,Jaripatka,Theft,133,65569,Sunny,6,3.27,3,21.1801,79.0955,Medium,26-03-2025
Nashik,Nashik Road,Burglary,21,58518,Foggy,21,12.52,10,19.9975,73.7898,Low,03-08-2024
Chhatrapati Sambhajinagar,Aurangpura,Theft,109,127722,Sunny,98,12.54,2,19.8762,75.3433,Medium,29-10-2024
Nashik,CIDCO,Assault,19,48744,Cloudy,37,8.2,5,19.9667,73.7667,Low,13-10-2025
Mumbai,Bandra,Assault,146,170294,Foggy,51,10.13,4,19.0596,72.8295,Medium,08-06-2026
Mumbai,Borivali,Fraud,195,151927,Rainy,153,9.62,7,19.2307,72.8567,High,26-12-2024
Nagpur,Jaripatka,Assault,147,80566,Sunny,21,2.67,12,21.1801,79.0955,Medium,05-11-2024
Pune,Baner,Assault,46,81056,Cloudy,170,7.33,2,18.559,73.7868,Low,22-02-2024
Pune,Shivaji Nagar,Robbery,155,161214,Sunny,187,7.23,4,18.5308,73.8475,High,09-03-2024
Pune,Baner,Burglary,130,26972,Rainy,168,13.17,12,18.559,73.7868,Medium,28-09-2024
Nagpur,Sadar,Fraud,185,188514,Foggy,218,5.49,6,21.1642,79.0821,High,11-05-2025
Mumbai,Bandra,Theft,211,118299,Sunny,103,9.85,9,19.0596,72.8295,High,22-04-2026
Nashik,CIDCO,Robbery,77,41507,Rainy,66,7.57,8,19.9667,73.7667,Medium,17-12-2025
Pune,Hadapsar,Burglary,69,154460,Sunny,129,3.51,1,18.5089,73.9259,Low,24-04-2024
Chhatrapati Sambhajinagar,CIDCO,Robbery,18,133103,Cloudy,25,13.52,12,19.889,75.32,Low,15-10-2024
Nashik,CIDCO,Theft,178,76812,Foggy,34,7.27,5,19.9667,73.7667,High,13-07-2024
Pune,Shivaji Nagar,Cyber Crime,166,183532,Sunny,114,9.59,9,18.5308,73.8475,High,26-05-2026
Nagpur,Sadar,Assault,116,139855,Foggy,115,11.8,7,21.1642,79.0821,Medium,26-02-2026
Chhatrapati Sambhajinagar,Aurangpura,Robbery,97,190745,Cloudy,218,6.7,3,19.8762,75.3433,Medium,02-10-2024
Nashik,Gangapur Road,Robbery,116,179971,Rainy,165,2.56,4,20.011,73.75,Medium,05-06-2026
Mumbai,Dadar,Cyber Crime,10,91652,Rainy,5,8.59,8,19.0178,72.8478,Low,18-03-2025
Nashik,Gangapur Road,Burglary,143,75324,Cloudy,207,7.42,4,20.011,73.75,Medium,15-10-2025
Chhatrapati Sambhajinagar,Osmanpura,Robbery,246,156900,Rainy,145,11.78,6,19.87,75.33,High,14-01-2026
Nashik,Gangapur Road,Assault,10,33041,Foggy,177,14.96,9,20.011,73.75,Low,10-03-2024
Mumbai,Andheri,Burglary,124,70543,Sunny,16,5.03,12,19.1136,72.8697,Medium,14-08-2024
Chhatrapati Sambhajinagar,CIDCO,Assault,191,140588,Cloudy,197,8.74,5,19.889,75.32,High,04-04-2024
Nashik,Nashik Road,Robbery,183,143601,Rainy,75,4.02,10,19.9975,73.7898,High,12-05-2024
Nashik,CIDCO,Robbery,187,25656,Foggy,17,10.14,10,19.9667,73.7667,High,06-03-2026
Nashik,CIDCO,Cyber Crime,122,35292,Cloudy,38,13.75,1,19.9667,73.7667,Medium,23-07-2025
Pune,Baner,Cyber Crime,73,179085,Foggy,89,11.83,10,18.559,73.7868,Low,09-04-2024
Mumbai,Colaba,Assault,22,112844,Cloudy,23,2.19,2,18.9067,72.8147,Low,06-01-2026
Chhatrapati Sambhajinagar,CIDCO,Fraud,65,116433,Rainy,151,12.83,8,19.889,75.32,Low,13-05-2026
Nagpur,Dharampeth,Assault,93,169212,Foggy,134,12,11,21.129,79.0588,Medium,09-03-2025
Mumbai,Dadar,Fraud,204,74189,Rainy,86,12.4,4,19.0178,72.8478,High,04-03-2024
Nashik,CIDCO,Burglary,120,132953,Rainy,77,14.96,2,19.9667,73.7667,Medium,05-03-2025
Nagpur,Sadar,Assault,209,167437,Foggy,78,7.97,8,21.1642,79.0821,High,10-03-2025
Nagpur,Dharampeth,Fraud,135,97942,Sunny,196,2.98,11,21.129,79.0588,Medium,03-10-2024
Nagpur,Sadar,Cyber Crime,162,52099,Rainy,56,2.8,7,21.1642,79.0821,High,19-07-2025
Nagpur,Shankar Nagar,Cyber Crime,13,56330,Cloudy,193,5.02,1,21.127,79.06,Low,29-03-2024
Chhatrapati Sambhajinagar,Aurangpura,Cyber Crime,55,50996,Cloudy,144,2.37,4,19.8762,75.3433,Low,12-11-2025
Chhatrapati Sambhajinagar,Aurangpura,Robbery,205,76345,Sunny,147,3.85,5,19.8762,75.3433,High,16-08-2025
Nagpur,Civil Lines,Robbery,34,126995,Cloudy,183,8.29,7,21.153,79.072,Low,22-06-2025
Pune,Shivaji Nagar,Theft,50,94647,Cloudy,148,8.87,12,18.5308,73.8475,Low,20-09-2025
Mumbai,Powai,Robbery,233,111631,Foggy,93,11.83,1,19.1176,72.906,High,21-10-2025
Nagpur,Lakadganj,Robbery,20,49336,Sunny,142,10.54,11,21.1505,79.1155,Low,10-11-2025
Nagpur,Shankar Nagar,Robbery,106,184325,Rainy,193,9.73,12,21.127,79.06,Medium,09-05-2025
Chhatrapati Sambhajinagar,Osmanpura,Theft,60,144818,Foggy,127,10.14,3,19.87,75.33,Low,24-12-2024
Nashik,Gangapur Road,Cyber Crime,26,47709,Sunny,197,2.24,9,20.011,73.75,Low,12-03-2026
Mumbai,Colaba,Cyber Crime,157,165946,Rainy,157,4.44,3,18.9067,72.8147,High,10-11-2024
Chhatrapati Sambhajinagar,Osmanpura,Assault,167,163759,Cloudy,150,4.64,7,19.87,75.33,High,09-07-2025
Nashik,Nashik Road,Assault,29,76025,Sunny,86,10.46,6,19.9975,73.7898,Low,21-01-2024
Nagpur,Lakadganj,Assault,150,187518,Sunny,156,9.95,8,21.1505,79.1155,Medium,05-12-2025
Mumbai,Colaba,Robbery,203,107548,Rainy,164,4.47,8,18.9067,72.8147,High,10-05-2026
Nashik,CIDCO,Robbery,195,123980,Sunny,59,12.81,9,19.9667,73.7667,High,11-08-2024
Chhatrapati Sambhajinagar,Aurangpura,Fraud,184,194174,Sunny,42,11.3,2,19.8762,75.3433,High,17-06-2024
Mumbai,Andheri,Fraud,44,120409,Rainy,213,7.24,9,19.1136,72.8697,Low,25-12-2025
Mumbai,Powai,Theft,193,25243,Cloudy,78,5.71,11,19.1176,72.906,High,19-05-2026
Nashik,Nashik Road,Assault,119,111611,Foggy,102,6.86,4,19.9975,73.7898,Medium,13-06-2025
Pune,Baner,Fraud,99,176836,Cloudy,58,14.02,7,18.559,73.7868,Medium,21-01-2026
Nagpur,Dharampeth,Robbery,76,170359,Rainy,163,7.64,10,21.129,79.0588,Medium,06-10-2025
Mumbai,Powai,Burglary,195,131726,Rainy,22,6.04,8,19.1176,72.906,High,30-12-2024
Nagpur,Dharampeth,Cyber Crime,167,168938,Foggy,49,4.7,4,21.129,79.0588,High,19-01-2025
Nagpur,Shankar Nagar,Cyber Crime,63,193123,Rainy,206,11.48,12,21.127,79.06,Low,01-11-2025
Pune,Shivaji Nagar,Assault,28,67541,Rainy,182,3.13,4,18.5308,73.8475,Low,01-06-2026
Nashik,CIDCO,Fraud,71,128710,Sunny,47,2.23,2,19.9667,73.7667,Low,25-06-2025
Pune,Shivaji Nagar,Theft,42,155831,Sunny,199,13.7,6,18.5308,73.8475,Low,22-01-2024
Mumbai,Powai,Fraud,132,30878,Foggy,132,10.69,3,19.1176,72.906,Medium,29-06-2025
Mumbai,Andheri,Burglary,130,132020,Foggy,16,7.9,12,19.1136,72.8697,Medium,07-11-2025
Chhatrapati Sambhajinagar,CIDCO,Fraud,224,28792,Rainy,38,12.32,2,19.889,75.32,High,07-04-2025
Nagpur,Lakadganj,Theft,152,199425,Rainy,174,11.2,12,21.1505,79.1155,High,08-09-2025
Nashik,Gangapur Road,Theft,52,36194,Foggy,147,2.81,3,20.011,73.75,Low,19-02-2026
Nashik,Gangapur Road,Assault,144,164549,Sunny,17,12.79,3,20.011,73.75,Medium,03-06-2024
Mumbai,Bandra,Robbery,208,146834,Foggy,154,8.21,4,19.0596,72.8295,High,14-04-2025
Nagpur,Civil Lines,Burglary,78,108632,Rainy,79,4.21,7,21.153,79.072,Medium,04-06-2024
Nashik,Gangapur Road,Fraud,201,121417,Cloudy,193,9.24,7,20.011,73.75,High,03-02-2024
Nagpur,Shankar Nagar,Burglary,199,196321,Sunny,187,8.28,10,21.127,79.06,High,26-12-2024
Nagpur,Civil Lines,Burglary,239,108065,Rainy,61,8.61,1,21.153,79.072,High,26-04-2025
Nagpur,Shankar Nagar,Theft,114,35076,Cloudy,83,3,5,21.127,79.06,Medium,26-04-2024
Mumbai,Colaba,Assault,34,128199,Cloudy,27,14.64,9,18.9067,72.8147,Low,21-12-2024
Chhatrapati Sambhajinagar,Osmanpura,Fraud,80,163919,Sunny,52,10.81,2,19.87,75.33,Medium,30-08-2025
Mumbai,Powai,Assault,137,135164,Cloudy,140,2.36,1,19.1176,72.906,Medium,30-01-2026
Mumbai,Borivali,Theft,211,76536,Sunny,114,12.1,11,19.2307,72.8567,High,28-01-2026
Pune,Wakad,Fraud,192,126743,Rainy,179,12.28,5,18.5975,73.7637,High,16-09-2024
Chhatrapati Sambhajinagar,Aurangpura,Robbery,238,155946,Cloudy,60,5.19,4,19.8762,75.3433,High,21-12-2024
Nagpur,Civil Lines,Robbery,158,89460,Foggy,139,6.66,12,21.153,79.072,High,20-03-2024
Nashik,CIDCO,Fraud,34,174663,Rainy,112,3.95,1,19.9667,73.7667,Low,12-10-2024
Nashik,Nashik Road,Burglary,56,143626,Sunny,94,14.37,2,19.9975,73.7898,Low,03-07-2024
Nagpur,Sadar,Robbery,188,187020,Foggy,93,10.76,8,21.1642,79.0821,High,14-01-2024
Pune,Hinjewadi,Robbery,235,176967,Cloudy,44,2.48,12,18.5912,73.7389,High,17-05-2025
Mumbai,Colaba,Cyber Crime,97,36266,Cloudy,169,14.56,1,18.9067,72.8147,Medium,15-03-2026
Chhatrapati Sambhajinagar,CIDCO,Fraud,42,193292,Sunny,213,4.29,2,19.889,75.32,Low,20-05-2024
Chhatrapati Sambhajinagar,CIDCO,Robbery,236,116732,Foggy,152,10.37,1,19.889,75.32,High,16-04-2024
Nagpur,Dharampeth,Fraud,140,117795,Cloudy,115,13.29,9,21.129,79.0588,Medium,04-04-2024
Nagpur,Lakadganj,Fraud,28,43160,Rainy,145,10.29,9,21.1505,79.1155,Low,25-05-2024
Pune,Kothrud,Theft,34,126942,Cloudy,81,8.91,2,18.5074,73.8077,Low,10-04-2024
Chhatrapati Sambhajinagar,Osmanpura,Fraud,153,177584,Cloudy,13,2.34,1,19.87,75.33,High,04-05-2026
Mumbai,Borivali,Cyber Crime,200,94317,Sunny,202,8.65,1,19.2307,72.8567,High,02-05-2026
Pune,Hinjewadi,Fraud,24,125526,Foggy,140,7.5,11,18.5912,73.7389,Low,01-10-2024
Nagpur,Shankar Nagar,Robbery,74,171098,Sunny,130,12.99,5,21.127,79.06,Low,10-07-2025
Nagpur,Lakadganj,Cyber Crime,66,70975,Cloudy,87,10.62,8,21.1505,79.1155,Low,02-12-2025
Chhatrapati Sambhajinagar,Osmanpura,Assault,78,181643,Cloudy,146,6.01,2,19.87,75.33,Medium,05-12-2024
Nagpur,Dharampeth,Assault,96,44492,Foggy,216,10.61,4,21.129,79.0588,Medium,12-05-2026
Nashik,Gangapur Road,Fraud,11,124716,Cloudy,209,2.7,12,20.011,73.75,Low,02-02-2024
Pune,Hinjewadi,Robbery,162,172749,Sunny,166,3.47,1,18.5912,73.7389,High,26-04-2024
Pune,Wakad,Cyber Crime,154,167172,Cloudy,194,14.62,2,18.5975,73.7637,High,03-07-2024
Nagpur,Civil Lines,Burglary,94,144669,Cloudy,141,8.35,11,21.153,79.072,Medium,10-04-2026
Nashik,CIDCO,Burglary,210,147019,Sunny,113,9.48,5,19.9667,73.7667,High,10-09-2025
Chhatrapati Sambhajinagar,CIDCO,Robbery,192,41335,Sunny,167,9.87,5,19.889,75.32,High,04-05-2025
Mumbai,Borivali,Cyber Crime,113,132617,Rainy,88,10.57,4,19.2307,72.8567,Medium,19-07-2025
Pune,Baner,Fraud,126,55996,Sunny,162,2.61,5,18.559,73.7868,Medium,02-04-2025
Pune,Kothrud,Assault,209,138392,Cloudy,63,11.21,10,18.5074,73.8077,High,18-05-2025
Nashik,Gangapur Road,Assault,39,35315,Cloudy,219,4.21,2,20.011,73.75,Low,08-03-2024
Nashik,CIDCO,Fraud,167,169474,Sunny,7,7.94,9,19.9667,73.7667,High,13-09-2024
Nagpur,Sitabuldi,Robbery,80,194261,Sunny,112,2.92,4,21.1458,79.0882,Medium,26-01-2026
Pune,Hadapsar,Theft,160,130467,Foggy,104,10.64,2,18.5089,73.9259,High,28-12-2024
Mumbai,Bandra,Burglary,37,192333,Cloudy,184,6.97,4,19.0596,72.8295,Low,02-02-2025
Nashik,Nashik Road,Fraud,81,167314,Foggy,55,14.52,9,19.9975,73.7898,Medium,13-06-2026
Nagpur,Lakadganj,Fraud,45,150129,Cloudy,84,5.66,3,21.1505,79.1155,Low,25-07-2024
Nagpur,Sitabuldi,Burglary,162,95544,Cloudy,9,14.93,4,21.1458,79.0882,High,11-09-2025
Chhatrapati Sambhajinagar,CIDCO,Assault,14,183324,Rainy,50,12.44,1,19.889,75.32,Low,11-04-2024
Chhatrapati Sambhajinagar,Osmanpura,Burglary,231,154610,Foggy,76,2.65,3,19.87,75.33,High,24-12-2024
Pune,Hadapsar,Robbery,149,128820,Foggy,67,12.65,7,18.5089,73.9259,Medium,20-05-2024
Nashik,Nashik Road,Fraud,99,111732,Cloudy,44,12.59,8,19.9975,73.7898,Medium,25-08-2024
Pune,Kothrud,Theft,31,161510,Foggy,175,2.15,12,18.5074,73.8077,Low,10-03-2024
Chhatrapati Sambhajinagar,CIDCO,Cyber Crime,135,97055,Rainy,88,12.46,8,19.889,75.32,Medium,26-10-2024
Pune,Wakad,Burglary,90,55465,Rainy,19,14.21,1,18.5975,73.7637,Medium,08-03-2024
Chhatrapati Sambhajinagar,CIDCO,Cyber Crime,65,114315,Foggy,180,10.39,10,19.889,75.32,Low,25-05-2025
Nagpur,Lakadganj,Cyber Crime,79,101172,Sunny,207,10.35,11,21.1505,79.1155,Medium,27-06-2024
Mumbai,Andheri,Cyber Crime,142,74697,Sunny,51,6.51,1,19.1136,72.8697,Medium,12-07-2024
Nashik,Nashik Road,Robbery,33,150783,Sunny,171,3.48,7,19.9975,73.7898,Low,19-05-2024
Chhatrapati Sambhajinagar,Osmanpura,Robbery,15,28356,Rainy,121,10.71,6,19.87,75.33,Low,21-03-2026
Nagpur,Dharampeth,Theft,45,90833,Foggy,79,9.16,5,21.129,79.0588,Low,17-05-2026
Chhatrapati Sambhajinagar,CIDCO,Burglary,246,160283,Rainy,111,10.1,10,19.889,75.32,High,13-10-2024
Mumbai,Colaba,Fraud,79,103700,Sunny,69,3.48,6,18.9067,72.8147,Medium,18-12-2024
Chhatrapati Sambhajinagar,Aurangpura,Assault,211,95351,Cloudy,167,8.08,10,19.8762,75.3433,High,20-10-2025
Nashik,CIDCO,Cyber Crime,153,184872,Rainy,182,3.72,9,19.9667,73.7667,High,06-06-2024
Nagpur,Sadar,Assault,98,63210,Sunny,108,9.79,8,21.1642,79.0821,Medium,13-03-2025
Mumbai,Borivali,Fraud,172,142915,Cloudy,160,9.86,9,19.2307,72.8567,High,06-12-2025
Chhatrapati Sambhajinagar,Osmanpura,Burglary,51,65194,Sunny,181,7.4,6,19.87,75.33,Low,15-08-2024
Pune,Wakad,Robbery,176,163565,Foggy,7,13.04,12,18.5975,73.7637,High,26-05-2025
Chhatrapati Sambhajinagar,CIDCO,Cyber Crime,60,82510,Sunny,47,8.66,11,19.889,75.32,Low,19-03-2024
Nagpur,Dharampeth,Theft,216,158376,Cloudy,78,12.19,1,21.129,79.0588,High,24-02-2026
Nagpur,Shankar Nagar,Theft,193,152419,Foggy,49,6,2,21.127,79.06,High,13-05-2024
Nagpur,Civil Lines,Cyber Crime,125,178756,Rainy,52,10.53,11,21.153,79.072,Medium,25-11-2024
Nagpur,Lakadganj,Fraud,248,161581,Sunny,6,11.29,4,21.1505,79.1155,High,04-04-2024
Chhatrapati Sambhajinagar,CIDCO,Assault,110,99075,Rainy,146,10.03,3,19.889,75.32,Medium,31-10-2025
Mumbai,Bandra,Burglary,85,119853,Foggy,215,13.75,5,19.0596,72.8295,Medium,24-08-2024
Pune,Hinjewadi,Cyber Crime,248,136445,Foggy,91,4.56,9,18.5912,73.7389,High,27-05-2025
Chhatrapati Sambhajinagar,CIDCO,Assault,10,137217,Cloudy,115,5.65,8,19.889,75.32,Low,22-03-2026
Pune,Hadapsar,Robbery,228,85976,Rainy,198,6.1,5,18.5089,73.9259,High,09-12-2025
Nashik,Nashik Road,Burglary,35,142138,Rainy,183,14.11,4,19.9975,73.7898,Low,28-11-2024
Mumbai,Dadar,Cyber Crime,111,34801,Rainy,26,10.73,2,19.0178,72.8478,Medium,03-02-2025
Pune,Hadapsar,Cyber Crime,109,145535,Cloudy,212,12.58,2,18.5089,73.9259,Medium,05-06-2026
Mumbai,Bandra,Assault,149,159766,Cloudy,22,5.93,8,19.0596,72.8295,Medium,28-01-2024
Chhatrapati Sambhajinagar,Aurangpura,Cyber Crime,83,153415,Foggy,112,2.53,6,19.8762,75.3433,Medium,01-05-2026
Mumbai,Bandra,Theft,145,188063,Sunny,210,15,8,19.0596,72.8295,Medium,29-04-2025
Nagpur,Dharampeth,Assault,42,151458,Cloudy,118,12.08,4,21.129,79.0588,Low,12-03-2026
Chhatrapati Sambhajinagar,CIDCO,Theft,234,170437,Rainy,173,14.39,12,19.889,75.32,High,27-06-2025
Mumbai,Borivali,Burglary,189,25000,Foggy,161,10.71,11,19.2307,72.8567,High,10-02-2026
Chhatrapati Sambhajinagar,CIDCO,Robbery,91,171583,Cloudy,220,5.58,8,19.889,75.32,Medium,09-03-2026
Nagpur,Civil Lines,Theft,117,118667,Sunny,166,14.91,9,21.153,79.072,Medium,14-12-2025
Mumbai,Bandra,Cyber Crime,234,182541,Rainy,173,14.02,8,19.0596,72.8295,High,19-06-2025
Mumbai,Borivali,Cyber Crime,17,124792,Sunny,104,6.27,12,19.2307,72.8567,Low,12-04-2025
Nagpur,Lakadganj,Theft,236,161247,Foggy,198,7.73,8,21.1505,79.1155,High,29-07-2024
Nagpur,Dharampeth,Cyber Crime,27,93766,Rainy,138,8.93,10,21.129,79.0588,Low,12-02-2024
Pune,Shivaji Nagar,Fraud,128,43907,Rainy,16,13.67,4,18.5308,73.8475,Medium,16-11-2024
Mumbai,Dadar,Cyber Crime,43,193486,Foggy,92,13.58,10,19.0178,72.8478,Low,27-03-2026
Pune,Shivaji Nagar,Assault,77,88698,Cloudy,18,4.69,2,18.5308,73.8475,Medium,03-10-2025
Mumbai,Borivali,Fraud,232,179442,Foggy,20,2.08,4,19.2307,72.8567,High,09-07-2025
Nagpur,Jaripatka,Robbery,41,56128,Cloudy,136,4.8,9,21.1801,79.0955,Low,12-03-2024
Chhatrapati Sambhajinagar,Osmanpura,Fraud,217,97206,Sunny,158,6.67,3,19.87,75.33,High,13-07-2025
Mumbai,Powai,Theft,92,103331,Cloudy,52,4.35,11,19.1176,72.906,Medium,26-04-2026
Nashik,CIDCO,Assault,193,102906,Sunny,71,12.27,3,19.9667,73.7667,High,15-03-2025
Nagpur,Sadar,Assault,96,166320,Sunny,211,12.32,3,21.1642,79.0821,Medium,25-01-2025
Nagpur,Sadar,Burglary,246,79225,Sunny,155,5.08,7,21.1642,79.0821,High,28-02-2025
Chhatrapati Sambhajinagar,CIDCO,Robbery,165,33784,Rainy,68,7.67,11,19.889,75.32,High,15-01-2026
Nashik,CIDCO,Assault,82,170719,Sunny,7,12.48,7,19.9667,73.7667,Medium,18-06-2026
Pune,Hadapsar,Theft,144,153750,Cloudy,188,6.74,7,18.5089,73.9259,Medium,06-10-2024
Nagpur,Dharampeth,Cyber Crime,146,115635,Sunny,81,11.66,12,21.129,79.0588,Medium,28-02-2026
Nashik,Nashik Road,Theft,22,94176,Sunny,60,5.38,8,19.9975,73.7898,Low,22-05-2025
Pune,Hadapsar,Theft,200,49722,Foggy,5,11.75,9,18.5089,73.9259,High,04-11-2025
Nashik,Nashik Road,Theft,44,74846,Cloudy,153,13.06,1,19.9975,73.7898,Low,14-05-2026
Mumbai,Powai,Robbery,115,90949,Cloudy,71,12.17,1,19.1176,72.906,Medium,04-01-2024
Chhatrapati Sambhajinagar,Aurangpura,Cyber Crime,142,45208,Rainy,144,4.65,4,19.8762,75.3433,Medium,20-04-2026
Chhatrapati Sambhajinagar,Osmanpura,Assault,145,110847,Cloudy,53,10.23,2,19.87,75.33,Medium,16-01-2025
Nashik,Nashik Road,Assault,92,107954,Sunny,171,6.25,1,19.9975,73.7898,Medium,05-01-2024
Mumbai,Bandra,Robbery,69,130981,Rainy,52,13.64,7,19.0596,72.8295,Low,10-09-2024
Nashik,Gangapur Road,Robbery,53,183897,Foggy,42,7.17,4,20.011,73.75,Low,15-01-2026
Pune,Baner,Cyber Crime,142,52637,Foggy,130,13.2,11,18.559,73.7868,Medium,18-02-2026
Nagpur,Civil Lines,Theft,39,49304,Foggy,206,11.97,11,21.153,79.072,Low,19-01-2026
Chhatrapati Sambhajinagar,CIDCO,Burglary,130,43719,Cloudy,95,4.12,4,19.889,75.32,Medium,15-03-2024
Chhatrapati Sambhajinagar,CIDCO,Cyber Crime,211,159877,Sunny,185,7.61,11,19.889,75.32,High,12-09-2024
Chhatrapati Sambhajinagar,Osmanpura,Fraud,31,198617,Foggy,217,8.21,2,19.87,75.33,Low,17-03-2024
Nagpur,Lakadganj,Assault,189,42195,Rainy,171,13.16,8,21.1505,79.1155,High,17-03-2024
Mumbai,Dadar,Theft,13,160891,Rainy,205,9.14,11,19.0178,72.8478,Low,13-03-2025
Nagpur,Shankar Nagar,Theft,224,191536,Sunny,73,12.63,7,21.127,79.06,High,11-07-2024
Chhatrapati Sambhajinagar,Osmanpura,Assault,95,176961,Foggy,53,5.7,5,19.87,75.33,Medium,25-11-2024
Mumbai,Andheri,Assault,194,84908,Foggy,68,3.63,12,19.1136,72.8697,High,15-03-2025
Pune,Wakad,Theft,92,40375,Sunny,113,6.17,3,18.5975,73.7637,Medium,25-03-2026
Chhatrapati Sambhajinagar,CIDCO,Robbery,175,93891,Cloudy,121,8.73,5,19.889,75.32,High,10-06-2024
Chhatrapati Sambhajinagar,CIDCO,Fraud,47,143796,Sunny,189,8.35,10,19.889,75.32,Low,21-08-2025
Pune,Hinjewadi,Fraud,34,57153,Cloudy,189,4.47,11,18.5912,73.7389,Low,17-02-2025
Nashik,CIDCO,Assault,167,170047,Cloudy,75,14.24,9,19.9667,73.7667,High,16-12-2025
Pune,Kothrud,Cyber Crime,209,49668,Sunny,162,10.88,6,18.5074,73.8077,High,28-04-2026
Chhatrapati Sambhajinagar,Aurangpura,Burglary,86,179818,Sunny,41,4.11,9,19.8762,75.3433,Medium,12-03-2024
Chhatrapati Sambhajinagar,CIDCO,Fraud,190,40596,Sunny,185,6.06,7,19.889,75.32,High,24-04-2025
Nagpur,Jaripatka,Burglary,236,112337,Sunny,43,6.78,12,21.1801,79.0955,High,29-12-2025
Mumbai,Borivali,Assault,74,119515,Cloudy,88,13.78,2,19.2307,72.8567,Low,10-09-2025
Nagpur,Lakadganj,Assault,115,116028,Sunny,169,5.24,6,21.1505,79.1155,Medium,04-01-2025
Nagpur,Sitabuldi,Robbery,180,29114,Sunny,116,12.54,3,21.1458,79.0882,High,05-09-2025
Pune,Hinjewadi,Assault,23,183974,Cloudy,50,7.2,6,18.5912,73.7389,Low,08-09-2025
Pune,Baner,Theft,236,112881,Foggy,214,12.07,8,18.559,73.7868,High,22-09-2025
Nashik,CIDCO,Robbery,105,170645,Rainy,28,5.85,11,19.9667,73.7667,Medium,25-05-2026
Mumbai,Powai,Robbery,127,90020,Rainy,149,8.58,9,19.1176,72.906,Medium,25-09-2024
Chhatrapati Sambhajinagar,Aurangpura,Assault,85,92071,Sunny,101,12.71,1,19.8762,75.3433,Medium,02-07-2025
Pune,Hadapsar,Assault,224,173948,Sunny,123,3.21,11,18.5089,73.9259,High,09-06-2024
Chhatrapati Sambhajinagar,CIDCO,Robbery,155,61087,Rainy,146,9.09,12,19.889,75.32,High,12-08-2024
Pune,Hadapsar,Robbery,152,40923,Cloudy,157,12.18,1,18.5089,73.9259,High,07-11-2025
Mumbai,Bandra,Fraud,179,169895,Cloudy,142,6.58,9,19.0596,72.8295,High,01-10-2024
Nagpur,Civil Lines,Cyber Crime,230,198651,Sunny,80,5.9,6,21.153,79.072,High,28-10-2024
Pune,Wakad,Assault,35,43725,Sunny,43,7.17,2,18.5975,73.7637,Low,23-08-2025
Nagpur,Lakadganj,Theft,66,135870,Sunny,80,8.79,1,21.1505,79.1155,Low,06-04-2026
Chhatrapati Sambhajinagar,Aurangpura,Burglary,23,152804,Rainy,7,3.34,5,19.8762,75.3433,Low,03-03-2025
Nashik,CIDCO,Burglary,235,195309,Rainy,213,12.95,3,19.9667,73.7667,High,02-08-2025
Mumbai,Dadar,Burglary,227,165756,Cloudy,50,6.78,9,19.0178,72.8478,High,12-01-2026
Nashik,Gangapur Road,Fraud,120,181265,Rainy,192,2.12,1,20.011,73.75,Medium,03-06-2024
Mumbai,Borivali,Fraud,108,152145,Rainy,175,7.54,1,19.2307,72.8567,Medium,17-10-2025
Chhatrapati Sambhajinagar,Aurangpura,Fraud,112,69604,Cloudy,146,3.68,8,19.8762,75.3433,Medium,27-04-2024
Mumbai,Dadar,Assault,66,149599,Cloudy,103,2.87,5,19.0178,72.8478,Low,05-11-2024
Pune,Kothrud,Fraud,170,193121,Rainy,213,10.22,7,18.5074,73.8077,High,29-05-2025
Mumbai,Powai,Fraud,83,191816,Rainy,175,8.2,1,19.1176,72.906,Medium,21-02-2026
Pune,Hinjewadi,Theft,73,183836,Rainy,59,13.83,2,18.5912,73.7389,Low,26-04-2024
Nashik,Nashik Road,Cyber Crime,54,112049,Sunny,167,9.69,8,19.9975,73.7898,Low,13-02-2025
Chhatrapati Sambhajinagar,Osmanpura,Cyber Crime,202,127205,Sunny,36,12.25,4,19.87,75.33,High,13-08-2025
Pune,Baner,Assault,240,106707,Cloudy,181,4.88,3,18.559,73.7868,High,06-03-2024
Mumbai,Colaba,Assault,165,89366,Rainy,205,4.42,2,18.9067,72.8147,High,04-08-2024
Chhatrapati Sambhajinagar,Osmanpura,Fraud,247,171114,Rainy,42,14.96,11,19.87,75.33,High,15-02-2026
Chhatrapati Sambhajinagar,Osmanpura,Fraud,16,49507,Cloudy,84,3.46,2,19.87,75.33,Low,12-01-2025
Pune,Hadapsar,Burglary,160,165748,Sunny,182,8.19,1,18.5089,73.9259,High,17-11-2025
Mumbai,Borivali,Robbery,43,180014,Foggy,117,5.75,8,19.2307,72.8567,Low,26-06-2024
Nagpur,Sitabuldi,Cyber Crime,38,41336,Cloudy,101,8.01,7,21.1458,79.0882,Low,17-09-2025
Nagpur,Civil Lines,Burglary,58,131123,Rainy,22,10.48,12,21.153,79.072,Low,25-11-2025
Mumbai,Powai,Cyber Crime,107,67782,Cloudy,75,14,8,19.1176,72.906,Medium,10-05-2026
Nashik,Gangapur Road,Theft,171,28319,Sunny,41,12.47,6,20.011,73.75,High,20-04-2024
Chhatrapati Sambhajinagar,CIDCO,Fraud,161,58050,Foggy,202,10.28,9,19.889,75.32,High,22-08-2025
Chhatrapati Sambhajinagar,Aurangpura,Burglary,23,165935,Foggy,162,3.37,7,19.8762,75.3433,Low,20-05-2024
Chhatrapati Sambhajinagar,Osmanpura,Theft,74,118851,Sunny,52,2.92,6,19.87,75.33,Low,16-04-2024
Pune,Kothrud,Cyber Crime,112,188726,Foggy,127,13.48,2,18.5074,73.8077,Medium,30-03-2025
Chhatrapati Sambhajinagar,Osmanpura,Assault,28,89504,Sunny,50,10.05,10,19.87,75.33,Low,25-11-2025
Nashik,Gangapur Road,Fraud,15,152890,Cloudy,19,2.03,6,20.011,73.75,Low,22-04-2026
Pune,Hinjewadi,Fraud,219,42379,Rainy,132,4.17,1,18.5912,73.7389,High,18-05-2024
Chhatrapati Sambhajinagar,Aurangpura,Cyber Crime,173,51615,Sunny,81,11.59,8,19.8762,75.3433,High,27-01-2025
Chhatrapati Sambhajinagar,Osmanpura,Robbery,156,29908,Sunny,63,10.44,7,19.87,75.33,High,22-03-2024
Pune,Wakad,Cyber Crime,250,183469,Cloudy,40,5.19,1,18.5975,73.7637,High,27-03-2026
Nashik,Nashik Road,Assault,12,133555,Foggy,8,14.76,2,19.9975,73.7898,Low,30-06-2024
Mumbai,Andheri,Robbery,214,103157,Sunny,22,14.74,12,19.1136,72.8697,High,23-12-2024
Pune,Kothrud,Theft,51,51837,Cloudy,41,13.2,8,18.5074,73.8077,Low,17-03-2024
Chhatrapati Sambhajinagar,Aurangpura,Assault,72,73712,Sunny,80,11.94,4,19.8762,75.3433,Low,04-07-2024
Mumbai,Dadar,Cyber Crime,67,193000,Foggy,133,2.13,10,19.0178,72.8478,Low,07-12-2024
Nashik,CIDCO,Theft,248,178588,Cloudy,214,6.75,11,19.9667,73.7667,High,28-03-2026
Chhatrapati Sambhajinagar,CIDCO,Cyber Crime,203,151239,Rainy,125,4.09,8,19.889,75.32,High,25-08-2024
Nashik,Nashik Road,Assault,73,106821,Rainy,99,11.97,6,19.9975,73.7898,Low,27-05-2025
Pune,Hinjewadi,Robbery,230,155534,Rainy,106,2.89,10,18.5912,73.7389,High,20-09-2025
Mumbai,Borivali,Cyber Crime,43,58527,Rainy,72,13.99,8,19.2307,72.8567,Low,22-03-2024
Nagpur,Civil Lines,Theft,118,122340,Cloudy,35,14.06,11,21.153,79.072,Medium,09-04-2026
Pune,Hadapsar,Fraud,28,56660,Rainy,179,11.69,9,18.5089,73.9259,Low,13-01-2026
Chhatrapati Sambhajinagar,Osmanpura,Fraud,155,33356,Rainy,100,2.65,5,19.87,75.33,High,17-04-2026
Nagpur,Jaripatka,Cyber Crime,115,114450,Cloudy,110,7.97,3,21.1801,79.0955,Medium,14-09-2025
Nagpur,Sadar,Burglary,45,165607,Cloudy,50,10.77,4,21.1642,79.0821,Low,30-12-2024
Chhatrapati Sambhajinagar,CIDCO,Fraud,65,122593,Rainy,132,12,12,19.889,75.32,Low,26-03-2025
Mumbai,Powai,Cyber Crime,54,139176,Cloudy,8,9.18,1,19.1176,72.906,Low,14-08-2024
Mumbai,Powai,Cyber Crime,77,179865,Foggy,143,12.68,7,19.1176,72.906,Medium,19-01-2025
Mumbai,Bandra,Cyber Crime,204,34190,Foggy,50,6.67,4,19.0596,72.8295,High,22-07-2024
Nashik,Nashik Road,Cyber Crime,230,114453,Rainy,44,11.48,2,19.9975,73.7898,High,30-12-2024
Nagpur,Civil Lines,Cyber Crime,33,149913,Foggy,54,6.14,11,21.153,79.072,Low,12-01-2025
Pune,Baner,Fraud,165,45917,Cloudy,165,7.85,2,18.559,73.7868,High,09-12-2024
Chhatrapati Sambhajinagar,Osmanpura,Cyber Crime,183,27812,Cloudy,51,8.27,1,19.87,75.33,High,12-12-2025
Pune,Baner,Cyber Crime,138,151197,Foggy,148,5.55,3,18.559,73.7868,Medium,21-10-2024
Chhatrapati Sambhajinagar,Aurangpura,Burglary,38,156053,Sunny,15,12.39,9,19.8762,75.3433,Low,02-10-2025
Pune,Wakad,Fraud,81,43376,Foggy,142,7.85,8,18.5975,73.7637,Medium,21-05-2024
Nashik,Nashik Road,Fraud,56,129489,Cloudy,21,3.11,3,19.9975,73.7898,Low,01-08-2024
Nagpur,Shankar Nagar,Burglary,160,132049,Sunny,200,10.75,12,21.127,79.06,High,16-06-2026
Chhatrapati Sambhajinagar,CIDCO,Assault,56,151706,Rainy,182,2.03,7,19.889,75.32,Low,21-09-2024
Nashik,Nashik Road,Burglary,129,152898,Rainy,115,4.55,12,19.9975,73.7898,Medium,17-05-2024
Pune,Hadapsar,Robbery,89,125585,Sunny,21,8.24,2,18.5089,73.9259,Medium,05-03-2026
Nashik,CIDCO,Robbery,240,143008,Foggy,19,14.17,6,19.9667,73.7667,High,04-01-2026
Pune,Hinjewadi,Burglary,193,136001,Sunny,13,8.36,2,18.5912,73.7389,High,05-11-2024
Nagpur,Sitabuldi,Fraud,240,144325,Foggy,125,8.18,9,21.1458,79.0882,High,18-06-2026
Chhatrapati Sambhajinagar,CIDCO,Burglary,231,176431,Sunny,163,13.98,1,19.889,75.32,High,26-10-2024
Nagpur,Civil Lines,Theft,52,91191,Foggy,38,14.85,2,21.153,79.072,Low,30-03-2025
Nagpur,Shankar Nagar,Burglary,32,28804,Foggy,136,14.28,1,21.127,79.06,Low,04-12-2025
Pune,Wakad,Theft,219,33509,Sunny,195,13.64,12,18.5975,73.7637,High,28-04-2024
Mumbai,Colaba,Theft,217,110993,Foggy,46,7.8,7,18.9067,72.8147,High,30-10-2024
Nashik,CIDCO,Theft,16,116421,Foggy,133,11.62,7,19.9667,73.7667,Low,28-08-2024
Nagpur,Lakadganj,Cyber Crime,44,188814,Foggy,31,11.61,11,21.1505,79.1155,Low,27-06-2024
Mumbai,Colaba,Assault,81,28256,Foggy,220,3.49,2,18.9067,72.8147,Medium,16-08-2025
Nagpur,Civil Lines,Robbery,233,159926,Rainy,175,6.1,12,21.153,79.072,High,09-03-2026
Mumbai,Colaba,Theft,208,143841,Cloudy,161,6.46,1,18.9067,72.8147,High,12-10-2024
Nagpur,Civil Lines,Cyber Crime,214,109125,Sunny,187,10.22,4,21.153,79.072,High,03-04-2025
Chhatrapati Sambhajinagar,Osmanpura,Robbery,155,187297,Rainy,116,12.42,6,19.87,75.33,High,05-09-2024
Chhatrapati Sambhajinagar,Aurangpura,Assault,217,135632,Sunny,168,4.89,2,19.8762,75.3433,High,08-08-2024
Nashik,Nashik Road,Fraud,222,109856,Rainy,135,11.97,3,19.9975,73.7898,High,10-12-2025
Nagpur,Dharampeth,Theft,214,29765,Cloudy,14,13.01,2,21.129,79.0588,High,24-04-2025
Pune,Wakad,Robbery,46,167842,Foggy,65,11.39,2,18.5975,73.7637,Low,07-09-2024
Nagpur,Jaripatka,Assault,69,148811,Rainy,101,6.36,10,21.1801,79.0955,Low,10-12-2024
Nagpur,Civil Lines,Robbery,75,141745,Rainy,158,6.64,8,21.153,79.072,Low,16-06-2025
Mumbai,Borivali,Cyber Crime,241,75626,Foggy,5,11.36,7,19.2307,72.8567,High,09-04-2026
Chhatrapati Sambhajinagar,Osmanpura,Robbery,181,64852,Rainy,109,12.87,10,19.87,75.33,High,15-06-2025
Pune,Kothrud,Assault,237,76185,Foggy,84,4.27,9,18.5074,73.8077,High,05-10-2024
Pune,Hinjewadi,Cyber Crime,64,29697,Foggy,198,14.29,1,18.5912,73.7389,Low,11-09-2025
Chhatrapati Sambhajinagar,Osmanpura,Robbery,137,86743,Rainy,121,3.33,8,19.87,75.33,Medium,29-01-2025
Chhatrapati Sambhajinagar,Osmanpura,Theft,91,40786,Cloudy,124,6.35,3,19.87,75.33,Medium,02-02-2025
Pune,Kothrud,Theft,86,139877,Rainy,46,6.02,10,18.5074,73.8077,Medium,26-06-2025
Pune,Baner,Robbery,84,125836,Sunny,146,3.64,12,18.559,73.7868,Medium,29-03-2026
Nagpur,Shankar Nagar,Assault,199,127472,Foggy,105,10.6,7,21.127,79.06,High,05-12-2025
Chhatrapati Sambhajinagar,CIDCO,Theft,151,73819,Cloudy,39,4.59,5,19.889,75.32,High,12-05-2024
Nagpur,Lakadganj,Assault,211,137502,Cloudy,183,9.82,4,21.1505,79.1155,High,14-03-2025
Pune,Wakad,Cyber Crime,80,173176,Cloudy,51,8.5,6,18.5975,73.7637,Medium,24-02-2026
Nashik,Gangapur Road,Theft,93,165263,Rainy,165,14.44,9,20.011,73.75,Medium,05-12-2024
Nashik,CIDCO,Assault,243,41182,Foggy,73,13.47,9,19.9667,73.7667,High,13-11-2024
Chhatrapati Sambhajinagar,Osmanpura,Theft,98,88928,Cloudy,139,9.44,6,19.87,75.33,Medium,10-03-2025
Chhatrapati Sambhajinagar,CIDCO,Fraud,172,61018,Foggy,109,2.79,12,19.889,75.32,High,31-12-2025
Nagpur,Sadar,Cyber Crime,134,155887,Cloudy,6,3.75,10,21.1642,79.0821,Medium,22-11-2024
Nashik,Gangapur Road,Burglary,202,102575,Sunny,220,2.63,5,20.011,73.75,High,19-06-2024
Nashik,Nashik Road,Cyber Crime,116,195514,Cloudy,126,11.52,10,19.9975,73.7898,Medium,12-01-2025
Mumbai,Bandra,Assault,123,47338,Cloudy,205,4.52,10,19.0596,72.8295,Medium,12-01-2026
Chhatrapati Sambhajinagar,Osmanpura,Fraud,215,184974,Cloudy,48,14.58,3,19.87,75.33,High,22-08-2025
Mumbai,Powai,Fraud,194,79376,Rainy,217,10.58,10,19.1176,72.906,High,07-06-2026
Nashik,Gangapur Road,Cyber Crime,61,57460,Cloudy,9,4.46,6,20.011,73.75,Low,10-04-2024
Nashik,Nashik Road,Theft,72,121796,Foggy,32,5.19,5,19.9975,73.7898,Low,30-06-2025
Nagpur,Civil Lines,Burglary,131,162491,Cloudy,107,3.13,2,21.153,79.072,Medium,26-08-2024
Nagpur,Lakadganj,Assault,132,60250,Cloudy,167,4.06,4,21.1505,79.1155,Medium,21-11-2025
Nashik,CIDCO,Burglary,194,77968,Rainy,87,5.85,5,19.9667,73.7667,High,23-03-2026
Nagpur,Dharampeth,Assault,35,112874,Sunny,154,8.19,2,21.129,79.0588,Low,23-03-2024
Pune,Kothrud,Burglary,82,157674,Sunny,187,14.71,4,18.5074,73.8077,Medium,29-12-2024
Nashik,Nashik Road,Burglary,78,33321,Foggy,76,4.69,2,19.9975,73.7898,Medium,17-03-2025
Nagpur,Sadar,Assault,151,30935,Sunny,92,12.44,10,21.1642,79.0821,High,24-01-2025
Nashik,Nashik Road,Cyber Crime,197,170370,Cloudy,176,14.14,2,19.9975,73.7898,High,29-05-2026
Chhatrapati Sambhajinagar,CIDCO,Robbery,50,128543,Foggy,31,12.47,11,19.889,75.32,Low,28-04-2025
Chhatrapati Sambhajinagar,Osmanpura,Robbery,72,133596,Sunny,152,6.39,8,19.87,75.33,Low,01-05-2026
Nashik,Gangapur Road,Cyber Crime,245,63219,Foggy,100,14.29,6,20.011,73.75,High,18-11-2024
Nashik,Gangapur Road,Assault,32,102408,Foggy,66,14.72,2,20.011,73.75,Low,30-10-2024
Nagpur,Civil Lines,Theft,24,186103,Sunny,28,9.55,8,21.153,79.072,Low,24-01-2024
Nagpur,Jaripatka,Robbery,93,189275,Sunny,203,12.21,5,21.1801,79.0955,Medium,04-08-2024
Nagpur,Lakadganj,Theft,209,141900,Cloudy,5,8.72,7,21.1505,79.1155,High,23-03-2024
Pune,Wakad,Cyber Crime,233,110566,Sunny,42,10.13,7,18.5975,73.7637,High,19-10-2024
Nashik,CIDCO,Fraud,17,79676,Rainy,166,5.2,2,19.9667,73.7667,Low,27-04-2025
Chhatrapati Sambhajinagar,Osmanpura,Theft,80,53788,Cloudy,126,3.66,1,19.87,75.33,Medium,30-09-2025
Nashik,Gangapur Road,Assault,214,74115,Rainy,52,13.94,2,20.011,73.75,High,26-10-2025
Chhatrapati Sambhajinagar,Aurangpura,Burglary,61,114150,Cloudy,12,9.78,8,19.8762,75.3433,Low,22-02-2025
Nagpur,Civil Lines,Cyber Crime,182,167458,Rainy,198,5.91,5,21.153,79.072,High,19-02-2026
Pune,Hinjewadi,Robbery,144,41502,Foggy,158,10.56,12,18.5912,73.7389,Medium,27-01-2024
Mumbai,Andheri,Assault,55,160575,Rainy,204,10.41,6,19.1136,72.8697,Low,10-07-2024
Pune,Hinjewadi,Robbery,190,174123,Sunny,125,2.97,5,18.5912,73.7389,High,04-04-2025
Pune,Shivaji Nagar,Fraud,53,68362,Rainy,106,12.9,2,18.5308,73.8475,Low,26-05-2024
Mumbai,Colaba,Theft,240,149158,Foggy,140,7.45,3,18.9067,72.8147,High,18-07-2024
Nagpur,Dharampeth,Theft,136,127179,Sunny,138,3.63,12,21.129,79.0588,Medium,18-03-2025
Pune,Hadapsar,Burglary,200,39327,Sunny,147,8.81,4,18.5089,73.9259,High,18-11-2024
Nagpur,Shankar Nagar,Robbery,147,37182,Sunny,93,11.71,1,21.127,79.06,Medium,24-07-2025
Nagpur,Shankar Nagar,Theft,162,83417,Rainy,208,6.75,2,21.127,79.06,High,05-03-2026
Nashik,Gangapur Road,Fraud,63,119327,Cloudy,85,4.69,12,20.011,73.75,Low,23-07-2024
Nagpur,Civil Lines,Cyber Crime,225,169715,Foggy,5,8.75,12,21.153,79.072,High,08-10-2025
Nagpur,Sadar,Fraud,208,156591,Rainy,157,8.46,3,21.1642,79.0821,High,14-04-2026
Chhatrapati Sambhajinagar,Osmanpura,Fraud,63,69273,Rainy,17,3.85,1,19.87,75.33,Low,22-06-2025
Chhatrapati Sambhajinagar,Aurangpura,Cyber Crime,123,180327,Foggy,125,5.05,1,19.8762,75.3433,Medium,20-03-2024
Nashik,Nashik Road,Theft,83,99338,Rainy,17,4.43,11,19.9975,73.7898,Medium,14-06-2025
Nashik,Nashik Road,Burglary,229,108487,Foggy,35,8.58,4,19.9975,73.7898,High,22-02-2024
Nashik,Nashik Road,Fraud,178,132461,Sunny,38,5.6,3,19.9975,73.7898,High,12-03-2025
Chhatrapati Sambhajinagar,CIDCO,Fraud,165,102878,Cloudy,205,4.63,9,19.889,75.32,High,24-04-2026
Nashik,CIDCO,Fraud,165,101104,Sunny,100,6.55,8,19.9667,73.7667,High,09-05-2025
Mumbai,Andheri,Assault,56,105266,Sunny,214,11.04,1,19.1136,72.8697,Low,15-08-2024
Chhatrapati Sambhajinagar,CIDCO,Burglary,190,62560,Foggy,7,3.6,7,19.889,75.32,High,25-08-2024
Mumbai,Bandra,Cyber Crime,171,131059,Sunny,93,14.09,6,19.0596,72.8295,High,11-06-2024
Mumbai,Borivali,Theft,70,26129,Foggy,57,12.26,12,19.2307,72.8567,Low,18-05-2026
Pune,Kothrud,Assault,28,74654,Sunny,63,10.93,9,18.5074,73.8077,Low,21-03-2025
Chhatrapati Sambhajinagar,Aurangpura,Cyber Crime,142,58380,Rainy,178,4.82,8,19.8762,75.3433,Medium,24-12-2024
Pune,Wakad,Fraud,172,171640,Rainy,188,5.61,11,18.5975,73.7637,High,15-10-2025
Nashik,CIDCO,Theft,155,170001,Rainy,109,9.36,7,19.9667,73.7667,High,15-03-2024
Pune,Hadapsar,Burglary,226,187547,Foggy,86,5.66,6,18.5089,73.9259,High,27-07-2025
Chhatrapati Sambhajinagar,CIDCO,Assault,161,46246,Cloudy,88,9.5,6,19.889,75.32,High,13-05-2026
Mumbai,Borivali,Assault,71,108440,Foggy,82,9.82,8,19.2307,72.8567,Low,13-09-2025
Nashik,Gangapur Road,Robbery,42,165876,Foggy,171,11.14,8,20.011,73.75,Low,12-04-2024
Mumbai,Borivali,Assault,228,97202,Sunny,150,14.09,1,19.2307,72.8567,High,23-04-2025
Mumbai,Dadar,Fraud,239,146954,Sunny,116,8.38,10,19.0178,72.8478,High,13-11-2024
Chhatrapati Sambhajinagar,CIDCO,Fraud,203,48723,Cloudy,96,14.43,6,19.889,75.32,High,08-03-2025
Nashik,Nashik Road,Robbery,217,120096,Cloudy,55,8.83,6,19.9975,73.7898,High,21-07-2024
Pune,Kothrud,Burglary,143,95463,Sunny,66,5.04,6,18.5074,73.8077,Medium,07-04-2026
Nagpur,Lakadganj,Assault,164,55945,Foggy,25,2.7,12,21.1505,79.1155,High,29-05-2026
Pune,Hadapsar,Robbery,224,121292,Foggy,30,6.29,11,18.5089,73.9259,High,03-06-2025
Nashik,CIDCO,Burglary,203,111919,Rainy,155,5.72,12,19.9667,73.7667,High,24-04-2026
Nagpur,Sitabuldi,Robbery,117,65669,Cloudy,35,8.2,6,21.1458,79.0882,Medium,01-01-2024
Mumbai,Dadar,Theft,69,38142,Sunny,71,6.31,4,19.0178,72.8478,Low,28-04-2026
Nashik,Nashik Road,Assault,227,100148,Foggy,9,6.51,3,19.9975,73.7898,High,06-11-2024
Mumbai,Colaba,Fraud,218,54390,Rainy,218,14.54,3,18.9067,72.8147,High,20-09-2024
Chhatrapati Sambhajinagar,CIDCO,Theft,217,58251,Cloudy,193,2.63,4,19.889,75.32,High,09-05-2024
Mumbai,Andheri,Theft,218,41952,Cloudy,69,7.3,3,19.1136,72.8697,High,16-02-2025
Pune,Baner,Theft,126,187231,Rainy,127,7.32,7,18.559,73.7868,Medium,27-07-2024
Nagpur,Civil Lines,Burglary,21,93059,Cloudy,134,4.18,9,21.153,79.072,Low,09-10-2025
Mumbai,Andheri,Robbery,145,121202,Sunny,190,6.4,10,19.1136,72.8697,Medium,18-06-2026
Nashik,CIDCO,Cyber Crime,186,190118,Rainy,14,12.32,10,19.9667,73.7667,High,25-06-2025
Nagpur,Shankar Nagar,Fraud,199,88374,Rainy,133,8.4,3,21.127,79.06,High,22-03-2024
Nagpur,Dharampeth,Assault,95,157500,Sunny,17,2.27,4,21.129,79.0588,Medium,13-03-2025
Pune,Hinjewadi,Fraud,77,143214,Foggy,46,10.06,12,18.5912,73.7389,Medium,15-08-2024
Nagpur,Shankar Nagar,Cyber Crime,207,165339,Foggy,165,11.57,5,21.127,79.06,High,05-02-2026
Pune,Wakad,Assault,41,148735,Sunny,124,10.38,10,18.5975,73.7637,Low,24-02-2024
Pune,Kothrud,Theft,143,191274,Foggy,58,3.08,12,18.5074,73.8077,Medium,26-07-2024
Nagpur,Jaripatka,Fraud,151,36999,Rainy,213,14.12,7,21.1801,79.0955,High,26-04-2024
Nashik,Gangapur Road,Fraud,66,192332,Cloudy,133,10.79,6,20.011,73.75,Low,28-09-2025
Mumbai,Powai,Theft,157,106131,Sunny,38,6.64,12,19.1176,72.906,High,19-02-2025
Pune,Baner,Robbery,67,51879,Sunny,214,10.8,9,18.559,73.7868,Low,02-04-2024
Nashik,Gangapur Road,Cyber Crime,174,119330,Sunny,163,8.83,2,20.011,73.75,High,02-03-2026
Mumbai,Andheri,Robbery,108,161166,Foggy,120,8.02,8,19.1136,72.8697,Medium,30-04-2026
Mumbai,Bandra,Theft,45,188760,Sunny,114,3.39,5,19.0596,72.8295,Low,26-04-2026
Pune,Hinjewadi,Theft,156,167833,Foggy,177,13.4,1,18.5912,73.7389,High,24-03-2026
Mumbai,Bandra,Burglary,156,98917,Sunny,206,6.78,7,19.0596,72.8295,High,14-12-2024
Nagpur,Shankar Nagar,Theft,239,132248,Foggy,179,8.17,2,21.127,79.06,High,21-05-2025
Pune,Wakad,Robbery,36,67138,Rainy,47,7.72,2,18.5975,73.7637,Low,25-12-2024
Nagpur,Lakadganj,Burglary,193,48090,Foggy,13,14.91,4,21.1505,79.1155,High,05-06-2025
Pune,Baner,Assault,203,196825,Cloudy,82,5.51,6,18.559,73.7868,High,30-10-2025
Nagpur,Jaripatka,Cyber Crime,222,69777,Sunny,184,4.44,5,21.1801,79.0955,High,04-10-2024
Mumbai,Dadar,Theft,123,62039,Sunny,8,8.3,9,19.0178,72.8478,Medium,25-05-2026
Nagpur,Shankar Nagar,Fraud,125,95480,Cloudy,65,2.51,1,21.127,79.06,Medium,22-10-2025
Pune,Wakad,Theft,184,116163,Sunny,29,8.46,2,18.5975,73.7637,High,21-06-2025
Mumbai,Bandra,Theft,32,188596,Foggy,132,11.19,5,19.0596,72.8295,Low,27-04-2024
Nagpur,Civil Lines,Fraud,147,146868,Cloudy,181,7.83,8,21.153,79.072,Medium,03-09-2025
Pune,Hinjewadi,Fraud,42,57182,Foggy,33,7.45,12,18.5912,73.7389,Low,13-06-2026
Mumbai,Andheri,Burglary,199,84471,Foggy,16,5.74,4,19.1136,72.8697,High,11-04-2024
Nashik,Nashik Road,Assault,28,155427,Foggy,167,10.65,12,19.9975,73.7898,Low,28-01-2026
Pune,Hinjewadi,Fraud,20,112014,Sunny,56,12.22,9,18.5912,73.7389,Low,14-06-2025
Nagpur,Sadar,Cyber Crime,25,115663,Cloudy,44,13.37,12,21.1642,79.0821,Low,05-04-2025
Chhatrapati Sambhajinagar,Osmanpura,Fraud,92,63990,Foggy,93,4.26,11,19.87,75.33,Medium,09-04-2025
Nashik,Nashik Road,Cyber Crime,52,36557,Cloudy,39,12.66,12,19.9975,73.7898,Low,19-05-2025
Pune,Hadapsar,Fraud,42,150003,Cloudy,22,12.84,9,18.5089,73.9259,Low,21-12-2024
Chhatrapati Sambhajinagar,Aurangpura,Robbery,132,126048,Sunny,59,14.57,11,19.8762,75.3433,Medium,28-12-2024
Chhatrapati Sambhajinagar,Osmanpura,Cyber Crime,142,69530,Rainy,56,10.7,4,19.87,75.33,Medium,05-06-2024
Chhatrapati Sambhajinagar,CIDCO,Cyber Crime,93,197364,Cloudy,182,14.87,7,19.889,75.32,Medium,21-02-2024
Pune,Wakad,Cyber Crime,88,67767,Sunny,80,4.94,8,18.5975,73.7637,Medium,23-07-2025
Nagpur,Sitabuldi,Robbery,15,180853,Rainy,178,2.24,4,21.1458,79.0882,Low,28-05-2024
Nagpur,Jaripatka,Burglary,201,102419,Foggy,25,3.04,11,21.1801,79.0955,High,04-02-2025
Nagpur,Sadar,Burglary,235,187389,Rainy,114,9.78,2,21.1642,79.0821,High,14-06-2026
Mumbai,Dadar,Robbery,194,190642,Sunny,135,14.19,5,19.0178,72.8478,High,06-12-2024
Pune,Kothrud,Fraud,47,127487,Cloudy,68,3.48,5,18.5074,73.8077,Low,18-11-2025
Chhatrapati Sambhajinagar,Osmanpura,Robbery,98,72193,Cloudy,48,3.11,7,19.87,75.33,Medium,30-07-2025
Mumbai,Colaba,Cyber Crime,106,172837,Cloudy,197,5.27,2,18.9067,72.8147,Medium,23-01-2026
Pune,Hinjewadi,Burglary,182,70113,Sunny,5,6.25,4,18.5912,73.7389,High,13-05-2024
Nashik,CIDCO,Robbery,77,93121,Foggy,123,2.61,2,19.9667,73.7667,Medium,05-07-2025
Chhatrapati Sambhajinagar,Osmanpura,Cyber Crime,177,113760,Sunny,144,12.67,2,19.87,75.33,High,28-04-2024
Chhatrapati Sambhajinagar,CIDCO,Burglary,160,142816,Sunny,34,10.96,6,19.889,75.32,High,30-09-2025
Nagpur,Sitabuldi,Robbery,243,127552,Sunny,47,11.37,11,21.1458,79.0882,High,22-11-2024
Nagpur,Civil Lines,Assault,67,198082,Rainy,43,3.54,8,21.153,79.072,Low,22-10-2025
Pune,Hinjewadi,Fraud,216,180542,Foggy,169,2.32,6,18.5912,73.7389,High,23-01-2026
Pune,Hadapsar,Theft,63,60330,Foggy,80,8.12,10,18.5089,73.9259,Low,29-10-2025
Pune,Baner,Assault,195,49090,Foggy,81,7.9,11,18.559,73.7868,High,18-07-2024
Nagpur,Shankar Nagar,Theft,174,122707,Rainy,113,14.16,5,21.127,79.06,High,13-06-2025
Mumbai,Colaba,Theft,59,86337,Sunny,209,4.35,2,18.9067,72.8147,Low,06-01-2025
Pune,Hinjewadi,Robbery,18,166579,Rainy,160,10.45,11,18.5912,73.7389,Low,31-05-2026
Pune,Baner,Fraud,65,97028,Rainy,187,6.5,7,18.559,73.7868,Low,22-11-2025
Chhatrapati Sambhajinagar,Aurangpura,Assault,35,146307,Cloudy,99,7.08,9,19.8762,75.3433,Low,16-12-2024
Mumbai,Borivali,Cyber Crime,161,52232,Foggy,69,10.97,2,19.2307,72.8567,High,12-07-2024
Nashik,Nashik Road,Burglary,53,192519,Sunny,108,7.85,2,19.9975,73.7898,Low,23-02-2024
Nagpur,Sitabuldi,Burglary,21,38686,Foggy,187,2.66,10,21.1458,79.0882,Low,25-02-2025
Chhatrapati Sambhajinagar,Aurangpura,Theft,137,84789,Cloudy,180,8.18,8,19.8762,75.3433,Medium,05-01-2026
Nagpur,Dharampeth,Fraud,211,32639,Foggy,48,3.61,4,21.129,79.0588,High,27-09-2025
Nashik,Gangapur Road,Burglary,154,146220,Sunny,172,8.88,1,20.011,73.75,High,27-11-2025
Nagpur,Lakadganj,Assault,64,115327,Sunny,80,9.76,5,21.1505,79.1155,Low,02-07-2024
Nagpur,Sitabuldi,Fraud,224,101821,Cloudy,99,12.44,8,21.1458,79.0882,High,31-05-2025
Nagpur,Dharampeth,Theft,60,31108,Rainy,44,9.41,1,21.129,79.0588,Low,03-02-2024
Chhatrapati Sambhajinagar,Osmanpura,Burglary,199,144415,Sunny,139,10.25,1,19.87,75.33,High,30-12-2025
Mumbai,Borivali,Burglary,131,55234,Sunny,20,12.9,6,19.2307,72.8567,Medium,25-03-2025
Chhatrapati Sambhajinagar,CIDCO,Assault,200,121493,Rainy,117,12,3,19.889,75.32,High,05-05-2025
Chhatrapati Sambhajinagar,Osmanpura,Robbery,102,168328,Sunny,5,5.59,3,19.87,75.33,Medium,26-02-2025
Mumbai,Dadar,Theft,54,132901,Sunny,40,14.19,4,19.0178,72.8478,Low,01-12-2024
Pune,Hinjewadi,Robbery,14,97424,Cloudy,41,4.08,5,18.5912,73.7389,Low,19-09-2025
Nagpur,Sitabuldi,Burglary,180,94029,Foggy,176,3.38,12,21.1458,79.0882,High,15-07-2025
Nashik,Gangapur Road,Assault,72,181407,Sunny,110,8.21,12,20.011,73.75,Low,11-03-2025
Nashik,Gangapur Road,Robbery,42,43636,Rainy,30,8.36,5,20.011,73.75,Low,27-03-2025
Chhatrapati Sambhajinagar,CIDCO,Theft,31,170111,Cloudy,162,12.21,5,19.889,75.32,Low,09-07-2024
Nashik,Gangapur Road,Theft,65,138103,Cloudy,162,7.03,11,20.011,73.75,Low,04-03-2025
Mumbai,Colaba,Cyber Crime,134,66499,Rainy,80,12.1,2,18.9067,72.8147,Medium,21-02-2026
Chhatrapati Sambhajinagar,CIDCO,Burglary,58,52552,Sunny,63,3.41,1,19.889,75.32,Low,25-06-2024
Nashik,CIDCO,Theft,245,113355,Rainy,15,14.78,12,19.9667,73.7667,High,30-04-2024
Nashik,CIDCO,Cyber Crime,177,112091,Foggy,164,12.77,1,19.9667,73.7667,High,09-03-2024
Chhatrapati Sambhajinagar,CIDCO,Robbery,176,53269,Foggy,22,9.18,3,19.889,75.32,High,18-11-2025
Pune,Wakad,Fraud,235,175068,Foggy,72,6.52,10,18.5975,73.7637,High,09-07-2025
Chhatrapati Sambhajinagar,Osmanpura,Theft,83,172827,Sunny,39,4.69,3,19.87,75.33,Medium,15-03-2026
Mumbai,Dadar,Cyber Crime,44,161854,Rainy,174,6.04,9,19.0178,72.8478,Low,16-02-2024
Pune,Hadapsar,Cyber Crime,220,53918,Foggy,6,10.31,4,18.5089,73.9259,High,23-07-2024
Pune,Hadapsar,Assault,15,171862,Foggy,140,6.34,11,18.5089,73.9259,Low,07-11-2025
Pune,Hinjewadi,Burglary,246,175109,Rainy,201,4.24,4,18.5912,73.7389,High,14-09-2025
Pune,Wakad,Robbery,109,192586,Rainy,143,9.8,1,18.5975,73.7637,Medium,19-11-2024
Pune,Wakad,Theft,135,166271,Rainy,206,12.3,12,18.5975,73.7637,Medium,16-05-2025
Mumbai,Bandra,Fraud,211,52590,Cloudy,12,4.17,5,19.0596,72.8295,High,06-05-2024
Mumbai,Borivali,Cyber Crime,78,75610,Sunny,149,9.44,12,19.2307,72.8567,Medium,30-05-2025
Nashik,CIDCO,Theft,78,199723,Sunny,136,13.72,9,19.9667,73.7667,Medium,06-08-2025
Pune,Wakad,Cyber Crime,146,32662,Cloudy,72,13.29,4,18.5975,73.7637,Medium,09-12-2025
Chhatrapati Sambhajinagar,Aurangpura,Robbery,57,117528,Cloudy,175,13.51,12,19.8762,75.3433,Low,04-02-2024
Mumbai,Bandra,Burglary,203,50908,Sunny,35,4.08,11,19.0596,72.8295,High,08-12-2025
Nagpur,Shankar Nagar,Assault,126,95946,Sunny,115,4.77,2,21.127,79.06,Medium,15-02-2026
Chhatrapati Sambhajinagar,CIDCO,Theft,166,33318,Sunny,157,2.09,3,19.889,75.32,High,27-04-2026
Pune,Hinjewadi,Assault,222,66192,Sunny,75,6.73,2,18.5912,73.7389,High,16-12-2025
Chhatrapati Sambhajinagar,Aurangpura,Theft,188,76453,Rainy,131,12.26,8,19.8762,75.3433,High,27-08-2024
Nagpur,Civil Lines,Theft,135,94447,Cloudy,160,2.93,10,21.153,79.072,Medium,22-07-2024
Nagpur,Shankar Nagar,Assault,218,26690,Cloudy,87,13.79,9,21.127,79.06,High,06-03-2026
Mumbai,Powai,Burglary,145,112319,Sunny,9,3.89,6,19.1176,72.906,Medium,22-06-2024
Mumbai,Dadar,Robbery,108,142917,Rainy,103,8.39,1,19.0178,72.8478,Medium,27-01-2024
Chhatrapati Sambhajinagar,Aurangpura,Burglary,216,102833,Foggy,175,6.87,5,19.8762,75.3433,High,30-04-2025
Nashik,Nashik Road,Fraud,102,154870,Sunny,143,9.45,5,19.9975,73.7898,Medium,17-07-2025
Mumbai,Dadar,Theft,31,124424,Cloudy,213,4.27,7,19.0178,72.8478,Low,18-06-2024
Nagpur,Jaripatka,Theft,138,186501,Foggy,162,13.85,12,21.1801,79.0955,Medium,08-07-2024
Nagpur,Civil Lines,Theft,142,95954,Foggy,153,14.42,2,21.153,79.072,Medium,16-03-2026
Nashik,Nashik Road,Robbery,136,81884,Foggy,154,13.53,2,19.9975,73.7898,Medium,24-01-2026
Nashik,CIDCO,Burglary,19,104274,Foggy,203,7.72,8,19.9667,73.7667,Low,26-05-2026
Nashik,Nashik Road,Robbery,144,122386,Rainy,176,7.63,1,19.9975,73.7898,Medium,24-05-2024
Mumbai,Borivali,Burglary,56,129370,Rainy,133,6.75,5,19.2307,72.8567,Low,23-11-2025
Nashik,Gangapur Road,Assault,112,42674,Foggy,42,3.94,5,20.011,73.75,Medium,13-03-2026
Chhatrapati Sambhajinagar,Aurangpura,Robbery,95,198647,Rainy,29,14.63,4,19.8762,75.3433,Medium,12-02-2025
Nagpur,Civil Lines,Cyber Crime,20,62284,Foggy,44,9.8,5,21.153,79.072,Low,13-07-2025
Pune,Wakad,Fraud,208,112622,Rainy,73,2.31,3,18.5975,73.7637,High,18-07-2025
Nagpur,Dharampeth,Robbery,232,61998,Foggy,31,10.42,1,21.129,79.0588,High,17-04-2026
Mumbai,Powai,Theft,65,72131,Foggy,86,11.91,2,19.1176,72.906,Low,19-08-2025
Nagpur,Sadar,Assault,91,40449,Sunny,163,3.31,12,21.1642,79.0821,Medium,05-03-2026
Nashik,Gangapur Road,Assault,128,167634,Cloudy,17,5.4,8,20.011,73.75,Medium,15-05-2024
Pune,Kothrud,Cyber Crime,156,72493,Rainy,219,12.52,5,18.5074,73.8077,High,12-06-2026
Nagpur,Shankar Nagar,Robbery,169,142546,Rainy,26,2.35,12,21.127,79.06,High,04-05-2024
Nashik,Gangapur Road,Burglary,82,82767,Sunny,211,3.31,4,20.011,73.75,Medium,15-06-2024
Pune,Shivaji Nagar,Fraud,128,178449,Foggy,26,13.13,6,18.5308,73.8475,Medium,01-03-2024
Nagpur,Dharampeth,Assault,154,68369,Sunny,67,14.08,4,21.129,79.0588,High,25-09-2024
Chhatrapati Sambhajinagar,Osmanpura,Robbery,198,157859,Sunny,22,5.6,4,19.87,75.33,High,19-06-2025
Chhatrapati Sambhajinagar,Osmanpura,Theft,208,25247,Sunny,119,5.7,3,19.87,75.33,High,16-08-2024
Nagpur,Jaripatka,Robbery,120,52330,Rainy,154,4.06,12,21.1801,79.0955,Medium,02-05-2026
Nagpur,Dharampeth,Robbery,223,65962,Rainy,181,14.33,10,21.129,79.0588,High,23-04-2026
Pune,Kothrud,Assault,246,100751,Foggy,34,6.18,6,18.5074,73.8077,High,21-08-2024
Nagpur,Shankar Nagar,Theft,32,40238,Rainy,11,3.15,2,21.127,79.06,Low,27-10-2024
Chhatrapati Sambhajinagar,Osmanpura,Assault,124,115699,Foggy,179,11.62,5,19.87,75.33,Medium,25-10-2025
Pune,Hadapsar,Assault,149,90695,Rainy,131,6.33,7,18.5089,73.9259,Medium,14-11-2025
Chhatrapati Sambhajinagar,Aurangpura,Burglary,57,61858,Cloudy,175,3.38,5,19.8762,75.3433,Low,28-10-2024
Nashik,Nashik Road,Burglary,78,38161,Foggy,50,13.1,10,19.9975,73.7898,Medium,22-03-2025
Nashik,Nashik Road,Assault,226,114057,Sunny,88,13.94,8,19.9975,73.7898,High,08-12-2024
Nagpur,Civil Lines,Assault,232,25593,Rainy,31,6.07,11,21.153,79.072,High,27-08-2024
Chhatrapati Sambhajinagar,CIDCO,Theft,101,134017,Cloudy,116,12.74,12,19.889,75.32,Medium,04-05-2024
Chhatrapati Sambhajinagar,CIDCO,Burglary,73,174946,Sunny,109,8.11,5,19.889,75.32,Low,10-02-2024
Nashik,Gangapur Road,Cyber Crime,213,59813,Sunny,61,11.83,7,20.011,73.75,High,16-06-2025
Pune,Shivaji Nagar,Theft,62,65377,Foggy,18,4.97,2,18.5308,73.8475,Low,15-06-2026
Chhatrapati Sambhajinagar,Aurangpura,Burglary,45,132924,Foggy,13,2.52,6,19.8762,75.3433,Low,14-02-2025
Chhatrapati Sambhajinagar,Osmanpura,Fraud,29,86334,Sunny,56,10.89,4,19.87,75.33,Low,20-07-2025
Nagpur,Sadar,Burglary,58,175207,Sunny,69,6.63,2,21.1642,79.0821,Low,01-09-2025
Nashik,Nashik Road,Cyber Crime,24,36519,Rainy,64,5.35,6,19.9975,73.7898,Low,19-05-2025
Nagpur,Civil Lines,Assault,140,47122,Cloudy,121,12.92,4,21.153,79.072,Medium,13-04-2026
Nashik,Nashik Road,Assault,155,172147,Sunny,125,6.99,12,19.9975,73.7898,High,16-11-2024
Pune,Kothrud,Cyber Crime,190,129853,Foggy,37,13.51,12,18.5074,73.8077,High,24-04-2025
Pune,Hadapsar,Fraud,180,25200,Cloudy,41,9.99,7,18.5089,73.9259,High,23-01-2024
Mumbai,Andheri,Burglary,130,138269,Foggy,139,6.73,3,19.1136,72.8697,Medium,05-05-2024
Nagpur,Civil Lines,Cyber Crime,198,183979,Sunny,142,2.34,8,21.153,79.072,High,13-11-2024
Nashik,Nashik Road,Theft,175,56853,Foggy,202,5.1,10,19.9975,73.7898,High,20-04-2026
Nagpur,Civil Lines,Fraud,31,102553,Rainy,45,10.5,11,21.153,79.072,Low,14-06-2026
Chhatrapati Sambhajinagar,Aurangpura,Cyber Crime,109,88793,Sunny,148,13.69,1,19.8762,75.3433,Medium,12-02-2026
Pune,Wakad,Theft,206,79204,Cloudy,195,2.22,5,18.5975,73.7637,High,18-10-2025
Pune,Hadapsar,Theft,10,161533,Cloudy,199,11.88,4,18.5089,73.9259,Low,20-01-2024
Chhatrapati Sambhajinagar,CIDCO,Theft,147,184379,Sunny,126,5.5,6,19.889,75.32,Medium,17-03-2024
Nagpur,Dharampeth,Burglary,52,99405,Cloudy,85,9.4,11,21.129,79.0588,Low,29-05-2024
Mumbai,Bandra,Fraud,126,49098,Cloudy,113,2.1,12,19.0596,72.8295,Medium,19-09-2025
Chhatrapati Sambhajinagar,Aurangpura,Theft,214,90548,Foggy,205,9.27,9,19.8762,75.3433,High,20-02-2025
Mumbai,Bandra,Burglary,186,183991,Cloudy,143,14.94,9,19.0596,72.8295,High,29-09-2024
Nagpur,Shankar Nagar,Burglary,233,36577,Cloudy,122,9.87,8,21.127,79.06,High,16-07-2025
Nagpur,Dharampeth,Fraud,167,102290,Cloudy,188,8.28,1,21.129,79.0588,High,08-04-2025
Mumbai,Dadar,Robbery,131,120221,Rainy,111,4.99,11,19.0178,72.8478,Medium,06-04-2026
Pune,Baner,Robbery,87,173945,Cloudy,141,8.27,1,18.559,73.7868,Medium,30-12-2024
Mumbai,Dadar,Burglary,175,176700,Foggy,26,7.3,12,19.0178,72.8478,High,09-05-2024
Pune,Hinjewadi,Fraud,138,69229,Cloudy,39,10.17,11,18.5912,73.7389,Medium,12-07-2025
Chhatrapati Sambhajinagar,Aurangpura,Theft,150,47959,Cloudy,75,8.67,8,19.8762,75.3433,Medium,09-08-2025
Nashik,Gangapur Road,Burglary,161,148076,Rainy,210,2.41,1,20.011,73.75,High,19-05-2024
Nagpur,Sadar,Burglary,103,190063,Cloudy,205,3.16,1,21.1642,79.0821,Medium,23-10-2025
Nagpur,Lakadganj,Fraud,235,180422,Cloudy,157,13.75,1,21.1505,79.1155,High,22-06-2024
Nagpur,Sadar,Theft,14,82163,Cloudy,82,6.77,7,21.1642,79.0821,Low,30-04-2025
Chhatrapati Sambhajinagar,Aurangpura,Robbery,118,84185,Sunny,129,8.43,3,19.8762,75.3433,Medium,16-06-2025
Nashik,Nashik Road,Robbery,196,138731,Foggy,22,2.98,1,19.9975,73.7898,High,31-07-2025
Chhatrapati Sambhajinagar,Osmanpura,Theft,194,38522,Sunny,35,4.02,3,19.87,75.33,High,19-04-2025
Nagpur,Shankar Nagar,Cyber Crime,211,101690,Foggy,133,14.85,9,21.127,79.06,High,01-09-2025
Pune,Baner,Fraud,224,114714,Rainy,213,4.48,2,18.559,73.7868,High,03-03-2026
Pune,Shivaji Nagar,Cyber Crime,162,119864,Foggy,93,11.19,9,18.5308,73.8475,High,09-08-2024
Chhatrapati Sambhajinagar,CIDCO,Robbery,146,72118,Foggy,89,3.42,2,19.889,75.32,Medium,15-06-2024
Pune,Kothrud,Fraud,34,72740,Rainy,199,10.05,10,18.5074,73.8077,Low,03-11-2024
Chhatrapati Sambhajinagar,Aurangpura,Burglary,31,89210,Foggy,35,4.81,5,19.8762,75.3433,Low,21-03-2025
Nashik,CIDCO,Assault,19,138453,Foggy,139,9.01,6,19.9667,73.7667,Low,02-06-2026
Mumbai,Borivali,Burglary,218,77662,Cloudy,5,9.57,10,19.2307,72.8567,High,19-03-2024
Chhatrapati Sambhajinagar,CIDCO,Burglary,241,149774,Sunny,28,3.15,1,19.889,75.32,High,24-05-2024
Pune,Hinjewadi,Fraud,178,132625,Sunny,55,7.75,1,18.5912,73.7389,High,02-01-2026
Chhatrapati Sambhajinagar,CIDCO,Cyber Crime,24,66106,Sunny,75,12.98,9,19.889,75.32,Low,15-04-2026
Mumbai,Colaba,Assault,105,126566,Rainy,164,4.17,9,18.9067,72.8147,Medium,18-06-2025
Nagpur,Civil Lines,Robbery,69,158571,Foggy,137,7.76,5,21.153,79.072,Low,08-05-2026
Pune,Kothrud,Robbery,65,49779,Sunny,9,2.92,4,18.5074,73.8077,Low,30-06-2024
Pune,Baner,Fraud,135,118671,Foggy,76,9.06,9,18.559,73.7868,Medium,27-11-2025
Nagpur,Jaripatka,Cyber Crime,109,128616,Rainy,168,14.97,7,21.1801,79.0955,Medium,07-12-2025
Nashik,CIDCO,Assault,52,43592,Foggy,60,10.65,8,19.9667,73.7667,Low,06-08-2025
Nashik,Gangapur Road,Fraud,213,116434,Rainy,15,5.63,12,20.011,73.75,High,29-10-2024
Chhatrapati Sambhajinagar,Aurangpura,Robbery,71,80375,Sunny,184,12.77,7,19.8762,75.3433,Low,01-01-2024
Pune,Hinjewadi,Theft,107,59820,Rainy,118,10.24,12,18.5912,73.7389,Medium,10-01-2024
Nagpur,Civil Lines,Robbery,141,151203,Rainy,74,3.45,5,21.153,79.072,Medium,01-01-2024
Mumbai,Colaba,Assault,74,27135,Foggy,46,10.54,12,18.9067,72.8147,Low,12-04-2026
Mumbai,Colaba,Burglary,179,155127,Sunny,181,5.38,2,18.9067,72.8147,High,08-07-2025
Pune,Hadapsar,Cyber Crime,75,189585,Rainy,42,10.01,3,18.5089,73.9259,Low,12-12-2025
Nashik,CIDCO,Robbery,148,152990,Rainy,206,5.25,2,19.9667,73.7667,Medium,17-03-2026
Pune,Baner,Assault,102,115837,Foggy,151,3.85,2,18.559,73.7868,Medium,17-12-2025
Pune,Wakad,Robbery,78,40019,Foggy,194,5.06,12,18.5975,73.7637,Medium,31-05-2024
Nagpur,Jaripatka,Theft,92,44501,Rainy,200,11.69,11,21.1801,79.0955,Medium,07-01-2026
Pune,Hinjewadi,Burglary,22,96298,Rainy,199,4.78,2,18.5912,73.7389,Low,29-12-2024
Mumbai,Bandra,Theft,128,31681,Rainy,144,11.28,10,19.0596,72.8295,Medium,24-09-2024
Chhatrapati Sambhajinagar,Osmanpura,Theft,105,133796,Rainy,90,10.5,7,19.87,75.33,Medium,03-08-2024
Pune,Shivaji Nagar,Theft,38,133281,Cloudy,156,14.83,10,18.5308,73.8475,Low,22-02-2024
Pune,Hadapsar,Cyber Crime,103,115490,Sunny,49,6.88,4,18.5089,73.9259,Medium,01-02-2025
Nagpur,Lakadganj,Robbery,59,40281,Cloudy,26,9.93,9,21.1505,79.1155,Low,30-05-2024
Chhatrapati Sambhajinagar,CIDCO,Assault,101,44358,Cloudy,71,2.75,2,19.889,75.32,Medium,15-08-2024
Nashik,Nashik Road,Cyber Crime,127,89522,Rainy,95,13.61,3,19.9975,73.7898,Medium,16-07-2024
Nashik,Nashik Road,Burglary,66,178718,Sunny,132,10.61,1,19.9975,73.7898,Low,26-01-2024
Nagpur,Shankar Nagar,Fraud,227,66486,Cloudy,7,4.93,4,21.127,79.06,High,20-11-2025
Mumbai,Powai,Theft,34,167250,Rainy,27,14.28,11,19.1176,72.906,Low,07-02-2026
Chhatrapati Sambhajinagar,Osmanpura,Burglary,66,88215,Cloudy,26,12.51,9,19.87,75.33,Low,17-06-2026
Mumbai,Bandra,Robbery,19,68540,Rainy,89,12.61,3,19.0596,72.8295,Low,09-02-2025
Nagpur,Sitabuldi,Assault,125,73953,Foggy,85,13.36,10,21.1458,79.0882,Medium,20-07-2024
Nagpur,Shankar Nagar,Cyber Crime,191,137505,Sunny,120,6.88,7,21.127,79.06,High,03-03-2026
Nagpur,Sitabuldi,Fraud,248,181385,Cloudy,147,5.02,3,21.1458,79.0882,High,27-03-2026
Mumbai,Dadar,Cyber Crime,181,143037,Foggy,103,14.54,7,19.0178,72.8478,High,27-04-2025
Mumbai,Powai,Robbery,75,151553,Foggy,73,12.06,11,19.1176,72.906,Low,28-01-2026
Nagpur,Sitabuldi,Burglary,167,54699,Sunny,200,5.52,9,21.1458,79.0882,High,02-06-2024
Nashik,CIDCO,Burglary,45,65043,Rainy,110,3.16,3,19.9667,73.7667,Low,12-11-2025
Chhatrapati Sambhajinagar,Aurangpura,Theft,157,35457,Foggy,163,14.72,9,19.8762,75.3433,High,19-03-2025
Chhatrapati Sambhajinagar,Osmanpura,Robbery,95,181586,Rainy,176,14.38,11,19.87,75.33,Medium,26-03-2024
Nagpur,Civil Lines,Assault,48,178083,Cloudy,132,3.02,7,21.153,79.072,Low,27-04-2024
Nagpur,Sadar,Robbery,131,128593,Sunny,52,9.17,8,21.1642,79.0821,Medium,29-04-2026
Chhatrapati Sambhajinagar,Osmanpura,Burglary,157,96100,Sunny,162,5.27,3,19.87,75.33,High,18-10-2025
Nashik,Nashik Road,Theft,164,77755,Sunny,43,4.82,12,19.9975,73.7898,High,04-02-2026
Nashik,Nashik Road,Fraud,167,168593,Cloudy,144,13.48,6,19.9975,73.7898,High,03-09-2025
Pune,Baner,Assault,242,185142,Cloudy,56,11.49,6,18.559,73.7868,High,25-10-2025
Nagpur,Sitabuldi,Fraud,212,83105,Sunny,105,10.79,11,21.1458,79.0882,High,16-04-2025
Mumbai,Powai,Cyber Crime,197,114943,Rainy,160,3.64,2,19.1176,72.906,High,28-05-2024
Chhatrapati Sambhajinagar,Aurangpura,Assault,227,62912,Sunny,78,6.77,1,19.8762,75.3433,High,13-10-2024
Mumbai,Powai,Fraud,112,154610,Sunny,95,12.23,6,19.1176,72.906,Medium,28-09-2025
Mumbai,Andheri,Robbery,73,138161,Sunny,26,4.37,7,19.1136,72.8697,Low,03-11-2024
Pune,Shivaji Nagar,Burglary,204,161252,Foggy,41,14.03,1,18.5308,73.8475,High,14-02-2024
Nashik,Gangapur Road,Burglary,37,42957,Foggy,127,2.56,4,20.011,73.75,Low,08-12-2025
Nashik,CIDCO,Theft,229,134786,Foggy,154,11.66,5,19.9667,73.7667,High,14-06-2025
Nashik,CIDCO,Assault,217,125176,Rainy,158,7.93,4,19.9667,73.7667,High,30-05-2025
Pune,Kothrud,Fraud,223,160453,Foggy,171,2.71,6,18.5074,73.8077,High,25-10-2025
Chhatrapati Sambhajinagar,Aurangpura,Assault,136,63636,Cloudy,193,13.71,3,19.8762,75.3433,Medium,06-02-2024
Pune,Shivaji Nagar,Burglary,190,120310,Foggy,14,11.43,2,18.5308,73.8475,High,14-06-2026
Nagpur,Jaripatka,Burglary,56,131161,Sunny,39,8.52,11,21.1801,79.0955,Low,28-06-2024
Chhatrapati Sambhajinagar,CIDCO,Fraud,136,115430,Cloudy,171,13.05,7,19.889,75.32,Medium,26-10-2025
Nashik,Nashik Road,Cyber Crime,110,148086,Foggy,32,13.82,1,19.9975,73.7898,Medium,20-04-2025
Mumbai,Borivali,Burglary,61,168600,Rainy,115,10.51,6,19.2307,72.8567,Low,23-09-2024
Pune,Kothrud,Burglary,220,72289,Cloudy,142,11.48,7,18.5074,73.8077,High,06-01-2026
Pune,Baner,Assault,66,173707,Rainy,138,11.57,2,18.559,73.7868,Low,16-12-2024
Nagpur,Jaripatka,Burglary,176,55074,Foggy,95,4.19,10,21.1801,79.0955,High,03-08-2025
Mumbai,Powai,Assault,157,190748,Cloudy,198,7.19,9,19.1176,72.906,High,07-03-2026
Mumbai,Colaba,Assault,191,71027,Sunny,187,7.58,6,18.9067,72.8147,High,22-11-2024
Chhatrapati Sambhajinagar,Aurangpura,Robbery,89,194459,Foggy,164,4.57,5,19.8762,75.3433,Medium,09-10-2024
Chhatrapati Sambhajinagar,Aurangpura,Cyber Crime,91,164967,Foggy,196,5.3,7,19.8762,75.3433,Medium,24-01-2024
Nagpur,Shankar Nagar,Burglary,188,176538,Rainy,73,4.01,12,21.127,79.06,High,20-03-2026
Chhatrapati Sambhajinagar,CIDCO,Assault,107,47771,Foggy,101,5.66,6,19.889,75.32,Medium,05-04-2025
Chhatrapati Sambhajinagar,CIDCO,Fraud,76,196884,Foggy,13,4.68,5,19.889,75.32,Medium,27-07-2025
Nashik,CIDCO,Assault,110,189723,Sunny,208,14.3,7,19.9667,73.7667,Medium,26-06-2024
Nashik,Gangapur Road,Robbery,184,117424,Rainy,198,14.25,6,20.011,73.75,High,05-07-2024
Nagpur,Shankar Nagar,Fraud,135,148605,Rainy,84,11.93,2,21.127,79.06,Medium,09-05-2025
Nagpur,Lakadganj,Robbery,218,174387,Foggy,37,3.99,6,21.1505,79.1155,High,25-05-2025
Chhatrapati Sambhajinagar,Aurangpura,Burglary,93,125049,Rainy,55,13.18,8,19.8762,75.3433,Medium,23-08-2025
Pune,Hadapsar,Assault,196,169916,Foggy,9,2.69,4,18.5089,73.9259,High,24-02-2024
Pune,Hadapsar,Cyber Crime,188,41040,Cloudy,18,13.91,2,18.5089,73.9259,High,02-07-2024
Mumbai,Bandra,Cyber Crime,111,78568,Cloudy,207,10.45,12,19.0596,72.8295,Medium,15-01-2026
Mumbai,Dadar,Robbery,108,39160,Foggy,115,6.25,6,19.0178,72.8478,Medium,31-12-2025
Mumbai,Borivali,Fraud,153,189344,Sunny,66,12.11,1,19.2307,72.8567,High,24-08-2024
Chhatrapati Sambhajinagar,CIDCO,Assault,199,68396,Rainy,193,13.36,2,19.889,75.32,High,14-02-2024
Pune,Shivaji Nagar,Burglary,200,187746,Rainy,103,5.51,7,18.5308,73.8475,High,02-08-2025
Chhatrapati Sambhajinagar,Aurangpura,Robbery,43,44830,Cloudy,6,14.37,5,19.8762,75.3433,Low,06-12-2025
Pune,Shivaji Nagar,Robbery,80,110253,Sunny,150,9.2,8,18.5308,73.8475,Medium,03-06-2026
Nagpur,Sitabuldi,Assault,108,61947,Foggy,7,14.62,8,21.1458,79.0882,Medium,09-01-2026
Pune,Kothrud,Assault,133,136318,Rainy,130,12.71,8,18.5074,73.8077,Medium,12-02-2026
Mumbai,Borivali,Robbery,198,162078,Cloudy,137,14.3,10,19.2307,72.8567,High,02-04-2025
Nagpur,Sitabuldi,Burglary,210,103178,Foggy,36,13.55,1,21.1458,79.0882,High,17-10-2025
Nashik,CIDCO,Assault,131,87331,Sunny,84,9.46,2,19.9667,73.7667,Medium,20-01-2024
Chhatrapati Sambhajinagar,CIDCO,Robbery,148,87573,Foggy,171,14.19,9,19.889,75.32,Medium,13-03-2024
Nagpur,Civil Lines,Robbery,178,38607,Cloudy,163,3.51,12,21.153,79.072,High,04-03-2024
Nashik,CIDCO,Assault,187,107768,Rainy,146,5.22,7,19.9667,73.7667,High,24-01-2024
Nashik,Gangapur Road,Cyber Crime,229,58743,Cloudy,88,3.97,5,20.011,73.75,High,17-10-2025
Chhatrapati Sambhajinagar,Osmanpura,Burglary,223,42304,Cloudy,43,2.95,10,19.87,75.33,High,08-06-2026
Chhatrapati Sambhajinagar,Aurangpura,Fraud,211,114806,Rainy,114,11.32,3,19.8762,75.3433,High,01-01-2026
Nashik,Gangapur Road,Cyber Crime,13,26073,Rainy,6,6.09,1,20.011,73.75,Low,13-02-2026
Chhatrapati Sambhajinagar,Aurangpura,Assault,204,80159,Rainy,46,6.13,10,19.8762,75.3433,High,18-04-2024
Mumbai,Bandra,Burglary,101,156577,Sunny,126,13.47,1,19.0596,72.8295,Medium,10-02-2026
Nagpur,Jaripatka,Theft,127,137952,Cloudy,216,4.14,5,21.1801,79.0955,Medium,25-03-2025
Pune,Shivaji Nagar,Robbery,218,162216,Cloudy,111,12.87,8,18.5308,73.8475,High,11-05-2025
Nagpur,Jaripatka,Burglary,163,125173,Cloudy,44,8.79,11,21.1801,79.0955,High,17-07-2025
Pune,Kothrud,Theft,120,196982,Rainy,207,9.52,7,18.5074,73.8077,Medium,23-07-2025
Pune,Hadapsar,Cyber Crime,29,193315,Cloudy,197,8.81,11,18.5089,73.9259,Low,26-05-2026
Nagpur,Sadar,Assault,93,199104,Foggy,130,13.76,6,21.1642,79.0821,Medium,09-06-2026
Pune,Baner,Cyber Crime,158,115723,Sunny,191,11.09,2,18.559,73.7868,High,05-11-2025
Nashik,Gangapur Road,Fraud,239,79574,Rainy,65,8.15,2,20.011,73.75,High,26-02-2026
Nashik,Nashik Road,Assault,230,42428,Sunny,193,8.4,2,19.9975,73.7898,High,05-01-2026
Pune,Shivaji Nagar,Robbery,116,114007,Cloudy,137,14.09,3,18.5308,73.8475,Medium,12-12-2025
Nashik,CIDCO,Burglary,98,179498,Rainy,94,9.7,12,19.9667,73.7667,Medium,29-07-2024
Nashik,Nashik Road,Assault,174,167785,Rainy,185,7.43,4,19.9975,73.7898,High,07-03-2025
Pune,Baner,Robbery,130,171232,Rainy,150,7.39,8,18.559,73.7868,Medium,14-01-2026
Nagpur,Shankar Nagar,Assault,19,108679,Foggy,49,5.29,4,21.127,79.06,Low,19-04-2024
Mumbai,Andheri,Robbery,151,89442,Rainy,152,5.65,9,19.1136,72.8697,High,11-09-2024
Nagpur,Dharampeth,Robbery,167,103751,Cloudy,44,4.29,12,21.129,79.0588,High,01-10-2024
Nagpur,Jaripatka,Burglary,47,32686,Cloudy,56,3.39,11,21.1801,79.0955,Low,28-08-2025
Nagpur,Civil Lines,Cyber Crime,88,189218,Rainy,200,6.89,2,21.153,79.072,Medium,06-01-2026
Pune,Hinjewadi,Robbery,190,69575,Cloudy,117,13.07,3,18.5912,73.7389,High,27-03-2025
Chhatrapati Sambhajinagar,Aurangpura,Fraud,11,26855,Cloudy,62,7.03,6,19.8762,75.3433,Low,21-05-2025
Nashik,Nashik Road,Cyber Crime,106,133009,Rainy,54,9.07,12,19.9975,73.7898,Medium,01-12-2025
Nashik,Nashik Road,Cyber Crime,96,164087,Cloudy,173,5.71,4,19.9975,73.7898,Medium,20-05-2025
Nashik,Gangapur Road,Cyber Crime,213,121116,Rainy,6,11.02,2,20.011,73.75,High,21-06-2025
Nagpur,Civil Lines,Assault,17,170711,Foggy,206,2.06,12,21.153,79.072,Low,25-06-2024
Chhatrapati Sambhajinagar,Aurangpura,Assault,190,64966,Foggy,87,6.29,8,19.8762,75.3433,High,11-08-2024
Nagpur,Shankar Nagar,Robbery,243,56390,Sunny,14,6.28,2,21.127,79.06,High,10-12-2025
Nagpur,Lakadganj,Assault,104,179806,Rainy,145,2.41,12,21.1505,79.1155,Medium,23-12-2024
Nagpur,Shankar Nagar,Theft,101,197585,Foggy,160,4.72,1,21.127,79.06,Medium,06-05-2026
Chhatrapati Sambhajinagar,Aurangpura,Robbery,161,74290,Cloudy,84,10.14,12,19.8762,75.3433,High,20-03-2025
Pune,Hinjewadi,Theft,34,154500,Rainy,6,14.74,6,18.5912,73.7389,Low,28-05-2025
Mumbai,Powai,Burglary,16,96894,Sunny,158,5.12,3,19.1176,72.906,Low,31-05-2026
Nashik,Nashik Road,Theft,71,115640,Cloudy,9,14.51,8,19.9975,73.7898,Low,25-05-2025
Chhatrapati Sambhajinagar,Aurangpura,Robbery,182,161594,Sunny,52,13.72,10,19.8762,75.3433,High,14-01-2026
Chhatrapati Sambhajinagar,Aurangpura,Burglary,199,99217,Cloudy,22,5.85,7,19.8762,75.3433,High,24-07-2024
Chhatrapati Sambhajinagar,Aurangpura,Fraud,93,107754,Foggy,70,6.2,3,19.8762,75.3433,Medium,14-12-2024
Pune,Hinjewadi,Fraud,95,82163,Cloudy,23,9.07,7,18.5912,73.7389,Medium,20-07-2025
Nagpur,Sadar,Robbery,127,132114,Cloudy,214,3.34,11,21.1642,79.0821,Medium,17-12-2024
Nagpur,Sitabuldi,Theft,243,101670,Foggy,61,7.09,6,21.1458,79.0882,High,01-05-2025
Chhatrapati Sambhajinagar,Aurangpura,Theft,147,174730,Sunny,122,8.84,8,19.8762,75.3433,Medium,23-02-2025
Mumbai,Borivali,Theft,59,39432,Sunny,29,10.3,6,19.2307,72.8567,Low,23-03-2026
Mumbai,Colaba,Cyber Crime,53,146980,Cloudy,112,5.05,9,18.9067,72.8147,Low,21-06-2024
Mumbai,Bandra,Fraud,43,196673,Foggy,78,8.41,8,19.0596,72.8295,Low,16-02-2026
Nagpur,Sitabuldi,Assault,222,184541,Cloudy,167,2.81,12,21.1458,79.0882,High,29-01-2026
Nashik,Nashik Road,Burglary,178,47455,Foggy,181,3.15,6,19.9975,73.7898,High,07-12-2024
Nagpur,Civil Lines,Theft,199,157611,Cloudy,168,13.62,4,21.153,79.072,High,17-09-2025
Nagpur,Jaripatka,Assault,241,56669,Rainy,135,9.05,10,21.1801,79.0955,High,24-05-2024
Pune,Hadapsar,Robbery,166,47803,Foggy,57,10.07,2,18.5089,73.9259,High,22-12-2025
Nagpur,Sadar,Theft,126,88678,Cloudy,111,7.96,2,21.1642,79.0821,Medium,09-05-2024
Nagpur,Civil Lines,Burglary,149,80323,Sunny,147,7.43,2,21.153,79.072,Medium,02-04-2026
Mumbai,Bandra,Theft,245,117937,Foggy,144,13.24,11,19.0596,72.8295,High,20-09-2024
Chhatrapati Sambhajinagar,CIDCO,Cyber Crime,49,169988,Foggy,17,3.65,11,19.889,75.32,Low,10-02-2025
Chhatrapati Sambhajinagar,CIDCO,Robbery,135,32565,Foggy,127,4.25,7,19.889,75.32,Medium,25-07-2025
Mumbai,Andheri,Theft,62,89735,Foggy,73,4.46,4,19.1136,72.8697,Low,15-02-2024
Nashik,Nashik Road,Assault,80,134555,Rainy,52,3.82,5,19.9975,73.7898,Medium,23-02-2025
Chhatrapati Sambhajinagar,Aurangpura,Burglary,69,38917,Foggy,142,9.01,12,19.8762,75.3433,Low,13-03-2026
Mumbai,Bandra,Assault,123,127171,Rainy,170,7.27,9,19.0596,72.8295,Medium,15-07-2025
Chhatrapati Sambhajinagar,Osmanpura,Burglary,228,67428,Foggy,158,14.95,12,19.87,75.33,High,06-11-2025
Pune,Baner,Assault,241,176232,Rainy,32,8.17,12,18.559,73.7868,High,04-07-2025
Chhatrapati Sambhajinagar,Osmanpura,Cyber Crime,130,160141,Sunny,30,11.92,12,19.87,75.33,Medium,20-02-2025
Nashik,Nashik Road,Burglary,89,96668,Rainy,122,14.05,6,19.9975,73.7898,Medium,09-05-2025
Pune,Hadapsar,Cyber Crime,167,55124,Cloudy,114,13.1,3,18.5089,73.9259,High,17-12-2025
Nashik,Nashik Road,Theft,204,81881,Foggy,135,6.6,10,19.9975,73.7898,High,08-06-2026
Nagpur,Shankar Nagar,Assault,52,110592,Sunny,131,7.69,1,21.127,79.06,Low,12-06-2026
Pune,Hinjewadi,Cyber Crime,56,153517,Cloudy,126,5.61,10,18.5912,73.7389,Low,06-11-2025
Nashik,Nashik Road,Assault,129,127455,Sunny,96,2.35,9,19.9975,73.7898,Medium,04-08-2025
Nagpur,Sadar,Theft,15,196437,Rainy,5,12.21,5,21.1642,79.0821,Low,13-05-2025
Mumbai,Powai,Theft,28,70153,Rainy,214,13.52,12,19.1176,72.906,Low,23-05-2025
Mumbai,Bandra,Fraud,181,89296,Cloudy,140,5.84,7,19.0596,72.8295,High,20-11-2025
Pune,Wakad,Burglary,146,163663,Foggy,125,9.45,1,18.5975,73.7637,Medium,30-03-2025
Mumbai,Dadar,Burglary,122,70347,Sunny,55,4.31,10,19.0178,72.8478,Medium,01-12-2025
Nagpur,Dharampeth,Theft,78,100438,Sunny,126,10.75,8,21.129,79.0588,Medium,02-12-2024
Pune,Shivaji Nagar,Robbery,244,154227,Rainy,193,14.34,6,18.5308,73.8475,High,09-03-2025
Nashik,CIDCO,Cyber Crime,194,105321,Sunny,136,12.73,1,19.9667,73.7667,High,10-01-2025
Nashik,Nashik Road,Burglary,168,126749,Rainy,10,13.77,7,19.9975,73.7898,High,07-10-2025
Nashik,CIDCO,Burglary,68,175491,Foggy,184,7.08,10,19.9667,73.7667,Low,07-05-2025
Nagpur,Civil Lines,Robbery,70,156714,Foggy,68,5.89,8,21.153,79.072,Low,09-11-2024
Nagpur,Civil Lines,Robbery,127,140202,Cloudy,20,5.49,9,21.153,79.072,Medium,12-06-2025
Pune,Shivaji Nagar,Fraud,128,132150,Foggy,152,4.03,5,18.5308,73.8475,Medium,09-11-2025
Chhatrapati Sambhajinagar,Osmanpura,Robbery,236,127235,Cloudy,110,2.04,2,19.87,75.33,High,04-01-2024
Nashik,Nashik Road,Fraud,19,75750,Foggy,33,8.45,11,19.9975,73.7898,Low,12-09-2025
Pune,Baner,Assault,48,169121,Cloudy,71,13.23,9,18.559,73.7868,Low,21-01-2024
Pune,Baner,Assault,18,82704,Foggy,180,14.55,8,18.559,73.7868,Low,02-02-2024
Chhatrapati Sambhajinagar,Osmanpura,Assault,242,87987,Cloudy,160,6.59,8,19.87,75.33,High,13-06-2025
Chhatrapati Sambhajinagar,CIDCO,Fraud,113,90339,Foggy,165,13.68,2,19.889,75.32,Medium,23-04-2025
Nashik,Nashik Road,Theft,193,155361,Rainy,183,7.73,11,19.9975,73.7898,High,08-05-2025
Pune,Shivaji Nagar,Cyber Crime,226,88810,Foggy,217,13.37,1,18.5308,73.8475,High,10-09-2024
Mumbai,Borivali,Assault,206,36716,Cloudy,149,2.29,2,19.2307,72.8567,High,04-09-2025
Mumbai,Dadar,Cyber Crime,41,152438,Rainy,74,7.01,1,19.0178,72.8478,Low,10-05-2026
Mumbai,Powai,Theft,133,90142,Cloudy,112,5.37,6,19.1176,72.906,Medium,01-02-2026
Pune,Kothrud,Theft,51,188551,Foggy,75,13.16,7,18.5074,73.8077,Low,10-05-2026
Mumbai,Borivali,Fraud,36,124069,Cloudy,214,8.9,5,19.2307,72.8567,Low,31-12-2024
Nashik,CIDCO,Fraud,113,168738,Foggy,31,6.4,11,19.9667,73.7667,Medium,26-02-2025
Nagpur,Sadar,Assault,137,26304,Rainy,171,8.06,3,21.1642,79.0821,Medium,17-10-2024
Mumbai,Dadar,Assault,195,124130,Cloudy,53,12.36,9,19.0178,72.8478,High,06-11-2024
Nagpur,Civil Lines,Assault,90,173845,Rainy,124,5.51,4,21.153,79.072,Medium,26-07-2024
Nagpur,Dharampeth,Burglary,177,86189,Sunny,20,9.41,7,21.129,79.0588,High,12-09-2025
Nashik,Nashik Road,Assault,132,42886,Cloudy,151,10.17,10,19.9975,73.7898,Medium,13-03-2025
Pune,Kothrud,Burglary,91,40344,Sunny,138,7.04,3,18.5074,73.8077,Medium,04-05-2024
Pune,Kothrud,Assault,61,199130,Sunny,192,12.42,3,18.5074,73.8077,Low,31-03-2026
Nashik,Nashik Road,Theft,20,127905,Foggy,50,11.27,10,19.9975,73.7898,Low,24-04-2024
Chhatrapati Sambhajinagar,Aurangpura,Burglary,166,50955,Cloudy,218,11.89,9,19.8762,75.3433,High,28-03-2025
Pune,Hadapsar,Burglary,222,39685,Sunny,43,4.29,11,18.5089,73.9259,High,16-12-2025
Nashik,CIDCO,Cyber Crime,39,77265,Sunny,155,8.96,10,19.9667,73.7667,Low,31-07-2025
Nashik,CIDCO,Cyber Crime,154,133914,Rainy,169,7.67,1,19.9667,73.7667,High,19-01-2025
Nagpur,Lakadganj,Cyber Crime,207,113146,Sunny,220,5.07,11,21.1505,79.1155,High,31-07-2025
Nagpur,Shankar Nagar,Burglary,211,32664,Sunny,167,8.52,3,21.127,79.06,High,04-09-2025
Mumbai,Colaba,Cyber Crime,180,157057,Rainy,219,13.31,5,18.9067,72.8147,High,09-12-2025
Nagpur,Jaripatka,Fraud,19,36701,Cloudy,17,13.88,6,21.1801,79.0955,Low,02-03-2025
Nashik,CIDCO,Assault,195,128534,Sunny,83,6.01,10,19.9667,73.7667,High,05-06-2026
Nagpur,Sitabuldi,Theft,89,72751,Foggy,81,12.59,3,21.1458,79.0882,Medium,12-05-2024
Chhatrapati Sambhajinagar,CIDCO,Assault,139,106820,Rainy,165,6.08,2,19.889,75.32,Medium,12-10-2025
Nashik,CIDCO,Theft,58,50160,Cloudy,151,4.2,2,19.9667,73.7667,Low,07-11-2025
Mumbai,Colaba,Robbery,35,70763,Cloudy,161,4.67,5,18.9067,72.8147,Low,23-04-2026
Nagpur,Jaripatka,Assault,118,28263,Foggy,119,2.63,3,21.1801,79.0955,Medium,08-05-2026
Chhatrapati Sambhajinagar,Osmanpura,Burglary,102,159136,Foggy,219,4.19,10,19.87,75.33,Medium,04-12-2024
Mumbai,Dadar,Cyber Crime,249,146941,Foggy,24,9.17,4,19.0178,72.8478,High,14-09-2025
Chhatrapati Sambhajinagar,CIDCO,Cyber Crime,209,162015,Foggy,173,3.79,11,19.889,75.32,High,18-05-2026
Mumbai,Andheri,Burglary,48,113849,Sunny,183,14.81,3,19.1136,72.8697,Low,29-08-2024
Mumbai,Dadar,Robbery,212,72270,Cloudy,188,8.72,6,19.0178,72.8478,High,28-01-2024
Nagpur,Sitabuldi,Fraud,196,140422,Cloudy,38,8.47,6,21.1458,79.0882,High,17-09-2024
Nashik,CIDCO,Assault,112,82000,Rainy,100,14.72,6,19.9667,73.7667,Medium,14-04-2026
Pune,Kothrud,Assault,116,36382,Cloudy,204,10.61,5,18.5074,73.8077,Medium,07-12-2024
Pune,Kothrud,Burglary,127,85869,Foggy,57,2.68,3,18.5074,73.8077,Medium,02-01-2026
Mumbai,Bandra,Fraud,34,123892,Cloudy,41,10.96,7,19.0596,72.8295,Low,15-05-2024
Pune,Shivaji Nagar,Assault,27,30945,Foggy,140,12.66,1,18.5308,73.8475,Low,08-04-2024
Mumbai,Andheri,Cyber Crime,80,151980,Foggy,111,12.56,6,19.1136,72.8697,Medium,31-03-2025
Nashik,CIDCO,Robbery,88,179487,Cloudy,27,6.12,3,19.9667,73.7667,Medium,15-01-2024
Chhatrapati Sambhajinagar,Osmanpura,Robbery,89,143273,Cloudy,37,13.38,8,19.87,75.33,Medium,16-10-2024
Nagpur,Sitabuldi,Fraud,90,136489,Cloudy,199,14.82,10,21.1458,79.0882,Medium,13-04-2024
Nagpur,Jaripatka,Assault,127,181918,Cloudy,151,9.65,11,21.1801,79.0955,Medium,23-02-2024
Mumbai,Colaba,Cyber Crime,130,69115,Rainy,43,9.64,2,18.9067,72.8147,Medium,24-06-2024
Mumbai,Bandra,Assault,42,72779,Cloudy,46,10.45,8,19.0596,72.8295,Low,09-05-2025
Chhatrapati Sambhajinagar,Osmanpura,Cyber Crime,151,174926,Foggy,178,9.36,9,19.87,75.33,High,22-07-2024
Pune,Kothrud,Theft,10,110905,Rainy,149,4.86,11,18.5074,73.8077,Low,10-10-2024
Mumbai,Andheri,Assault,27,162142,Foggy,220,2.32,8,19.1136,72.8697,Low,22-03-2025
Nagpur,Civil Lines,Robbery,197,120085,Foggy,18,8.38,6,21.153,79.072,High,01-02-2025
Mumbai,Dadar,Theft,209,45398,Sunny,194,3.59,9,19.0178,72.8478,High,24-02-2025
Nagpur,Sitabuldi,Burglary,158,111834,Sunny,152,6.87,7,21.1458,79.0882,High,19-06-2024
Chhatrapati Sambhajinagar,Osmanpura,Cyber Crime,240,130203,Rainy,147,3.19,12,19.87,75.33,High,24-11-2025
Nagpur,Shankar Nagar,Theft,50,128585,Rainy,124,10.1,5,21.127,79.06,Low,29-04-2025
Chhatrapati Sambhajinagar,Osmanpura,Theft,60,29362,Sunny,159,2.8,10,19.87,75.33,Low,23-09-2024
Mumbai,Borivali,Assault,45,46887,Sunny,8,10.2,3,19.2307,72.8567,Low,20-09-2025
Pune,Hinjewadi,Robbery,57,118509,Rainy,104,8.55,4,18.5912,73.7389,Low,25-03-2024
Nagpur,Dharampeth,Burglary,102,110878,Cloudy,171,7.5,3,21.129,79.0588,Medium,23-06-2025
Nashik,Nashik Road,Assault,245,132961,Sunny,18,6.52,7,19.9975,73.7898,High,26-09-2025
Chhatrapati Sambhajinagar,CIDCO,Robbery,210,112835,Sunny,26,9.29,10,19.889,75.32,High,08-02-2024
Nagpur,Lakadganj,Burglary,236,49342,Cloudy,211,6.3,3,21.1505,79.1155,High,23-03-2025
Nagpur,Sadar,Robbery,49,27461,Cloudy,192,10.27,5,21.1642,79.0821,Low,14-04-2025
Nashik,Gangapur Road,Fraud,53,156615,Cloudy,169,8.19,7,20.011,73.75,Low,14-12-2024
Chhatrapati Sambhajinagar,CIDCO,Theft,191,170132,Cloudy,100,10.82,3,19.889,75.32,High,06-12-2025
Mumbai,Bandra,Robbery,70,41283,Sunny,122,7.49,9,19.0596,72.8295,Low,11-07-2025
Nashik,Gangapur Road,Theft,18,82268,Foggy,141,4.04,4,20.011,73.75,Low,12-02-2025
Mumbai,Borivali,Fraud,210,38583,Cloudy,18,5.19,3,19.2307,72.8567,High,27-08-2024
Nagpur,Dharampeth,Robbery,19,179074,Rainy,72,4.13,5,21.129,79.0588,Low,11-09-2024
Nashik,Gangapur Road,Burglary,79,72848,Cloudy,93,14.02,7,20.011,73.75,Medium,29-03-2025
Chhatrapati Sambhajinagar,Aurangpura,Burglary,220,44009,Cloudy,21,5.38,5,19.8762,75.3433,High,01-10-2024
Mumbai,Dadar,Fraud,26,82386,Cloudy,132,6.76,1,19.0178,72.8478,Low,15-04-2026
Pune,Kothrud,Cyber Crime,192,104384,Cloudy,43,13.56,1,18.5074,73.8077,High,07-09-2024
Mumbai,Andheri,Burglary,54,170378,Foggy,148,2.48,1,19.1136,72.8697,Low,01-03-2024
Nagpur,Sitabuldi,Fraud,177,72718,Rainy,206,6.3,1,21.1458,79.0882,High,29-06-2024
Pune,Hadapsar,Burglary,14,34055,Sunny,34,6.52,12,18.5089,73.9259,Low,10-05-2026
Pune,Shivaji Nagar,Robbery,75,186155,Cloudy,188,7.3,10,18.5308,73.8475,Low,29-12-2024
Pune,Hadapsar,Assault,136,73272,Cloudy,210,13.95,11,18.5089,73.9259,Medium,09-09-2024
Mumbai,Powai,Theft,114,97703,Foggy,66,13.89,2,19.1176,72.906,Medium,12-07-2025
Pune,Wakad,Robbery,70,173902,Sunny,218,12.47,11,18.5975,73.7637,Low,27-11-2025
Nashik,CIDCO,Fraud,156,124053,Sunny,220,13.1,4,19.9667,73.7667,High,24-12-2025
Nagpur,Civil Lines,Assault,214,137802,Rainy,64,14.77,2,21.153,79.072,High,11-03-2025
Nagpur,Sadar,Burglary,140,178579,Foggy,189,2.87,10,21.1642,79.0821,Medium,20-04-2026
Nashik,Gangapur Road,Cyber Crime,72,79320,Rainy,74,9,5,20.011,73.75,Low,23-06-2024
Nagpur,Shankar Nagar,Cyber Crime,215,45564,Cloudy,134,5.53,7,21.127,79.06,High,28-07-2025
Chhatrapati Sambhajinagar,CIDCO,Assault,48,138262,Cloudy,49,5.75,11,19.889,75.32,Low,28-05-2024
Mumbai,Colaba,Assault,177,178045,Sunny,57,11.04,4,18.9067,72.8147,High,29-11-2024
Nashik,CIDCO,Burglary,111,118506,Rainy,185,9.18,9,19.9667,73.7667,Medium,18-06-2024
Chhatrapati Sambhajinagar,CIDCO,Burglary,171,176789,Foggy,132,14.34,4,19.889,75.32,High,10-10-2025
Nagpur,Shankar Nagar,Theft,198,101093,Rainy,107,6.51,1,21.127,79.06,High,07-06-2024
Nagpur,Sadar,Cyber Crime,153,84596,Rainy,16,10.26,3,21.1642,79.0821,High,07-04-2026
Pune,Kothrud,Cyber Crime,65,56684,Cloudy,163,10.82,5,18.5074,73.8077,Low,02-02-2025
Mumbai,Borivali,Fraud,241,50462,Cloudy,116,4.88,10,19.2307,72.8567,High,01-10-2025
Pune,Wakad,Cyber Crime,88,88211,Rainy,7,6.67,10,18.5975,73.7637,Medium,08-05-2024
Mumbai,Andheri,Theft,206,54614,Sunny,123,10.34,4,19.1136,72.8697,High,21-11-2024
Nashik,Gangapur Road,Burglary,105,27642,Rainy,29,8.79,6,20.011,73.75,Medium,04-09-2025
Nashik,Nashik Road,Theft,127,102656,Foggy,179,2.66,7,19.9975,73.7898,Medium,05-04-2026
Mumbai,Borivali,Burglary,81,138721,Cloudy,56,5.04,1,19.2307,72.8567,Medium,17-05-2025
Mumbai,Colaba,Cyber Crime,113,78548,Foggy,59,4.76,11,18.9067,72.8147,Medium,10-05-2025
Chhatrapati Sambhajinagar,Aurangpura,Robbery,159,136774,Foggy,173,12.38,1,19.8762,75.3433,High,30-03-2024
Nagpur,Jaripatka,Fraud,180,134559,Sunny,207,12.13,6,21.1801,79.0955,High,24-10-2024
Pune,Kothrud,Burglary,180,154628,Foggy,79,9.41,7,18.5074,73.8077,High,15-05-2025
Nashik,CIDCO,Theft,176,94204,Foggy,170,12.81,11,19.9667,73.7667,High,07-10-2025
Nagpur,Jaripatka,Theft,170,91608,Rainy,9,3.65,7,21.1801,79.0955,High,19-06-2026
Chhatrapati Sambhajinagar,Aurangpura,Burglary,210,133579,Foggy,195,2.62,1,19.8762,75.3433,High,01-11-2024
Nagpur,Lakadganj,Fraud,13,153035,Sunny,60,5.22,2,21.1505,79.1155,Low,03-03-2024
Pune,Shivaji Nagar,Burglary,140,177045,Rainy,25,3.02,3,18.5308,73.8475,Medium,10-08-2024
Chhatrapati Sambhajinagar,Osmanpura,Robbery,120,30451,Foggy,142,6.4,9,19.87,75.33,Medium,17-02-2025
Mumbai,Borivali,Burglary,140,26061,Foggy,15,9.37,8,19.2307,72.8567,Medium,25-11-2025
Nagpur,Sitabuldi,Theft,119,116386,Sunny,86,12.48,10,21.1458,79.0882,Medium,24-09-2024
Mumbai,Powai,Cyber Crime,36,27491,Sunny,70,7.53,12,19.1176,72.906,Low,23-04-2024
Nashik,Nashik Road,Robbery,60,136999,Sunny,163,12.37,1,19.9975,73.7898,Low,03-01-2024
Nashik,Nashik Road,Burglary,149,130428,Sunny,103,11.89,1,19.9975,73.7898,Medium,20-03-2026
Nagpur,Lakadganj,Burglary,125,139623,Sunny,74,4.3,11,21.1505,79.1155,Medium,11-02-2026
Nashik,Nashik Road,Robbery,237,180257,Sunny,112,8.85,4,19.9975,73.7898,High,05-02-2024
Pune,Kothrud,Cyber Crime,199,34750,Sunny,176,13.91,4,18.5074,73.8077,High,08-12-2024
Nashik,Nashik Road,Fraud,53,121099,Rainy,178,5.57,7,19.9975,73.7898,Low,14-06-2025
Nagpur,Dharampeth,Cyber Crime,154,178067,Sunny,125,12.37,4,21.129,79.0588,High,14-01-2026
Chhatrapati Sambhajinagar,CIDCO,Burglary,248,142867,Rainy,9,4.64,3,19.889,75.32,High,28-06-2024
Pune,Hinjewadi,Fraud,41,197830,Foggy,89,10.55,2,18.5912,73.7389,Low,14-02-2026
Pune,Baner,Assault,60,66344,Sunny,211,4.85,11,18.559,73.7868,Low,02-08-2024
Chhatrapati Sambhajinagar,Osmanpura,Theft,60,172009,Cloudy,38,11.68,1,19.87,75.33,Low,03-10-2025
Chhatrapati Sambhajinagar,CIDCO,Robbery,17,173584,Sunny,217,5.63,4,19.889,75.32,Low,27-10-2025
Nashik,Gangapur Road,Assault,17,88542,Foggy,124,7.5,1,20.011,73.75,Low,08-12-2025
Mumbai,Borivali,Assault,159,116233,Rainy,112,4.67,11,19.2307,72.8567,High,21-02-2025
Nashik,CIDCO,Robbery,83,107944,Cloudy,22,13.38,1,19.9667,73.7667,Medium,27-01-2026
Mumbai,Bandra,Assault,122,175378,Sunny,216,9.28,9,19.0596,72.8295,Medium,16-01-2026
Pune,Hinjewadi,Burglary,77,185396,Sunny,107,4.87,1,18.5912,73.7389,Medium,03-12-2024
Mumbai,Borivali,Fraud,147,180993,Sunny,36,5.13,6,19.2307,72.8567,Medium,11-04-2024
Mumbai,Dadar,Robbery,212,68032,Sunny,156,5.5,12,19.0178,72.8478,High,29-07-2024
Pune,Wakad,Assault,156,176190,Sunny,157,6.64,9,18.5975,73.7637,High,29-09-2024
Nashik,Gangapur Road,Theft,44,160716,Cloudy,47,2.78,9,20.011,73.75,Low,16-02-2026
Nagpur,Sitabuldi,Fraud,161,153962,Sunny,12,12.79,11,21.1458,79.0882,High,20-12-2025
Chhatrapati Sambhajinagar,Aurangpura,Cyber Crime,126,161889,Foggy,129,9.7,6,19.8762,75.3433,Medium,23-06-2024
Nagpur,Dharampeth,Assault,222,70901,Cloudy,192,9.41,10,21.129,79.0588,High,07-03-2025
Nagpur,Lakadganj,Burglary,189,158580,Rainy,89,10.35,4,21.1505,79.1155,High,29-03-2026
Mumbai,Dadar,Burglary,168,198397,Rainy,135,10.13,5,19.0178,72.8478,High,22-04-2024
Mumbai,Andheri,Cyber Crime,148,74495,Sunny,71,9.56,3,19.1136,72.8697,Medium,03-05-2024
Nagpur,Sitabuldi,Fraud,113,43765,Sunny,117,9.76,8,21.1458,79.0882,Medium,28-04-2026
Chhatrapati Sambhajinagar,CIDCO,Theft,237,145485,Foggy,83,9.86,8,19.889,75.32,High,09-11-2025
Chhatrapati Sambhajinagar,Osmanpura,Theft,182,84678,Rainy,151,12.42,1,19.87,75.33,High,04-06-2025
Nashik,Gangapur Road,Cyber Crime,240,33693,Foggy,33,4.02,1,20.011,73.75,High,18-03-2025
Nagpur,Shankar Nagar,Theft,139,55893,Sunny,15,11.57,1,21.127,79.06,Medium,29-11-2025
Nashik,CIDCO,Fraud,219,101193,Rainy,80,12.12,1,19.9667,73.7667,High,20-05-2026
Nashik,CIDCO,Cyber Crime,23,167075,Sunny,112,10.62,4,19.9667,73.7667,Low,11-12-2024
Pune,Kothrud,Fraud,197,189259,Rainy,134,6.68,12,18.5074,73.8077,High,31-05-2025
Pune,Hadapsar,Fraud,201,167747,Cloudy,106,11.33,8,18.5089,73.9259,High,31-12-2024
Mumbai,Dadar,Robbery,22,198571,Sunny,32,11.51,11,19.0178,72.8478,Low,12-12-2025
Mumbai,Bandra,Burglary,49,103866,Sunny,8,10.84,8,19.0596,72.8295,Low,23-04-2024
Chhatrapati Sambhajinagar,Aurangpura,Theft,172,139618,Foggy,99,2.79,7,19.8762,75.3433,High,03-03-2025
Nagpur,Shankar Nagar,Assault,23,104127,Foggy,88,2.12,7,21.127,79.06,Low,20-04-2026
Nashik,Nashik Road,Robbery,218,185450,Cloudy,76,9.75,10,19.9975,73.7898,High,21-04-2024
Nagpur,Sitabuldi,Cyber Crime,108,158730,Rainy,159,13.2,3,21.1458,79.0882,Medium,14-09-2024
Mumbai,Powai,Theft,229,156658,Foggy,58,10.68,12,19.1176,72.906,High,10-07-2024
Nagpur,Shankar Nagar,Assault,69,32324,Sunny,214,5.36,4,21.127,79.06,Low,08-07-2024
Nashik,CIDCO,Assault,15,69421,Foggy,84,14.36,5,19.9667,73.7667,Low,06-01-2025
Mumbai,Borivali,Burglary,146,51018,Cloudy,150,14.12,5,19.2307,72.8567,Medium,27-01-2024
Pune,Hadapsar,Fraud,108,185224,Sunny,130,12.47,2,18.5089,73.9259,Medium,29-12-2025
Mumbai,Powai,Fraud,74,66725,Rainy,126,12.59,7,19.1176,72.906,Low,17-01-2026
Chhatrapati Sambhajinagar,CIDCO,Cyber Crime,206,79880,Cloudy,151,2.45,8,19.889,75.32,High,30-08-2025
Nagpur,Dharampeth,Fraud,192,145655,Foggy,217,13.02,8,21.129,79.0588,High,21-05-2026
Nashik,Gangapur Road,Robbery,74,34222,Rainy,126,8.93,7,20.011,73.75,Low,27-03-2026
Nashik,Nashik Road,Robbery,178,59791,Rainy,61,4.6,9,19.9975,73.7898,High,29-04-2026
Pune,Wakad,Theft,134,183992,Foggy,48,2.99,12,18.5975,73.7637,Medium,07-01-2025
Nashik,Gangapur Road,Theft,242,57192,Cloudy,71,14.31,3,20.011,73.75,High,13-06-2026
Pune,Wakad,Fraud,231,156346,Rainy,192,5.55,8,18.5975,73.7637,High,20-06-2025
Nashik,Gangapur Road,Theft,241,152067,Cloudy,184,3.99,2,20.011,73.75,High,14-11-2024
Mumbai,Powai,Assault,195,98256,Sunny,181,5.89,1,19.1176,72.906,High,20-06-2025
Chhatrapati Sambhajinagar,Aurangpura,Cyber Crime,24,196965,Foggy,114,5.03,1,19.8762,75.3433,Low,09-10-2024
Pune,Wakad,Assault,16,139749,Rainy,138,8.69,1,18.5975,73.7637,Low,07-05-2026
Mumbai,Powai,Burglary,95,115442,Sunny,71,11.74,2,19.1176,72.906,Medium,06-10-2024
Nashik,Gangapur Road,Cyber Crime,136,77576,Sunny,206,13.68,6,20.011,73.75,Medium,14-01-2026
Chhatrapati Sambhajinagar,Aurangpura,Robbery,152,110425,Sunny,158,9.17,10,19.8762,75.3433,High,22-07-2025
Nashik,CIDCO,Burglary,219,95680,Cloudy,108,8.01,7,19.9667,73.7667,High,23-06-2025
Nagpur,Sadar,Robbery,103,72064,Rainy,158,4.1,5,21.1642,79.0821,Medium,24-10-2024
Nashik,CIDCO,Assault,177,115293,Foggy,142,4.21,8,19.9667,73.7667,High,12-03-2025
Nashik,Nashik Road,Assault,93,85177,Sunny,16,14.1,2,19.9975,73.7898,Medium,08-01-2024
Mumbai,Dadar,Robbery,183,37736,Rainy,6,8.62,12,19.0178,72.8478,High,09-11-2025
Pune,Hadapsar,Burglary,239,77271,Cloudy,176,10.07,11,18.5089,73.9259,High,04-06-2024
Chhatrapati Sambhajinagar,CIDCO,Burglary,165,174922,Cloudy,174,12,4,19.889,75.32,High,14-12-2024
Nashik,CIDCO,Assault,18,153810,Rainy,170,12.13,11,19.9667,73.7667,Low,18-03-2026
Nagpur,Sitabuldi,Fraud,243,72503,Foggy,105,8.23,10,21.1458,79.0882,High,04-02-2026
Nashik,CIDCO,Theft,235,78421,Rainy,7,3.1,9,19.9667,73.7667,High,05-02-2026
Nashik,Nashik Road,Fraud,223,176740,Rainy,21,5.86,6,19.9975,73.7898,High,26-07-2024
Nashik,Nashik Road,Assault,33,91800,Cloudy,32,11.2,12,19.9975,73.7898,Low,02-04-2024
Nashik,CIDCO,Assault,234,25542,Cloudy,43,10.47,10,19.9667,73.7667,High,29-09-2025
Pune,Hinjewadi,Fraud,91,168945,Cloudy,66,7.68,8,18.5912,73.7389,Medium,31-12-2024
Pune,Hinjewadi,Cyber Crime,35,83663,Cloudy,156,3.95,8,18.5912,73.7389,Low,15-04-2026
Pune,Wakad,Burglary,61,149259,Foggy,189,11.05,9,18.5975,73.7637,Low,28-07-2025
Pune,Baner,Robbery,105,33500,Foggy,94,4.53,3,18.559,73.7868,Medium,28-04-2026
Chhatrapati Sambhajinagar,Osmanpura,Theft,192,164302,Cloudy,151,9.26,9,19.87,75.33,High,12-02-2024
Nashik,CIDCO,Burglary,135,43221,Cloudy,12,14.84,5,19.9667,73.7667,Medium,07-07-2024
Nashik,Nashik Road,Theft,157,108163,Rainy,137,2.93,12,19.9975,73.7898,High,21-01-2025
Mumbai,Borivali,Fraud,27,146459,Sunny,58,4.85,2,19.2307,72.8567,Low,21-03-2024
Mumbai,Dadar,Cyber Crime,242,104881,Foggy,198,7.25,2,19.0178,72.8478,High,01-06-2026
Nashik,CIDCO,Theft,238,114038,Foggy,120,2.97,7,19.9667,73.7667,High,26-10-2024
Nagpur,Civil Lines,Assault,250,128409,Sunny,189,7.76,9,21.153,79.072,High,03-11-2025
Chhatrapati Sambhajinagar,Osmanpura,Burglary,115,107549,Foggy,109,7.13,4,19.87,75.33,Medium,06-06-2026
Chhatrapati Sambhajinagar,Osmanpura,Theft,192,31766,Sunny,191,9.11,7,19.87,75.33,High,21-06-2025
Nashik,CIDCO,Theft,62,51914,Cloudy,209,8.81,2,19.9667,73.7667,Low,06-10-2025
Nagpur,Shankar Nagar,Cyber Crime,165,161858,Cloudy,29,10.64,6,21.127,79.06,High,30-09-2024
Mumbai,Borivali,Robbery,191,84756,Rainy,40,4.71,11,19.2307,72.8567,High,25-07-2025
Nagpur,Jaripatka,Cyber Crime,14,73116,Rainy,179,12.78,9,21.1801,79.0955,Low,23-08-2025
Nagpur,Dharampeth,Cyber Crime,11,188666,Sunny,56,7.13,10,21.129,79.0588,Low,14-06-2025
Pune,Hinjewadi,Robbery,194,115411,Foggy,171,5.72,3,18.5912,73.7389,High,29-05-2026
Chhatrapati Sambhajinagar,Osmanpura,Burglary,172,100382,Rainy,199,9.63,6,19.87,75.33,High,19-01-2026
Nagpur,Civil Lines,Robbery,170,50099,Foggy,103,2.52,12,21.153,79.072,High,25-10-2024
Nagpur,Civil Lines,Cyber Crime,115,87955,Rainy,85,13.64,11,21.153,79.072,Medium,21-07-2025
Pune,Wakad,Theft,30,39117,Cloudy,210,9.78,7,18.5975,73.7637,Low,17-11-2025
Chhatrapati Sambhajinagar,Osmanpura,Robbery,117,33506,Cloudy,74,4.02,11,19.87,75.33,Medium,14-06-2024
Mumbai,Borivali,Burglary,197,53335,Sunny,220,13.69,4,19.2307,72.8567,High,09-03-2025
Mumbai,Borivali,Robbery,172,176749,Cloudy,39,6.74,11,19.2307,72.8567,High,19-03-2025
Mumbai,Colaba,Fraud,110,186617,Foggy,199,2.94,11,18.9067,72.8147,Medium,01-08-2025
Pune,Shivaji Nagar,Theft,59,99459,Rainy,60,10.71,8,18.5308,73.8475,Low,03-10-2025
Pune,Shivaji Nagar,Assault,185,25514,Foggy,96,11.83,2,18.5308,73.8475,High,29-09-2024
Chhatrapati Sambhajinagar,Aurangpura,Assault,79,145114,Sunny,121,14.92,6,19.8762,75.3433,Medium,18-06-2025
Chhatrapati Sambhajinagar,Aurangpura,Fraud,49,129601,Cloudy,101,2.94,11,19.8762,75.3433,Low,12-04-2026
Mumbai,Dadar,Robbery,71,106539,Sunny,14,14.85,5,19.0178,72.8478,Low,21-06-2025
Pune,Shivaji Nagar,Burglary,157,43052,Foggy,143,4.9,9,18.5308,73.8475,High,01-02-2024
Pune,Kothrud,Theft,222,155134,Foggy,176,7.88,9,18.5074,73.8077,High,13-05-2026
Chhatrapati Sambhajinagar,Aurangpura,Theft,96,148099,Rainy,179,2.89,6,19.8762,75.3433,Medium,12-09-2025
Nashik,Nashik Road,Fraud,14,79809,Cloudy,170,5.79,7,19.9975,73.7898,Low,10-03-2024
Mumbai,Bandra,Assault,161,164686,Foggy,159,8.88,12,19.0596,72.8295,High,01-04-2026
Pune,Baner,Cyber Crime,171,35394,Rainy,91,3.33,12,18.559,73.7868,High,09-08-2025
Mumbai,Dadar,Assault,183,198523,Sunny,157,12.8,2,19.0178,72.8478,High,01-04-2025
Pune,Kothrud,Burglary,55,95105,Cloudy,157,11.41,11,18.5074,73.8077,Low,02-11-2024
Pune,Shivaji Nagar,Assault,115,27396,Foggy,103,13.91,2,18.5308,73.8475,Medium,24-05-2025
Pune,Shivaji Nagar,Burglary,153,101467,Sunny,66,12.28,6,18.5308,73.8475,High,16-07-2024
Pune,Wakad,Assault,197,144981,Cloudy,58,2.11,8,18.5975,73.7637,High,31-03-2026
Nagpur,Lakadganj,Fraud,58,148510,Rainy,40,13.03,4,21.1505,79.1155,Low,14-08-2024
Mumbai,Dadar,Cyber Crime,250,78939,Cloudy,207,9.35,2,19.0178,72.8478,High,04-08-2025
Mumbai,Powai,Assault,181,139177,Sunny,216,14.21,7,19.1176,72.906,High,06-04-2026
Chhatrapati Sambhajinagar,Aurangpura,Burglary,217,74999,Sunny,21,12.67,6,19.8762,75.3433,High,19-02-2024
Pune,Hadapsar,Cyber Crime,250,118359,Foggy,91,3.98,3,18.5089,73.9259,High,01-07-2024
Pune,Baner,Robbery,154,194641,Cloudy,105,8.37,6,18.559,73.7868,High,31-01-2024
Nashik,Gangapur Road,Burglary,250,180753,Foggy,158,3.68,7,20.011,73.75,High,09-03-2024
Mumbai,Dadar,Theft,241,132636,Foggy,12,5.23,1,19.0178,72.8478,High,11-10-2025
Nashik,Gangapur Road,Cyber Crime,80,126248,Foggy,169,10.18,8,20.011,73.75,Medium,01-10-2024
Pune,Baner,Theft,51,137078,Sunny,165,6.96,5,18.559,73.7868,Low,24-12-2025
Nashik,Nashik Road,Assault,34,97540,Foggy,211,9.79,9,19.9975,73.7898,Low,17-07-2024
Mumbai,Borivali,Theft,183,129159,Foggy,86,7.77,5,19.2307,72.8567,High,06-04-2024
Nagpur,Shankar Nagar,Burglary,198,38048,Cloudy,101,5.86,1,21.127,79.06,High,01-10-2024
Nashik,CIDCO,Theft,120,91699,Foggy,113,5.14,2,19.9667,73.7667,Medium,02-04-2025
Pune,Kothrud,Theft,54,32967,Foggy,82,5.86,11,18.5074,73.8077,Low,11-05-2025
Nagpur,Lakadganj,Robbery,134,154302,Foggy,101,8.14,4,21.1505,79.1155,Medium,06-07-2024
Chhatrapati Sambhajinagar,Aurangpura,Burglary,23,81043,Sunny,95,7.85,2,19.8762,75.3433,Low,06-01-2026
Nashik,CIDCO,Burglary,139,184160,Foggy,35,14.16,4,19.9667,73.7667,Medium,31-08-2024
Pune,Hinjewadi,Assault,18,180893,Foggy,66,6.98,4,18.5912,73.7389,Low,15-05-2025
Nashik,CIDCO,Cyber Crime,89,34920,Foggy,7,6.01,9,19.9667,73.7667,Medium,27-01-2025
Pune,Wakad,Robbery,190,31073,Cloudy,52,14.44,1,18.5975,73.7637,High,21-01-2026
Nagpur,Shankar Nagar,Robbery,161,159497,Rainy,125,5.51,12,21.127,79.06,High,07-05-2024
Nagpur,Jaripatka,Assault,219,26927,Rainy,81,2.97,8,21.1801,79.0955,High,11-12-2025
Nagpur,Lakadganj,Fraud,26,79500,Rainy,64,2.43,12,21.1505,79.1155,Low,21-05-2026
Mumbai,Colaba,Robbery,60,94570,Rainy,66,5.36,12,18.9067,72.8147,Low,03-03-2026
Pune,Wakad,Robbery,18,114582,Cloudy,14,13.23,1,18.5975,73.7637,Low,27-09-2025
Mumbai,Colaba,Burglary,104,41979,Sunny,127,2.98,2,18.9067,72.8147,Medium,07-04-2024
Nagpur,Shankar Nagar,Theft,175,186644,Sunny,52,2.89,7,21.127,79.06,High,15-01-2025
Mumbai,Dadar,Fraud,47,125792,Rainy,120,13.06,2,19.0178,72.8478,Low,19-06-2024
Nashik,Nashik Road,Robbery,60,176315,Foggy,136,14.95,7,19.9975,73.7898,Low,30-09-2024
Nagpur,Lakadganj,Cyber Crime,17,140828,Rainy,41,6.97,4,21.1505,79.1155,Low,19-05-2024
Nashik,Nashik Road,Assault,108,159486,Sunny,59,8.65,10,19.9975,73.7898,Medium,23-11-2024
Nagpur,Shankar Nagar,Theft,106,47263,Sunny,183,7.19,1,21.127,79.06,Medium,25-05-2026
Chhatrapati Sambhajinagar,CIDCO,Fraud,88,133415,Rainy,214,3.22,2,19.889,75.32,Medium,05-05-2026
Nashik,Gangapur Road,Theft,240,143152,Sunny,60,8.81,5,20.011,73.75,High,20-10-2025
Nashik,Nashik Road,Theft,12,113568,Sunny,45,2.33,8,19.9975,73.7898,Low,08-11-2025
Chhatrapati Sambhajinagar,CIDCO,Robbery,244,73018,Foggy,63,14.8,7,19.889,75.32,High,17-07-2025
Mumbai,Andheri,Fraud,62,110461,Cloudy,91,2.15,2,19.1136,72.8697,Low,25-10-2025
Chhatrapati Sambhajinagar,Aurangpura,Burglary,61,170519,Foggy,45,2.05,1,19.8762,75.3433,Low,27-05-2026
Chhatrapati Sambhajinagar,Osmanpura,Theft,197,40096,Rainy,166,8.1,9,19.87,75.33,High,14-04-2024
Nashik,Nashik Road,Theft,175,119755,Rainy,195,8.87,8,19.9975,73.7898,High,05-03-2024
Chhatrapati Sambhajinagar,Aurangpura,Robbery,23,165684,Foggy,70,2.77,11,19.8762,75.3433,Low,28-02-2024
Mumbai,Andheri,Robbery,192,120495,Cloudy,215,9.16,11,19.1136,72.8697,High,12-10-2025
Mumbai,Andheri,Burglary,128,143743,Cloudy,22,3.15,7,19.1136,72.8697,Medium,08-12-2025
Mumbai,Andheri,Theft,165,158657,Foggy,67,12.43,10,19.1136,72.8697,High,17-01-2025
Chhatrapati Sambhajinagar,CIDCO,Theft,154,77907,Cloudy,55,5.23,5,19.889,75.32,High,10-02-2025
Pune,Wakad,Fraud,69,55536,Foggy,110,13.82,8,18.5975,73.7637,Low,19-01-2025
Nashik,CIDCO,Cyber Crime,83,61574,Foggy,164,7.03,3,19.9667,73.7667,Medium,24-09-2024
Nashik,Gangapur Road,Burglary,180,197113,Rainy,46,9.96,8,20.011,73.75,High,24-12-2025
Pune,Hadapsar,Theft,56,25153,Sunny,176,10,8,18.5089,73.9259,Low,23-11-2025
Pune,Baner,Theft,102,82828,Foggy,139,6.49,3,18.559,73.7868,Medium,12-12-2025
Nashik,Nashik Road,Cyber Crime,239,152657,Foggy,33,4.67,9,19.9975,73.7898,High,14-04-2026
Nagpur,Lakadganj,Robbery,191,49790,Foggy,219,6.95,2,21.1505,79.1155,High,14-06-2024
Pune,Baner,Fraud,153,122700,Sunny,198,14.79,9,18.559,73.7868,High,12-01-2026
Nagpur,Lakadganj,Assault,181,58065,Rainy,180,14.49,1,21.1505,79.1155,High,29-10-2025
Mumbai,Powai,Assault,237,125440,Cloudy,159,9.54,7,19.1176,72.906,High,10-09-2025
Chhatrapati Sambhajinagar,Osmanpura,Cyber Crime,39,149854,Rainy,83,2.64,6,19.87,75.33,Low,14-09-2024
Chhatrapati Sambhajinagar,CIDCO,Theft,26,100228,Cloudy,100,9.95,9,19.889,75.32,Low,04-02-2026
Mumbai,Bandra,Burglary,126,118263,Sunny,116,6.84,3,19.0596,72.8295,Medium,20-01-2024
Nashik,CIDCO,Burglary,185,39809,Rainy,29,12.16,4,19.9667,73.7667,High,04-08-2024
Nashik,Gangapur Road,Robbery,232,42759,Foggy,196,5.32,7,20.011,73.75,High,21-10-2024
Mumbai,Colaba,Assault,130,171643,Sunny,215,13.27,11,18.9067,72.8147,Medium,28-11-2024
Pune,Wakad,Theft,55,48830,Sunny,206,10.28,7,18.5975,73.7637,Low,06-06-2025
Mumbai,Powai,Cyber Crime,171,81777,Foggy,174,9.22,4,19.1176,72.906,High,05-03-2025
Pune,Hinjewadi,Fraud,53,55337,Foggy,76,13.35,4,18.5912,73.7389,Low,18-12-2024
Chhatrapati Sambhajinagar,CIDCO,Fraud,183,199088,Rainy,107,5.61,1,19.889,75.32,High,12-11-2025
Chhatrapati Sambhajinagar,CIDCO,Theft,237,149559,Sunny,23,7.28,8,19.889,75.32,High,23-04-2026
Nashik,Nashik Road,Robbery,213,75382,Sunny,25,6.69,1,19.9975,73.7898,High,12-05-2024
Mumbai,Borivali,Theft,220,77712,Sunny,92,3.55,8,19.2307,72.8567,High,10-08-2024
Chhatrapati Sambhajinagar,CIDCO,Theft,153,143183,Sunny,73,12.28,8,19.889,75.32,High,24-07-2024
Nagpur,Civil Lines,Assault,171,164193,Foggy,191,5.02,8,21.153,79.072,High,01-02-2026
Nagpur,Sitabuldi,Burglary,143,77244,Rainy,139,13.69,10,21.1458,79.0882,Medium,14-08-2024
Mumbai,Powai,Theft,99,72280,Rainy,62,11.99,12,19.1176,72.906,Medium,18-03-2025
Pune,Hadapsar,Burglary,15,51744,Cloudy,162,3.75,10,18.5089,73.9259,Low,09-05-2025
Nagpur,Sitabuldi,Fraud,231,157329,Rainy,100,14.68,10,21.1458,79.0882,High,20-01-2026
Pune,Baner,Burglary,30,117326,Foggy,110,4.76,10,18.559,73.7868,Low,14-08-2024
Nashik,CIDCO,Fraud,19,127408,Sunny,140,12.86,9,19.9667,73.7667,Low,14-11-2024
Nagpur,Lakadganj,Cyber Crime,40,28750,Rainy,89,9.83,3,21.1505,79.1155,Low,24-07-2024
Mumbai,Colaba,Burglary,120,122748,Sunny,167,10.88,10,18.9067,72.8147,Medium,10-09-2025
Nagpur,Civil Lines,Burglary,100,171027,Rainy,213,2.84,6,21.153,79.072,Medium,21-06-2025
Nagpur,Sitabuldi,Assault,176,188935,Foggy,16,12.37,6,21.1458,79.0882,High,23-04-2024
Mumbai,Dadar,Burglary,104,63109,Foggy,116,14.26,9,19.0178,72.8478,Medium,14-04-2024
Nagpur,Lakadganj,Fraud,249,183128,Rainy,139,10.53,6,21.1505,79.1155,High,07-06-2025
Nagpur,Lakadganj,Assault,84,150570,Rainy,201,11.76,7,21.1505,79.1155,Medium,06-05-2024
Chhatrapati Sambhajinagar,Aurangpura,Burglary,173,113325,Sunny,154,12.69,6,19.8762,75.3433,High,12-05-2024
Pune,Hinjewadi,Theft,231,58736,Foggy,51,9.1,6,18.5912,73.7389,High,22-05-2025
Mumbai,Borivali,Burglary,232,64214,Rainy,85,5.42,8,19.2307,72.8567,High,28-07-2024
Mumbai,Colaba,Cyber Crime,199,30557,Sunny,166,5.12,7,18.9067,72.8147,High,24-09-2025
Nashik,CIDCO,Burglary,179,155263,Cloudy,83,10.84,7,19.9667,73.7667,High,04-07-2024
Nashik,Nashik Road,Assault,12,159404,Cloudy,144,3.48,7,19.9975,73.7898,Low,10-01-2025
Nashik,Gangapur Road,Theft,83,46453,Cloudy,28,14.15,12,20.011,73.75,Medium,07-01-2026
Chhatrapati Sambhajinagar,CIDCO,Robbery,123,160730,Sunny,186,13.47,9,19.889,75.32,Medium,21-09-2024
Pune,Shivaji Nagar,Fraud,73,192726,Rainy,88,5.99,3,18.5308,73.8475,Low,16-02-2024
Nagpur,Sadar,Assault,139,43709,Sunny,91,12.97,6,21.1642,79.0821,Medium,22-08-2025
Chhatrapati Sambhajinagar,Osmanpura,Robbery,81,132883,Cloudy,180,10.99,5,19.87,75.33,Medium,15-06-2025
Nashik,CIDCO,Theft,118,81315,Foggy,114,8.45,1,19.9667,73.7667,Medium,03-03-2024
Nagpur,Dharampeth,Assault,215,99034,Sunny,69,14.04,9,21.129,79.0588,High,22-03-2025
Pune,Baner,Robbery,151,71749,Cloudy,142,11.68,9,18.559,73.7868,High,27-03-2024
Nashik,CIDCO,Burglary,191,34534,Rainy,38,10.72,2,19.9667,73.7667,High,25-01-2024
Mumbai,Dadar,Assault,151,151622,Foggy,211,7.07,7,19.0178,72.8478,High,21-04-2026
Nashik,CIDCO,Fraud,151,36111,Rainy,150,11.5,8,19.9667,73.7667,High,28-04-2025
Pune,Hadapsar,Fraud,158,138759,Cloudy,143,13.88,6,18.5089,73.9259,High,01-05-2026
Mumbai,Colaba,Assault,33,109344,Rainy,152,11.1,11,18.9067,72.8147,Low,25-01-2025
Chhatrapati Sambhajinagar,Osmanpura,Burglary,187,68164,Sunny,99,5.67,11,19.87,75.33,High,09-01-2026
Nashik,Nashik Road,Assault,232,67404,Cloudy,114,7.6,2,19.9975,73.7898,High,31-10-2024
Pune,Wakad,Cyber Crime,78,164120,Foggy,178,12.88,7,18.5975,73.7637,Medium,07-12-2025
Chhatrapati Sambhajinagar,Aurangpura,Cyber Crime,143,188649,Foggy,177,7.18,10,19.8762,75.3433,Medium,21-02-2026
Nagpur,Sitabuldi,Robbery,176,154933,Foggy,60,11.8,5,21.1458,79.0882,High,19-03-2024
Nagpur,Lakadganj,Burglary,124,50272,Foggy,5,13.41,2,21.1505,79.1155,Medium,03-05-2024
Mumbai,Borivali,Fraud,190,27830,Foggy,191,2.82,12,19.2307,72.8567,High,20-06-2024
Nashik,Gangapur Road,Fraud,166,177569,Sunny,191,9.56,10,20.011,73.75,High,08-06-2024
Pune,Hinjewadi,Cyber Crime,203,143274,Cloudy,25,5.51,4,18.5912,73.7389,High,21-03-2025
Chhatrapati Sambhajinagar,CIDCO,Theft,218,45803,Rainy,82,9.8,10,19.889,75.32,High,25-11-2024
Pune,Hinjewadi,Robbery,51,107330,Foggy,26,13.48,5,18.5912,73.7389,Low,05-03-2026
Nagpur,Dharampeth,Fraud,10,170934,Rainy,80,7.54,6,21.129,79.0588,Low,29-05-2025
Nagpur,Dharampeth,Assault,166,91006,Cloudy,204,12.51,7,21.129,79.0588,High,02-05-2025
Nagpur,Sadar,Robbery,245,163591,Foggy,43,7.87,7,21.1642,79.0821,High,30-04-2025
Mumbai,Andheri,Fraud,238,68753,Sunny,190,2.79,2,19.1136,72.8697,High,09-01-2024
Mumbai,Bandra,Cyber Crime,181,97950,Rainy,103,12.98,6,19.0596,72.8295,High,20-01-2025
Mumbai,Colaba,Cyber Crime,197,195834,Sunny,162,9.63,2,18.9067,72.8147,High,30-11-2025
Nashik,Nashik Road,Robbery,223,41804,Sunny,96,9.9,9,19.9975,73.7898,High,19-02-2024
Chhatrapati Sambhajinagar,CIDCO,Cyber Crime,127,89161,Foggy,74,11.46,12,19.889,75.32,Medium,01-07-2025
Chhatrapati Sambhajinagar,Osmanpura,Cyber Crime,52,176617,Cloudy,156,12.07,7,19.87,75.33,Low,25-06-2024
Nashik,Gangapur Road,Robbery,168,143394,Cloudy,45,14.42,6,20.011,73.75,High,07-02-2026
